{"type":"FeatureCollection","features":[{"type":"Feature","geometry":{"type":"Polygon","coordinates":[[[80.9097,17.6399],[80.9018,17.6417],[80.9043,17.641],[80.9097,17.6399]]]},"properties":{"district_name":"Alluri Sitharama Raju","district_id":"alluri_sitharama_raju","ST_NAME":"Andhra Pradesh"}},{"type":"Feature","geometry":{"type":"Polygon","coordinates":[[[80.9097,17.6399],[80.9181,17.6386],[80.932,17.6346],[80.9438,17.6343],[80.9503,17.6373],[80.9656,17.6476],[80.9732,17.6504],[80.9866,17.6527],[80.9958,17.6523],[81.001,17.65],[81.0075,17.6433],[81.0091,17.6335],[81.0077,17.6229],[81.0062,17.6171],[81.006,17.6098],[81.0077,17.6047],[81.0115,17.6008],[81.0162,17.5986],[81.0262,17.5998],[81.0405,17.6034],[81.0474,17.6067],[81.0514,17.6097],[81.059,17.613],[81.0744,17.6176],[81.088,17.6175],[81.099,17.6165],[81.1059,17.6131],[81.1132,17.608],[81.1198,17.5995],[81.1283,17.591],[81.1366,17.5857],[81.1545,17.5769],[81.1726,17.5694],[81.1861,17.5643],[81.1927,17.5627],[81.203,17.5624],[81.2067,17.5614],[81.2208,17.5605],[81.2282,17.5622],[81.2427,17.5641],[81.2498,17.5636],[81.259,17.5595],[81.2685,17.5478],[81.2774,17.5319],[81.2801,17.5221],[81.283,17.5183],[81.2833,17.5149],[81.286,17.5068],[81.2923,17.4922],[81.297,17.4844],[81.307,17.4818],[81.3213,17.4823],[81.3312,17.4839],[81.338,17.4868],[81.3509,17.4874],[81.3681,17.4851],[81.3743,17.4811],[81.381,17.4727],[81.3916,17.4631],[81.4013,17.4556],[81.4096,17.4529],[81.4239,17.4515],[81.4431,17.4523],[81.4499,17.4538],[81.4805,17.4581],[81.5021,17.4613],[81.5028,17.4636],[81.4949,17.4764],[81.498,17.4809],[81.5051,17.4782],[81.5103,17.4748],[81.5134,17.4708],[81.5154,17.4604],[81.5181,17.4547],[81.5256,17.4465],[81.5278,17.4427],[81.5326,17.4389],[81.5412,17.4365],[81.5529,17.4398],[81.5637,17.4398],[81.5677,17.4361],[81.5747,17.4335],[81.5775,17.4277],[81.5793,17.4162],[81.5813,17.4116],[81.5858,17.4057],[81.5905,17.4056],[81.597,17.4099],[81.6038,17.4113],[81.6089,17.4103],[81.6139,17.4068],[81.6159,17.4002],[81.6096,17.3973],[81.6071,17.3894],[81.6042,17.3756],[81.6058,17.3693],[81.6123,17.3572],[81.6144,17.3499],[81.6107,17.3436],[81.6121,17.3355],[81.6143,17.3312],[81.6179,17.3273],[81.6268,17.3247],[81.6335,17.326],[81.6424,17.3237],[81.6458,17.3212],[81.6636,17.3121],[81.6765,17.3042],[81.6781,17.3015],[81.6794,17.2926],[81.6764,17.289],[81.6717,17.2888],[81.6617,17.2819],[81.6577,17.2713],[81.6602,17.2695],[81.6646,17.2692],[81.6733,17.2643],[81.6725,17.2621],[81.6632,17.2657],[81.6615,17.2642],[81.6659,17.2592],[81.666,17.2553],[81.6735,17.2522],[81.6779,17.2531],[81.6764,17.2582],[81.6801,17.2579],[81.6799,17.2507],[81.687,17.2479],[81.6876,17.2394],[81.6815,17.2352],[81.6819,17.2326],[81.6858,17.231],[81.6947,17.2298],[81.7018,17.2315],[81.7087,17.2247],[81.7195,17.2219],[81.719,17.2263],[81.7169,17.2302],[81.7163,17.235],[81.7205,17.2356],[81.7299,17.2339],[81.7379,17.2355],[81.7413,17.2353],[81.744,17.2386],[81.7485,17.2382],[81.7524,17.234],[81.7582,17.2374],[81.7573,17.2416],[81.7648,17.2471],[81.7665,17.2498],[81.7767,17.2469],[81.7838,17.2479],[81.7862,17.2457],[81.7946,17.2443],[81.8064,17.2462],[81.8075,17.2508],[81.8075,17.2599],[81.8266,17.2582],[81.8272,17.2729],[81.8256,17.2821],[81.8228,17.2883],[81.8259,17.2967],[81.8251,17.3065],[81.8288,17.3095],[81.8341,17.3076],[81.841,17.3099],[81.844,17.3077],[81.846,17.3002],[81.8506,17.298],[81.8547,17.2982],[81.8577,17.2956],[81.8589,17.2894],[81.8633,17.2916],[81.866,17.288],[81.8729,17.2935],[81.8784,17.2931],[81.8819,17.2972],[81.881,17.3042],[81.8783,17.3081],[81.8794,17.313],[81.886,17.3149],[81.8907,17.3179],[81.8953,17.3132],[81.9017,17.3095],[81.9067,17.3091],[81.9107,17.3048],[81.9132,17.3043],[81.9191,17.3082],[81.9242,17.3134],[81.9261,17.3121],[81.9191,17.3022],[81.9204,17.2968],[81.9178,17.2938],[81.9198,17.2917],[81.9166,17.2862],[81.9169,17.2815],[81.9139,17.277],[81.9227,17.2759],[81.9241,17.2803],[81.9391,17.2804],[81.9441,17.2816],[81.9458,17.2849],[81.9513,17.2845],[81.9549,17.2918],[81.9643,17.292],[81.9629,17.2995],[81.9761,17.3027],[81.9741,17.3129],[81.9756,17.3136],[81.9848,17.311],[81.9915,17.3122],[81.9987,17.3088],[82.0052,17.3127],[82.0104,17.3141],[82.014,17.3112],[82.0201,17.3099],[82.0242,17.3112],[82.028,17.3073],[82.0328,17.3051],[82.0349,17.306],[82.0383,17.2986],[82.038,17.2949],[82.0578,17.2992],[82.0594,17.2945],[82.0709,17.3021],[82.0893,17.2978],[82.0903,17.2962],[82.0909,17.2987],[82.0853,17.3025],[82.0812,17.3016],[82.0732,17.3027],[82.0682,17.3044],[82.0638,17.3034],[82.0604,17.3068],[82.0607,17.3102],[82.0536,17.3161],[82.0586,17.3236],[82.059,17.3284],[82.0621,17.3313],[82.0581,17.34],[82.0556,17.3417],[82.0556,17.3478],[82.0596,17.3569],[82.062,17.3594],[82.0614,17.364],[82.0543,17.3659],[82.0515,17.3751],[82.0568,17.3784],[82.0576,17.3828],[82.0617,17.3845],[82.0677,17.3902],[82.0681,17.3861],[82.0702,17.384],[82.0749,17.3847],[82.0769,17.3901],[82.0799,17.3908],[82.0784,17.3948],[82.0726,17.3985],[82.075,17.4007],[82.0818,17.4026],[82.0841,17.3983],[82.0874,17.3885],[82.0918,17.3902],[82.0941,17.3955],[82.0942,17.4001],[82.0985,17.4008],[82.0983,17.3953],[82.0998,17.3933],[82.0981,17.3884],[82.1008,17.3856],[82.1053,17.3848],[82.1085,17.3907],[82.1162,17.392],[82.1177,17.3881],[82.1166,17.3838],[82.1195,17.3828],[82.122,17.3791],[82.1176,17.378],[82.1114,17.3746],[82.1122,17.366],[82.11,17.3636],[82.1062,17.3634],[82.1048,17.3575],[82.0997,17.3549],[82.095,17.3545],[82.0916,17.347],[82.0938,17.3404],[82.1077,17.3388],[82.1071,17.3355],[82.104,17.3326],[82.0993,17.3256],[82.1028,17.3249],[82.1151,17.3288],[82.1142,17.3258],[82.1201,17.3233],[82.1231,17.3234],[82.1222,17.3284],[82.1222,17.3383],[82.1248,17.3448],[82.1314,17.346],[82.1364,17.3436],[82.1402,17.3446],[82.1433,17.343],[82.1526,17.3468],[82.1525,17.3506],[82.1451,17.352],[82.1451,17.3561],[82.1473,17.3617],[82.139,17.3647],[82.1406,17.3677],[82.1465,17.3679],[82.1498,17.3721],[82.159,17.3767],[82.1635,17.3759],[82.1656,17.3796],[82.1711,17.3762],[82.1828,17.3834],[82.1856,17.3867],[82.1926,17.3844],[82.1981,17.3792],[82.205,17.3836],[82.2177,17.389],[82.2174,17.3971],[82.2352,17.4099],[82.2399,17.4156],[82.2431,17.4175],[82.2525,17.4304],[82.2584,17.4349],[82.262,17.4353],[82.2673,17.4378],[82.2739,17.4381],[82.2794,17.4413],[82.2847,17.446],[82.2871,17.4558],[82.2867,17.4678],[82.2889,17.4766],[82.2913,17.4801],[82.2962,17.4826],[82.2999,17.4862],[82.3048,17.4882],[82.3135,17.4952],[82.3155,17.5002],[82.33,17.5109],[82.3336,17.511],[82.3324,17.5177],[82.3373,17.5232],[82.3361,17.5302],[82.3302,17.5401],[82.3291,17.5534],[82.3482,17.5464],[82.3559,17.5452],[82.3577,17.548],[82.3534,17.5509],[82.3546,17.5581],[82.3636,17.5665],[82.3671,17.5739],[82.381,17.5805],[82.4024,17.5881],[82.4144,17.5916],[82.4242,17.5937],[82.4232,17.5974],[82.447,17.604],[82.4619,17.6062],[82.4598,17.6094],[82.4632,17.612],[82.4645,17.6167],[82.4624,17.6221],[82.4643,17.6288],[82.4591,17.635],[82.4552,17.6347],[82.4486,17.6365],[82.4445,17.6386],[82.4402,17.6369],[82.4327,17.6378],[82.431,17.6429],[82.4328,17.6483],[82.4295,17.6522],[82.4145,17.6425],[82.4082,17.6409],[82.4041,17.641],[82.3957,17.6388],[82.395,17.637],[82.3878,17.6387],[82.3743,17.6356],[82.362,17.6379],[82.36,17.6354],[82.3506,17.6418],[82.3478,17.6423],[82.3443,17.6507],[82.3476,17.6556],[82.3513,17.6575],[82.352,17.6609],[82.3446,17.6681],[82.3475,17.6768],[82.356,17.675],[82.3598,17.676],[82.3613,17.6813],[82.3667,17.6809],[82.3704,17.685],[82.3747,17.6866],[82.3785,17.6853],[82.3833,17.6811],[82.385,17.6775],[82.3883,17.6816],[82.3918,17.6839],[82.399,17.6822],[82.4001,17.6864],[82.4066,17.6867],[82.4117,17.6898],[82.4155,17.6903],[82.4237,17.6962],[82.4281,17.7047],[82.4283,17.7093],[82.4245,17.7114],[82.4249,17.7143],[82.4316,17.7172],[82.4385,17.7235],[82.444,17.7219],[82.4512,17.7213],[82.455,17.7247],[82.4538,17.7271],[82.4544,17.7333],[82.4634,17.7352],[82.4747,17.7312],[82.486,17.7248],[82.4959,17.7204],[82.5016,17.7142],[82.505,17.7191],[82.5097,17.7216],[82.5104,17.717],[82.5065,17.7129],[82.4966,17.708],[82.4953,17.7041],[82.4971,17.6974],[82.5004,17.6932],[82.508,17.6941],[82.5185,17.6996],[82.5227,17.703],[82.5261,17.7018],[82.531,17.7053],[82.531,17.7085],[82.5354,17.7093],[82.545,17.716],[82.5477,17.7234],[82.5476,17.7263],[82.551,17.7304],[82.5546,17.7427],[82.5541,17.7458],[82.5621,17.7462],[82.5612,17.7591],[82.5626,17.7614],[82.564,17.7693],[82.5715,17.7698],[82.5766,17.7691],[82.5851,17.773],[82.5927,17.7724],[82.5867,17.7677],[82.5905,17.7641],[82.5948,17.7668],[82.6024,17.7666],[82.6086,17.7684],[82.5971,17.7731],[82.5949,17.7785],[82.5985,17.7811],[82.6059,17.7779],[82.6141,17.7856],[82.6153,17.7788],[82.6217,17.7769],[82.6289,17.7724],[82.6338,17.7727],[82.6369,17.7767],[82.6374,17.787],[82.6413,17.7891],[82.6425,17.7941],[82.6375,17.8024],[82.6366,17.8095],[82.6311,17.8187],[82.6266,17.8275],[82.6201,17.8376],[82.6344,17.8318],[82.6362,17.8334],[82.6436,17.8356],[82.6462,17.8384],[82.6551,17.8442],[82.6659,17.8476],[82.6803,17.8558],[82.684,17.854],[82.6877,17.8481],[82.6933,17.8488],[82.6952,17.8505],[82.6988,17.8639],[82.7051,17.8633],[82.7126,17.8639],[82.7159,17.8662],[82.7161,17.8718],[82.7084,17.8732],[82.7014,17.8796],[82.7037,17.8832],[82.6937,17.8882],[82.6886,17.8947],[82.6846,17.8965],[82.6811,17.8961],[82.6779,17.8994],[82.6746,17.9004],[82.6685,17.8993],[82.6663,17.9006],[82.666,17.9046],[82.6704,17.9051],[82.6725,17.9025],[82.6758,17.9039],[82.685,17.9044],[82.6866,17.9024],[82.6945,17.9027],[82.6959,17.8984],[82.702,17.8984],[82.7103,17.9092],[82.7114,17.9138],[82.7054,17.92],[82.7127,17.9254],[82.7202,17.9271],[82.7261,17.9307],[82.7265,17.939],[82.7182,17.9449],[82.7118,17.9449],[82.7101,17.947],[82.7149,17.9497],[82.7152,17.9534],[82.7248,17.9497],[82.7319,17.9447],[82.7452,17.9477],[82.7472,17.9455],[82.742,17.9401],[82.7471,17.9355],[82.7518,17.9357],[82.7585,17.9403],[82.7588,17.9447],[82.7568,17.9461],[82.7494,17.9475],[82.7493,17.9578],[82.7593,17.9542],[82.7628,17.9511],[82.7678,17.9404],[82.7824,17.9276],[82.7855,17.9299],[82.793,17.9262],[82.7951,17.9233],[82.8012,17.9208],[82.8094,17.9247],[82.8094,17.9321],[82.8121,17.9352],[82.8153,17.934],[82.8179,17.9307],[82.8211,17.9298],[82.8269,17.9329],[82.8308,17.9382],[82.8355,17.9423],[82.837,17.9549],[82.8505,17.9601],[82.8522,17.965],[82.8519,17.9704],[82.8433,17.9762],[82.8413,17.9803],[82.8437,17.9831],[82.8407,17.9875],[82.8426,17.991],[82.8484,17.9953],[82.8519,17.9995],[82.8594,17.9983],[82.8629,18.0037],[82.8699,18.0099],[82.8734,18.0098],[82.8779,18.0073],[82.8837,18.0099],[82.8873,18.0139],[82.8896,18.0096],[82.8987,18.011],[82.9047,18.0109],[82.9084,18.0079],[82.9112,18.0029],[82.9081,17.9984],[82.9122,17.997],[82.9152,17.993],[82.9142,17.988],[82.9188,17.984],[82.9208,17.9851],[82.9325,17.9852],[82.9411,17.9866],[82.946,17.9894],[82.9576,18.0049],[82.9668,18.0086],[82.9727,18.012],[82.9741,18.0146],[82.98,18.0172],[82.9786,18.0238],[82.9804,18.0281],[82.9856,18.0309],[82.9857,18.0335],[82.9909,18.0433],[82.9957,18.0475],[82.9968,18.0512],[83.001,18.0569],[83.0075,18.0637],[83.0058,18.0661],[83.012,18.0729],[83.0106,18.0785],[83.0164,18.085],[83.007,18.089],[83.0114,18.0933],[83.0053,18.1085],[83.0048,18.1166],[83.0014,18.1247],[82.9963,18.1288],[82.9905,18.1321],[82.9875,18.1382],[82.9965,18.1453],[83.005,18.1473],[83.0092,18.1501],[83.0147,18.1513],[83.0267,18.1357],[83.0307,18.1381],[83.0331,18.132],[83.0338,18.1222],[83.0383,18.1156],[83.0542,18.1134],[83.0599,18.1118],[83.059,18.1081],[83.0618,18.1038],[83.065,18.104],[83.0681,18.1067],[83.0668,18.1113],[83.0683,18.1182],[83.0752,18.1183],[83.0719,18.0995],[83.0653,18.092],[83.0542,18.0868],[83.051,18.0862],[83.0504,18.0798],[83.0466,18.0716],[83.0504,18.0639],[83.0529,18.066],[83.0528,18.0743],[83.0511,18.0777],[83.0541,18.0815],[83.0579,18.0775],[83.0624,18.0756],[83.0706,18.0771],[83.077,18.0854],[83.0842,18.0895],[83.0929,18.0885],[83.0969,18.0913],[83.1001,18.0912],[83.1119,18.0989],[83.124,18.1012],[83.1303,18.1048],[83.1322,18.1073],[83.1316,18.1123],[83.1295,18.1133],[83.1223,18.1135],[83.1191,18.1152],[83.1258,18.1217],[83.1249,18.1274],[83.1188,18.1322],[83.1234,18.1405],[83.1253,18.1455],[83.1297,18.1498],[83.1398,18.1492],[83.1487,18.1458],[83.1525,18.1452],[83.1588,18.1422],[83.1636,18.141],[83.1683,18.1439],[83.1674,18.1488],[83.1504,18.1622],[83.1435,18.1638],[83.1292,18.1602],[83.1235,18.1619],[83.1191,18.1673],[83.1176,18.1708],[83.1126,18.1781],[83.1074,18.1814],[83.104,18.1884],[83.1055,18.1935],[83.1029,18.1966],[83.103,18.2002],[83.1099,18.2067],[83.1149,18.2094],[83.1236,18.2078],[83.126,18.2012],[83.1308,18.2022],[83.1371,18.1991],[83.1391,18.1951],[83.1392,18.1883],[83.1373,18.1842],[83.1396,18.1789],[83.1506,18.1753],[83.156,18.1751],[83.1623,18.1766],[83.1676,18.179],[83.1711,18.1842],[83.171,18.1879],[83.1675,18.1905],[83.1625,18.19],[83.1623,18.1926],[83.1645,18.2],[83.1631,18.2053],[83.1579,18.2102],[83.1582,18.2152],[83.1602,18.2168],[83.1694,18.2174],[83.175,18.2219],[83.1782,18.2223],[83.1808,18.217],[83.1809,18.2111],[83.1835,18.2076],[83.1842,18.2036],[83.1923,18.196],[83.1983,18.1964],[83.203,18.1947],[83.205,18.1925],[83.2107,18.1913],[83.215,18.1888],[83.2188,18.1888],[83.2234,18.1913],[83.224,18.1956],[83.2206,18.1984],[83.2157,18.1996],[83.2151,18.2033],[83.2175,18.2086],[83.2212,18.209],[83.2218,18.2164],[83.2165,18.2223],[83.22,18.2244],[83.2262,18.218],[83.2263,18.2067],[83.2409,18.2041],[83.2409,18.223],[83.248,18.2301],[83.2517,18.2284],[83.2652,18.2158],[83.2657,18.225],[83.2647,18.23],[83.2607,18.2353],[83.2616,18.2424],[83.2608,18.2495],[83.2653,18.2609],[83.2655,18.2681],[83.2634,18.2711],[83.2525,18.278],[83.2351,18.2855],[83.2251,18.2926],[83.2191,18.2961],[83.218,18.3009],[83.2206,18.3031],[83.2208,18.3066],[83.2254,18.3135],[83.2291,18.3172],[83.2291,18.3225],[83.2268,18.3278],[83.2217,18.3295],[83.214,18.3274],[83.2068,18.3269],[83.2022,18.3241],[83.1951,18.323],[83.1919,18.3194],[83.1868,18.3178],[83.1783,18.3086],[83.1707,18.3087],[83.1694,18.3114],[83.1694,18.3246],[83.1654,18.3344],[83.1635,18.3367],[83.1548,18.3403],[83.1508,18.3406],[83.144,18.3437],[83.1344,18.349],[83.1238,18.3497],[83.1133,18.3477],[83.1123,18.3519],[83.1073,18.3533],[83.106,18.3564],[83.0955,18.3521],[83.0936,18.3416],[83.0898,18.3439],[83.0815,18.3456],[83.0794,18.3513],[83.0794,18.3562],[83.0762,18.3611],[83.0769,18.3698],[83.0809,18.3765],[83.093,18.3893],[83.0975,18.393],[83.1055,18.412],[83.101,18.4124],[83.0917,18.4109],[83.0884,18.4116],[83.087,18.4064],[83.0801,18.4024],[83.0769,18.4032],[83.0621,18.389],[83.0612,18.3863],[83.0545,18.38],[83.0486,18.3803],[83.0428,18.3795],[83.0392,18.3835],[83.0322,18.3835],[83.0295,18.3861],[83.0258,18.3869],[83.0219,18.3917],[83.0162,18.3871],[83.012,18.3887],[83.0107,18.3864],[83.0053,18.3828],[83.0015,18.3831],[82.9982,18.3859],[82.9921,18.3786],[82.99,18.3804],[82.9867,18.3769],[82.9822,18.3681],[82.9832,18.3664],[82.9768,18.3628],[82.967,18.3589],[82.9601,18.3664],[82.9537,18.3616],[82.9474,18.3604],[82.9397,18.3608],[82.926,18.3681],[82.9222,18.3754],[82.9179,18.3753],[82.9131,18.3685],[82.9109,18.3729],[82.9019,18.3741],[82.8942,18.3816],[82.8938,18.3857],[82.8907,18.3905],[82.8925,18.3922],[82.8977,18.4029],[82.8953,18.4164],[82.895,18.4241],[82.8912,18.424],[82.8816,18.4207],[82.8764,18.4216],[82.8705,18.4185],[82.8644,18.4217],[82.8591,18.4232],[82.8564,18.4254],[82.8524,18.4192],[82.8483,18.4246],[82.8473,18.4309],[82.8408,18.4363],[82.8364,18.4371],[82.836,18.4393],[82.8312,18.4423],[82.8238,18.4435],[82.8232,18.4473],[82.8156,18.4509],[82.8084,18.4505],[82.8031,18.4492],[82.8018,18.4462],[82.789,18.4348],[82.7822,18.4308],[82.7829,18.4226],[82.7874,18.4192],[82.7869,18.4107],[82.7955,18.4091],[82.7995,18.4068],[82.7938,18.4014],[82.7915,18.3961],[82.7941,18.3889],[82.794,18.3862],[82.785,18.3831],[82.7848,18.3804],[82.789,18.3712],[82.7906,18.3632],[82.7839,18.3553],[82.7781,18.3511],[82.7741,18.3444],[82.7743,18.3404],[82.7709,18.3375],[82.765,18.3362],[82.7629,18.3392],[82.7581,18.3376],[82.7592,18.3346],[82.7557,18.3328],[82.7552,18.3302],[82.7499,18.3308],[82.748,18.3292],[82.7429,18.33],[82.7383,18.3266],[82.7339,18.3202],[82.7267,18.3226],[82.7201,18.3236],[82.7148,18.3224],[82.7086,18.3158],[82.7094,18.3132],[82.7017,18.3106],[82.6945,18.3123],[82.6919,18.3076],[82.6844,18.3036],[82.681,18.3031],[82.6763,18.3066],[82.6691,18.2989],[82.6631,18.2984],[82.6574,18.2961],[82.6549,18.297],[82.6512,18.3019],[82.6457,18.3027],[82.6421,18.3014],[82.6408,18.2955],[82.6438,18.288],[82.6461,18.2854],[82.6512,18.283],[82.6522,18.2804],[82.6481,18.2725],[82.6428,18.2716],[82.6423,18.2638],[82.6475,18.2616],[82.65,18.2564],[82.651,18.251],[82.6492,18.2455],[82.646,18.244],[82.6384,18.2368],[82.632,18.2391],[82.6283,18.2439],[82.6204,18.2493],[82.6172,18.2558],[82.6147,18.2578],[82.6063,18.262],[82.6049,18.2643],[82.5983,18.2643],[82.5963,18.2745],[82.593,18.2743],[82.5877,18.2764],[82.5885,18.2806],[82.592,18.2803],[82.5942,18.287],[82.591,18.2898],[82.595,18.2915],[82.5947,18.2982],[82.5985,18.3037],[82.5961,18.3103],[82.5918,18.3088],[82.5852,18.3085],[82.5816,18.3142],[82.5839,18.3198],[82.5885,18.3179],[82.5941,18.3283],[82.6038,18.3251],[82.6083,18.3265],[82.6112,18.332],[82.6096,18.3382],[82.6035,18.3434],[82.6019,18.3516],[82.614,18.3507],[82.6187,18.3565],[82.6176,18.361],[82.6081,18.3645],[82.6058,18.3665],[82.6057,18.3701],[82.6034,18.3717],[82.6061,18.3757],[82.6057,18.3809],[82.6004,18.3793],[82.5971,18.382],[82.5953,18.3887],[82.5894,18.3915],[82.5829,18.3875],[82.5763,18.3958],[82.5726,18.3945],[82.5662,18.3967],[82.5614,18.3998],[82.5538,18.3946],[82.5525,18.3977],[82.5476,18.3978],[82.5405,18.3998],[82.5354,18.4071],[82.5465,18.4122],[82.5445,18.4133],[82.5413,18.4216],[82.5456,18.4224],[82.5464,18.4278],[82.5507,18.4279],[82.5505,18.433],[82.5579,18.4404],[82.5568,18.4434],[82.5603,18.4447],[82.5611,18.449],[82.5563,18.4502],[82.5548,18.4545],[82.5493,18.453],[82.5432,18.4576],[82.5416,18.4533],[82.5445,18.4494],[82.5403,18.4438],[82.5373,18.4464],[82.5333,18.4587],[82.5276,18.4594],[82.5281,18.4643],[82.5237,18.4635],[82.5194,18.4656],[82.5251,18.4718],[82.5308,18.473],[82.5342,18.4784],[82.5279,18.4807],[82.5283,18.4831],[82.5329,18.4869],[82.5323,18.492],[82.5279,18.4939],[82.5265,18.4963],[82.5291,18.5],[82.5272,18.5066],[82.5321,18.5112],[82.525,18.5166],[82.5142,18.5184],[82.5107,18.5178],[82.506,18.5141],[82.4957,18.5219],[82.4941,18.5246],[82.4859,18.5288],[82.4876,18.5326],[82.4844,18.5349],[82.4812,18.5402],[82.484,18.5433],[82.4906,18.5418],[82.4935,18.5428],[82.4919,18.5476],[82.4873,18.5498],[82.4828,18.5487],[82.4797,18.5459],[82.4735,18.5426],[82.4684,18.5346],[82.4641,18.5329],[82.4616,18.5262],[82.4588,18.5249],[82.4516,18.5178],[82.4456,18.5148],[82.4423,18.5079],[82.4386,18.5068],[82.4371,18.5009],[82.434,18.4986],[82.4379,18.4948],[82.4348,18.4922],[82.4328,18.4882],[82.4287,18.4835],[82.4191,18.4756],[82.415,18.4744],[82.4035,18.4642],[82.4032,18.4626],[82.3968,18.4542],[82.396,18.4492],[82.3927,18.4486],[82.3866,18.445],[82.3832,18.4378],[82.3827,18.4338],[82.3707,18.4269],[82.3642,18.4215],[82.3709,18.4142],[82.3748,18.4068],[82.3794,18.4042],[82.3807,18.4002],[82.3815,18.3896],[82.3861,18.3863],[82.384,18.3845],[82.3855,18.3771],[82.3844,18.3658],[82.3755,18.3591],[82.3699,18.3585],[82.3682,18.3539],[82.3645,18.3528],[82.3631,18.3442],[82.3558,18.3384],[82.3525,18.3336],[82.3469,18.3288],[82.3441,18.3308],[82.3382,18.3267],[82.3399,18.323],[82.3495,18.3164],[82.3559,18.3159],[82.364,18.3185],[82.3673,18.3234],[82.3754,18.3286],[82.3847,18.3296],[82.3924,18.3265],[82.3943,18.3163],[82.3916,18.3098],[82.3923,18.298],[82.3871,18.2934],[82.3835,18.2882],[82.3748,18.2811],[82.3653,18.2777],[82.3589,18.2815],[82.3447,18.2805],[82.3404,18.2722],[82.34,18.2623],[82.3361,18.2612],[82.3334,18.2529],[82.3359,18.25],[82.3365,18.2408],[82.3299,18.2368],[82.3267,18.2364],[82.3244,18.2312],[82.3319,18.2249],[82.3371,18.2243],[82.3284,18.2161],[82.3249,18.2104],[82.3122,18.2054],[82.3108,18.2041],[82.3135,18.1972],[82.3125,18.1914],[82.3155,18.184],[82.3218,18.1812],[82.3266,18.1773],[82.3374,18.1722],[82.3508,18.1726],[82.3534,18.1717],[82.3605,18.1614],[82.3646,18.1581],[82.3723,18.1482],[82.3687,18.1432],[82.3678,18.1377],[82.3639,18.1348],[82.3596,18.1363],[82.3549,18.1425],[82.3471,18.1462],[82.3402,18.1506],[82.3387,18.1442],[82.3408,18.141],[82.3417,18.1359],[82.3342,18.1269],[82.3359,18.1227],[82.3339,18.12],[82.3357,18.1137],[82.3358,18.1059],[82.3382,18.0994],[82.3466,18.0985],[82.3493,18.0884],[82.3494,18.0845],[82.3476,18.0796],[82.3516,18.077],[82.3473,18.0704],[82.3439,18.058],[82.3411,18.0552],[82.3345,18.0513],[82.3293,18.0586],[82.3223,18.0599],[82.3194,18.0577],[82.3219,18.0476],[82.3201,18.0448],[82.316,18.0474],[82.3107,18.0451],[82.3073,18.0458],[82.3074,18.0504],[82.3101,18.0542],[82.3062,18.0557],[82.2996,18.0547],[82.2986,18.0561],[82.3001,18.0632],[82.3038,18.0653],[82.3037,18.0686],[82.3002,18.0691],[82.2961,18.067],[82.2914,18.0689],[82.2877,18.0627],[82.2835,18.0645],[82.2794,18.0617],[82.277,18.0582],[82.2726,18.0572],[82.2696,18.0519],[82.269,18.0455],[82.2619,18.0413],[82.269,18.034],[82.27,18.0291],[82.2727,18.0242],[82.2734,18.0187],[82.2688,18.0009],[82.2645,17.9958],[82.2483,17.9931],[82.2444,17.994],[82.242,17.9984],[82.2356,18.0021],[82.2231,18.0011],[82.209,18.0098],[82.2051,18.0138],[82.205,18.018],[82.1982,18.0172],[82.1896,18.0148],[82.1872,18.0151],[82.1832,18.0188],[82.1789,18.0207],[82.1839,18.0278],[82.1812,18.0333],[82.173,18.044],[82.1689,18.0514],[82.1591,18.0499],[82.1526,18.048],[82.1463,18.0509],[82.1452,18.048],[82.137,18.0462],[82.1348,18.0585],[82.133,18.0595],[82.1256,18.0588],[82.1204,18.0635],[82.1141,18.0605],[82.1082,18.0627],[82.1025,18.0595],[82.0962,18.0631],[82.0944,18.0671],[82.0856,18.0692],[82.0765,18.0745],[82.0713,18.0691],[82.0679,18.0621],[82.0667,18.0561],[82.0595,18.0549],[82.0525,18.0571],[82.0398,18.0576],[82.0372,18.067],[82.0321,18.0684],[82.0281,18.0636],[82.0202,18.0626],[82.008,18.0565],[82.0065,18.0522],[82.0071,18.0435],[82.0123,18.0343],[82.0092,18.0293],[82.0021,18.0294],[81.9962,18.0274],[81.9936,18.025],[81.9931,18.021],[81.9896,18.0181],[81.9831,18.0179],[81.9808,18.0136],[81.9677,18.0048],[81.9653,18.0007],[81.9615,17.9987],[81.9554,17.9983],[81.9517,17.9963],[81.9467,17.9959],[81.938,17.9906],[81.9295,17.9897],[81.9219,17.9913],[81.9172,17.9899],[81.9083,17.9832],[81.9052,17.9773],[81.9014,17.9761],[81.8934,17.9762],[81.8889,17.9725],[81.8803,17.9682],[81.8642,17.9627],[81.8513,17.9599],[81.8425,17.9569],[81.832,17.9581],[81.8274,17.9568],[81.8202,17.9521],[81.8099,17.951],[81.8043,17.9461],[81.7971,17.9373],[81.7947,17.9329],[81.7941,17.927],[81.7901,17.9208],[81.7846,17.9179],[81.7784,17.9128],[81.7714,17.9125],[81.7688,17.9069],[81.7504,17.8938],[81.7325,17.8834],[81.7256,17.8789],[81.7188,17.8768],[81.7097,17.8718],[81.7044,17.8777],[81.7042,17.8826],[81.701,17.8889],[81.7026,17.8942],[81.7012,17.8995],[81.6976,17.9012],[81.6947,17.8987],[81.6928,17.8944],[81.6873,17.8863],[81.6837,17.885],[81.6745,17.8882],[81.6709,17.8872],[81.6619,17.8812],[81.6538,17.8681],[81.6543,17.8633],[81.652,17.8561],[81.6456,17.848],[81.6398,17.8391],[81.6301,17.832],[81.6233,17.8339],[81.6208,17.8316],[81.6182,17.823],[81.6158,17.822],[81.6071,17.8257],[81.5942,17.834],[81.5886,17.8346],[81.579,17.8372],[81.5732,17.837],[81.5682,17.8325],[81.5637,17.8257],[81.5468,17.8247],[81.5388,17.8217],[81.5302,17.8229],[81.5237,17.8183],[81.5184,17.8163],[81.5062,17.8163],[81.5015,17.8156],[81.4953,17.8126],[81.49,17.8127],[81.4863,17.8143],[81.4855,17.8202],[81.4818,17.8232],[81.4802,17.8304],[81.4764,17.8371],[81.4691,17.8362],[81.4597,17.8294],[81.4514,17.828],[81.4442,17.825],[81.4409,17.8253],[81.4367,17.8316],[81.4305,17.8301],[81.4258,17.8219],[81.4214,17.819],[81.4173,17.8143],[81.4144,17.8133],[81.4109,17.818],[81.4017,17.821],[81.395,17.8191],[81.3918,17.8154],[81.3931,17.8079],[81.3925,17.7942],[81.3865,17.7949],[81.3798,17.8031],[81.3695,17.8076],[81.3615,17.8088],[81.3543,17.8122],[81.3484,17.8123],[81.3456,17.8103],[81.326,17.8139],[81.3137,17.8116],[81.3074,17.8091],[81.302,17.8086],[81.2932,17.8094],[81.2808,17.8087],[81.2661,17.8095],[81.2484,17.8168],[81.2452,17.8208],[81.2409,17.8233],[81.2396,17.8259],[81.2355,17.8268],[81.23,17.8301],[81.2156,17.8345],[81.2047,17.8423],[81.2003,17.8464],[81.1946,17.8486],[81.1849,17.8504],[81.1747,17.8539],[81.1662,17.8576],[81.1588,17.8515],[81.1456,17.844],[81.1386,17.8382],[81.132,17.8302],[81.1227,17.824],[81.1134,17.8216],[81.1024,17.816],[81.094,17.8093],[81.0889,17.8008],[81.0816,17.7946],[81.0875,17.7894],[81.0912,17.783],[81.094,17.7759],[81.0854,17.775],[81.0822,17.7739],[81.0847,17.7602],[81.0751,17.76],[81.0774,17.7519],[81.086,17.7346],[81.0894,17.7348],[81.0892,17.7215],[81.0858,17.7182],[81.082,17.7184],[81.0817,17.7225],[81.0744,17.727],[81.0671,17.7329],[81.0644,17.7301],[81.0661,17.7279],[81.0644,17.7239],[81.0666,17.7155],[81.0737,17.7103],[81.0785,17.7142],[81.0789,17.7088],[81.0775,17.7046],[81.075,17.7023],[81.0732,17.6965],[81.0662,17.6962],[81.059,17.7048],[81.0562,17.7159],[81.0507,17.7167],[81.0475,17.7187],[81.0373,17.7172],[81.0301,17.719],[81.0196,17.7202],[81.04,17.727],[81.0424,17.7272],[81.041,17.7336],[81.036,17.7399],[81.0354,17.7445],[81.03,17.7458],[81.0252,17.7488],[81.0223,17.7487],[81.016,17.7439],[80.9917,17.7503],[80.9859,17.7542],[80.9823,17.7611],[80.9779,17.7747],[80.9673,17.778],[80.9623,17.7767],[80.9586,17.7741],[80.9508,17.7632],[80.9457,17.76],[80.9278,17.7613],[80.9253,17.7589],[80.9192,17.7565],[80.9171,17.7505],[80.9056,17.7463],[80.901,17.7459],[80.8974,17.7496],[80.8939,17.7437],[80.8839,17.7328],[80.8808,17.7309],[80.8814,17.725],[80.8823,17.7116],[80.8839,17.7009],[80.8841,17.6979],[80.8843,17.6953],[80.8841,17.6876],[80.882,17.6818],[80.8758,17.6731],[80.8846,17.6765],[80.8984,17.6785],[80.902,17.6777],[80.9091,17.6739],[80.9151,17.6688],[80.9138,17.6637],[80.9097,17.6584],[80.9123,17.6533],[80.9125,17.6469],[80.9097,17.6399]]]},"properties":{"district_name":"Alluri Sitharama Raju","district_id":"alluri_sitharama_raju","ST_NAME":"Andhra Pradesh"}},{"type":"Feature","geometry":{"type":"Polygon","coordinates":[[[83.0504,18.0639],[83.0466,18.0716],[83.0504,18.0798],[83.051,18.0862],[83.0542,18.0868],[83.0653,18.092],[83.0719,18.0995],[83.0752,18.1183],[83.0683,18.1182],[83.0668,18.1113],[83.0681,18.1067],[83.065,18.104],[83.0618,18.1038],[83.059,18.1081],[83.0599,18.1118],[83.0542,18.1134],[83.0383,18.1156],[83.0338,18.1222],[83.0331,18.132],[83.0307,18.1381],[83.0267,18.1357],[83.0147,18.1513],[83.0092,18.1501],[83.005,18.1473],[82.9965,18.1453],[82.9875,18.1382],[82.9905,18.1321],[82.9963,18.1288],[83.0014,18.1247],[83.0048,18.1166],[83.0053,18.1085],[83.0114,18.0933],[83.007,18.089],[83.0164,18.085],[83.0106,18.0785],[83.012,18.0729],[83.0058,18.0661],[83.0075,18.0637],[83.001,18.0569],[82.9968,18.0512],[82.9957,18.0475],[82.9909,18.0433],[82.9857,18.0335],[82.9856,18.0309],[82.9804,18.0281],[82.9786,18.0238],[82.98,18.0172],[82.9741,18.0146],[82.9727,18.012],[82.9668,18.0086],[82.9576,18.0049],[82.946,17.9894],[82.9411,17.9866],[82.9325,17.9852],[82.9208,17.9851],[82.9188,17.984],[82.9142,17.988],[82.9152,17.993],[82.9122,17.997],[82.9081,17.9984],[82.9112,18.0029],[82.9084,18.0079],[82.9047,18.0109],[82.8987,18.011],[82.8896,18.0096],[82.8873,18.0139],[82.8837,18.0099],[82.8779,18.0073],[82.8734,18.0098],[82.8699,18.0099],[82.8629,18.0037],[82.8594,17.9983],[82.8519,17.9995],[82.8484,17.9953],[82.8426,17.991],[82.8407,17.9875],[82.8437,17.9831],[82.8413,17.9803],[82.8433,17.9762],[82.8519,17.9704],[82.8522,17.965],[82.8505,17.9601],[82.837,17.9549],[82.8355,17.9423],[82.8308,17.9382],[82.8269,17.9329],[82.8211,17.9298],[82.8179,17.9307],[82.8153,17.934],[82.8121,17.9352],[82.8094,17.9321],[82.8094,17.9247],[82.8012,17.9208],[82.7951,17.9233],[82.793,17.9262],[82.7855,17.9299],[82.7824,17.9276],[82.7678,17.9404],[82.7628,17.9511],[82.7593,17.9542],[82.7493,17.9578],[82.7494,17.9475],[82.7568,17.9461],[82.7588,17.9447],[82.7585,17.9403],[82.7518,17.9357],[82.7471,17.9355],[82.742,17.9401],[82.7472,17.9455],[82.7452,17.9477],[82.7319,17.9447],[82.7248,17.9497],[82.7152,17.9534],[82.7149,17.9497],[82.7101,17.947],[82.7118,17.9449],[82.7182,17.9449],[82.7265,17.939],[82.7261,17.9307],[82.7202,17.9271],[82.7127,17.9254],[82.7054,17.92],[82.7114,17.9138],[82.7103,17.9092],[82.702,17.8984],[82.6959,17.8984],[82.6945,17.9027],[82.6866,17.9024],[82.685,17.9044],[82.6758,17.9039],[82.6725,17.9025],[82.6704,17.9051],[82.666,17.9046],[82.6663,17.9006],[82.6685,17.8993],[82.6746,17.9004],[82.6779,17.8994],[82.6811,17.8961],[82.6846,17.8965],[82.6886,17.8947],[82.6937,17.8882],[82.7037,17.8832],[82.7014,17.8796],[82.7084,17.8732],[82.7161,17.8718],[82.7159,17.8662],[82.7126,17.8639],[82.7051,17.8633],[82.6988,17.8639],[82.6952,17.8505],[82.6933,17.8488],[82.6877,17.8481],[82.684,17.854],[82.6803,17.8558],[82.6659,17.8476],[82.6551,17.8442],[82.6462,17.8384],[82.6436,17.8356],[82.6362,17.8334],[82.6344,17.8318],[82.6201,17.8376],[82.6266,17.8275],[82.6311,17.8187],[82.6366,17.8095],[82.6375,17.8024],[82.6425,17.7941],[82.6413,17.7891],[82.6374,17.787],[82.6369,17.7767],[82.6338,17.7727],[82.6289,17.7724],[82.6217,17.7769],[82.6153,17.7788],[82.6141,17.7856],[82.6059,17.7779],[82.5985,17.7811],[82.5949,17.7785],[82.5971,17.7731],[82.6086,17.7684],[82.6024,17.7666],[82.5948,17.7668],[82.5905,17.7641],[82.5867,17.7677],[82.5927,17.7724],[82.5851,17.773],[82.5766,17.7691],[82.5715,17.7698],[82.564,17.7693],[82.5626,17.7614],[82.5612,17.7591],[82.5621,17.7462],[82.5541,17.7458],[82.5546,17.7427],[82.551,17.7304],[82.5476,17.7263],[82.5477,17.7234],[82.545,17.716],[82.5354,17.7093],[82.531,17.7085],[82.531,17.7053],[82.5261,17.7018],[82.5227,17.703],[82.5185,17.6996],[82.508,17.6941],[82.5004,17.6932],[82.4971,17.6974],[82.4953,17.7041],[82.4966,17.708],[82.5065,17.7129],[82.5104,17.717],[82.5097,17.7216],[82.505,17.7191],[82.5016,17.7142],[82.4959,17.7204],[82.486,17.7248],[82.4747,17.7312],[82.4634,17.7352],[82.4544,17.7333],[82.4538,17.7271],[82.455,17.7247],[82.4512,17.7213],[82.444,17.7219],[82.4385,17.7235],[82.4316,17.7172],[82.4249,17.7143],[82.4245,17.7114],[82.4283,17.7093],[82.4281,17.7047],[82.4237,17.6962],[82.4155,17.6903],[82.4117,17.6898],[82.4066,17.6867],[82.4001,17.6864],[82.399,17.6822],[82.3918,17.6839],[82.3883,17.6816],[82.385,17.6775],[82.3833,17.6811],[82.3785,17.6853],[82.3747,17.6866],[82.3704,17.685],[82.3667,17.6809],[82.3613,17.6813],[82.3598,17.676],[82.356,17.675],[82.3475,17.6768],[82.3446,17.6681],[82.352,17.6609],[82.3513,17.6575],[82.3476,17.6556],[82.3443,17.6507],[82.3478,17.6423],[82.3506,17.6418],[82.36,17.6354],[82.362,17.6379],[82.3743,17.6356],[82.3878,17.6387],[82.395,17.637],[82.3957,17.6388],[82.4041,17.641],[82.4082,17.6409],[82.4145,17.6425],[82.4295,17.6522],[82.4328,17.6483],[82.431,17.6429],[82.4327,17.6378],[82.4402,17.6369],[82.4445,17.6386],[82.4486,17.6365],[82.4552,17.6347],[82.4591,17.635],[82.4643,17.6288],[82.4624,17.6221],[82.4645,17.6167],[82.4632,17.612],[82.4598,17.6094],[82.4619,17.6062],[82.447,17.604],[82.4232,17.5974],[82.4242,17.5937],[82.4144,17.5916],[82.4024,17.5881],[82.381,17.5805],[82.3671,17.5739],[82.3636,17.5665],[82.3546,17.5581],[82.3534,17.5509],[82.3577,17.548],[82.3559,17.5452],[82.3482,17.5464],[82.3291,17.5534],[82.3302,17.5401],[82.3361,17.5302],[82.3373,17.5232],[82.3324,17.5177],[82.3336,17.511],[82.3313,17.5029],[82.3382,17.5006],[82.3408,17.496],[82.3446,17.4939],[82.3495,17.4998],[82.356,17.5057],[82.3633,17.51],[82.3753,17.5102],[82.3782,17.5069],[82.3757,17.5008],[82.3674,17.4891],[82.3728,17.4791],[82.3815,17.4775],[82.3893,17.4778],[82.4101,17.4665],[82.4171,17.4696],[82.4283,17.4708],[82.4313,17.4724],[82.4375,17.471],[82.44,17.4778],[82.4492,17.4791],[82.4507,17.4811],[82.4524,17.4883],[82.4541,17.4898],[82.4542,17.4944],[82.4523,17.4956],[82.4503,17.5036],[82.4495,17.511],[82.4652,17.5114],[82.4681,17.5194],[82.4636,17.5246],[82.4606,17.5295],[82.4665,17.5312],[82.4715,17.5311],[82.4764,17.5265],[82.4723,17.5211],[82.4775,17.5196],[82.4797,17.5117],[82.4804,17.501],[82.4873,17.501],[82.4872,17.4992],[82.4944,17.5001],[82.4975,17.5067],[82.5044,17.5089],[82.5056,17.5029],[82.5118,17.5029],[82.5173,17.5014],[82.522,17.5017],[82.5315,17.5043],[82.5317,17.5063],[82.539,17.5073],[82.546,17.5121],[82.5525,17.5271],[82.5579,17.5209],[82.5597,17.5082],[82.5592,17.5016],[82.5598,17.4933],[82.5681,17.492],[82.5691,17.486],[82.5789,17.4813],[82.5806,17.4759],[82.5849,17.4741],[82.5858,17.4689],[82.591,17.4671],[82.5915,17.4648],[82.6022,17.4595],[82.6042,17.4548],[82.5998,17.4475],[82.5988,17.4431],[82.5897,17.4357],[82.5844,17.4299],[82.5832,17.4246],[82.5803,17.4239],[82.5729,17.4161],[82.5606,17.4085],[82.5603,17.4016],[82.5577,17.3992],[82.5556,17.3896],[82.5524,17.3881],[82.5509,17.3818],[82.5429,17.3736],[82.5475,17.3694],[82.548,17.3614],[82.5527,17.3575],[82.5557,17.3526],[82.5612,17.3539],[82.5668,17.3507],[82.5652,17.3421],[82.5603,17.342],[82.559,17.3304],[82.5549,17.3241],[82.5474,17.325],[82.5468,17.3266],[82.5357,17.3271],[82.5345,17.3216],[82.5367,17.3163],[82.5367,17.3114],[82.5339,17.3055],[82.5255,17.3006],[82.5182,17.2993],[82.5215,17.2961],[82.5217,17.2843],[82.5229,17.2766],[82.5254,17.2753],[82.5258,17.2712],[82.53,17.2682],[82.5391,17.2633],[82.5418,17.2513],[82.5414,17.2485],[82.5592,17.2603],[82.5939,17.2814],[82.6118,17.2909],[82.6349,17.3053],[82.6441,17.3101],[82.6539,17.3162],[82.6801,17.3312],[82.7032,17.3438],[82.7064,17.3445],[82.7263,17.3552],[82.749,17.365],[82.7683,17.3742],[82.777,17.3781],[82.7977,17.3862],[82.8153,17.394],[82.8186,17.3945],[82.8203,17.3977],[82.8269,17.4009],[82.865,17.4153],[82.8692,17.4165],[82.875,17.4209],[82.8777,17.421],[82.881,17.424],[82.8878,17.4274],[82.9017,17.4331],[82.9095,17.4369],[82.9251,17.4427],[82.9422,17.4514],[82.9456,17.4515],[82.9505,17.4564],[82.9563,17.4593],[82.9847,17.4704],[82.9951,17.4752],[82.9945,17.4796],[82.9991,17.4827],[83.0046,17.4885],[83.0034,17.492],[83.0079,17.5001],[83.0137,17.504],[83.0313,17.5133],[83.0396,17.5171],[83.0444,17.5183],[83.0582,17.5241],[83.0655,17.5253],[83.0669,17.5271],[83.0869,17.5329],[83.0901,17.5369],[83.1006,17.5421],[83.1147,17.5467],[83.116,17.551],[83.1231,17.5823],[83.1258,17.5981],[83.1297,17.6037],[83.1309,17.6131],[83.1358,17.621],[83.145,17.6341],[83.1528,17.6487],[83.1475,17.6499],[83.146,17.6557],[83.1394,17.6561],[83.1307,17.6585],[83.1254,17.6588],[83.1276,17.6623],[83.1263,17.666],[83.1227,17.6679],[83.1218,17.6715],[83.1245,17.6733],[83.1278,17.6822],[83.122,17.6828],[83.1188,17.6863],[83.1156,17.6861],[83.1121,17.693],[83.1141,17.6984],[83.1195,17.6977],[83.1223,17.7007],[83.1222,17.7097],[83.1248,17.711],[83.1326,17.7087],[83.1371,17.7096],[83.1377,17.713],[83.1459,17.7131],[83.1513,17.7179],[83.155,17.7289],[83.1547,17.7332],[83.1576,17.7352],[83.1621,17.7507],[83.1645,17.7571],[83.1604,17.7657],[83.1583,17.7741],[83.1612,17.7752],[83.1646,17.7808],[83.1614,17.7882],[83.163,17.7961],[83.1617,17.8021],[83.1619,17.8131],[83.1632,17.8214],[83.162,17.8328],[83.1621,17.8385],[83.1602,17.8431],[83.1515,17.8452],[83.1497,17.8502],[83.1495,17.8612],[83.1483,17.8679],[83.1435,17.8728],[83.1391,17.8755],[83.1355,17.8756],[83.1307,17.8722],[83.1281,17.8814],[83.1278,17.8876],[83.1251,17.8884],[83.1286,17.9003],[83.1285,17.9043],[83.1251,17.9088],[83.1213,17.9159],[83.112,17.9193],[83.1102,17.922],[83.111,17.9354],[83.1099,17.9377],[83.0983,17.9395],[83.0907,17.938],[83.0868,17.9412],[83.0801,17.9443],[83.0721,17.9444],[83.065,17.9509],[83.0602,17.953],[83.0575,17.9593],[83.0503,17.9625],[83.0464,17.9629],[83.0403,17.9689],[83.032,17.9707],[83.0225,17.9699],[83.0204,17.9715],[83.0093,17.9761],[83.0077,17.9857],[83.0082,17.9921],[83.0133,17.9977],[83.0076,18.0076],[83.0083,18.0183],[83.0078,18.0254],[83.0121,18.0292],[83.0136,18.0336],[83.0101,18.0361],[83.0097,18.0416],[83.0175,18.055],[83.0261,18.0607],[83.033,18.0622],[83.0419,18.0621],[83.0504,18.0639]]]},"properties":{"district_name":"Anakapalli","district_id":"anakapalli","ST_NAME":"Andhra Pradesh"}},{"type":"Feature","geometry":{"type":"Polygon","coordinates":[[[77.6715,15.2329],[77.6663,15.2332],[77.6645,15.2349],[77.6568,15.2325],[77.6518,15.2338],[77.6488,15.2311],[77.6496,15.2265],[77.6437,15.2242],[77.6387,15.2235],[77.6367,15.2208],[77.6368,15.2155],[77.6352,15.2081],[77.6254,15.208],[77.6159,15.2043],[77.6105,15.1969],[77.6115,15.1847],[77.5945,15.185],[77.5826,15.1891],[77.573,15.1988],[77.5665,15.2043],[77.563,15.2046],[77.55,15.2088],[77.5418,15.2104],[77.5275,15.2253],[77.5201,15.2257],[77.5114,15.225],[77.4986,15.2216],[77.4974,15.2177],[77.486,15.2154],[77.4838,15.2107],[77.4783,15.211],[77.4763,15.2139],[77.4679,15.2191],[77.4603,15.2196],[77.4555,15.221],[77.4515,15.2237],[77.4506,15.2169],[77.4467,15.2154],[77.4508,15.2069],[77.444,15.2084],[77.4423,15.2099],[77.4344,15.2119],[77.4344,15.2185],[77.4332,15.2221],[77.4282,15.2242],[77.4184,15.2255],[77.4131,15.2254],[77.4089,15.2269],[77.4063,15.2206],[77.3985,15.2189],[77.3904,15.2186],[77.3836,15.2217],[77.3631,15.2242],[77.3623,15.2143],[77.3574,15.202],[77.3546,15.2023],[77.35,15.1826],[77.3514,15.1784],[77.3339,15.1775],[77.3308,15.1757],[77.3215,15.1777],[77.3163,15.1781],[77.3136,15.1654],[77.31,15.1556],[77.3049,15.1547],[77.2996,15.1552],[77.2949,15.1398],[77.2917,15.132],[77.2845,15.1325],[77.2715,15.1317],[77.2675,15.137],[77.2645,15.1431],[77.248,15.146],[77.2342,15.1458],[77.2205,15.1493],[77.2208,15.1516],[77.2135,15.1527],[77.2137,15.1556],[77.2024,15.1583],[77.1996,15.1609],[77.1881,15.1583],[77.183,15.1512],[77.1803,15.1441],[77.1766,15.1431],[77.1645,15.1465],[77.1644,15.1474],[77.1505,15.1466],[77.1379,15.1451],[77.138,15.1435],[77.149,15.1414],[77.1531,15.1394],[77.1573,15.1405],[77.1565,15.1332],[77.1574,15.1299],[77.1563,15.1229],[77.1502,15.1116],[77.1421,15.1046],[77.137,15.1023],[77.1301,15.1008],[77.1306,15.0982],[77.1295,15.0886],[77.1294,15.0804],[77.1282,15.0723],[77.1208,15.054],[77.1195,15.0457],[77.1153,15.0464],[77.1129,15.0341],[77.0937,15.0361],[77.0909,15.0293],[77.0848,15.0307],[77.0828,15.0142],[77.0825,15.0061],[77.0725,15.0058],[77.069,15.0048],[77.0501,15.0079],[77.0441,15.0098],[77.0474,15.0162],[77.0505,15.0253],[77.0496,15.0331],[77.0393,15.0329],[77.036,15.0313],[77.0187,15.0323],[77.0041,15.0338],[77.003,15.0309],[76.9988,15.0304],[76.986,15.0265],[76.9853,15.0155],[76.9776,15.016],[76.966,15.0184],[76.9497,15.0307],[76.9439,15.0312],[76.933,15.0299],[76.9223,15.0316],[76.9185,15.0359],[76.9073,15.0329],[76.8978,15.0369],[76.894,15.0372],[76.8773,15.0306],[76.878,15.0358],[76.8732,15.0435],[76.8688,15.0538],[76.8653,15.0556],[76.8615,15.0623],[76.8577,15.0637],[76.8461,15.0715],[76.8361,15.0796],[76.8239,15.0804],[76.818,15.0841],[76.8117,15.0867],[76.8022,15.0953],[76.7971,15.0947],[76.7931,15.0908],[76.7925,15.0879],[76.7861,15.0882],[76.7854,15.0827],[76.7823,15.0777],[76.7752,15.0723],[76.7738,15.0656],[76.7736,15.0591],[76.7765,15.0551],[76.7803,15.0427],[76.7834,15.0426],[76.7857,15.0372],[76.7857,15.0277],[76.7901,15.0207],[76.7878,15.0092],[76.785,15.0054],[76.7787,15.0046],[76.775,14.9932],[76.772,14.9905],[76.76,14.9895],[76.7631,14.9851],[76.7666,14.9746],[76.7776,14.975],[76.7951,14.969],[76.8029,14.9685],[76.8148,14.9699],[76.8179,14.9692],[76.8216,14.9658],[76.8279,14.9568],[76.834,14.9563],[76.8356,14.96],[76.8416,14.966],[76.863,14.9695],[76.8672,14.9695],[76.866,14.9571],[76.8678,14.9501],[76.8695,14.9377],[76.8673,14.9267],[76.8672,14.9177],[76.8638,14.8955],[76.8474,14.8959],[76.8455,14.8872],[76.8525,14.8869],[76.8514,14.8833],[76.8528,14.8798],[76.8539,14.8691],[76.8571,14.8691],[76.8545,14.8557],[76.8554,14.8472],[76.8539,14.8428],[76.8496,14.8416],[76.8418,14.8365],[76.8456,14.8341],[76.8468,14.8273],[76.846,14.8221],[76.8511,14.8204],[76.8547,14.8178],[76.8542,14.8098],[76.8523,14.8091],[76.8374,14.8111],[76.8365,14.7909],[76.8324,14.7929],[76.8191,14.7931],[76.8204,14.789],[76.8165,14.7878],[76.8027,14.786],[76.7939,14.7859],[76.7843,14.7874],[76.7824,14.786],[76.789,14.7723],[76.7893,14.7615],[76.795,14.7503],[76.8029,14.7419],[76.7865,14.7085],[76.7863,14.6962],[76.7764,14.6835],[76.7746,14.6758],[76.7737,14.6639],[76.7725,14.6391],[76.7669,14.6183],[76.765,14.6021],[76.769,14.6009],[76.7796,14.5933],[76.7818,14.5965],[76.7827,14.5834],[76.7841,14.5776],[76.7881,14.5677],[76.7915,14.5544],[76.7983,14.5486],[76.8052,14.5375],[76.8062,14.5314],[76.8125,14.5317],[76.8184,14.5302],[76.8222,14.5273],[76.8268,14.5278],[76.8296,14.5305],[76.8328,14.5291],[76.8347,14.5222],[76.8404,14.5202],[76.8466,14.516],[76.8492,14.5126],[76.8556,14.5096],[76.8587,14.4978],[76.8624,14.4917],[76.8642,14.4853],[76.8654,14.4771],[76.8684,14.4717],[76.8809,14.4738],[76.8844,14.477],[76.8869,14.4813],[76.8896,14.481],[76.9008,14.4871],[76.9277,14.4881],[76.9409,14.4867],[76.9476,14.4871],[76.951,14.4847],[76.9575,14.4847],[76.9641,14.4833],[76.9751,14.4831],[76.9752,14.474],[76.9721,14.4658],[76.9657,14.4548],[76.9598,14.4486],[76.9578,14.4497],[76.9467,14.4502],[76.9452,14.4477],[76.9462,14.4433],[76.9467,14.423],[76.9481,14.4106],[76.9472,14.4036],[76.9426,14.3983],[76.9386,14.4034],[76.9316,14.4093],[76.924,14.4133],[76.9162,14.4185],[76.9076,14.4054],[76.9015,14.3978],[76.8982,14.3953],[76.8869,14.3933],[76.8857,14.3917],[76.8853,14.3827],[76.8838,14.3686],[76.8839,14.3617],[76.8825,14.3578],[76.8827,14.3529],[76.8856,14.345],[76.8892,14.3428],[76.8956,14.3339],[76.9036,14.3204],[76.9092,14.3202],[76.9231,14.3141],[76.9294,14.3119],[76.945,14.3108],[76.9511,14.3006],[76.9565,14.2931],[76.9563,14.2911],[76.9479,14.2839],[76.9391,14.2804],[76.9376,14.2782],[76.9288,14.277],[76.9257,14.2709],[76.9352,14.2592],[76.9377,14.2534],[76.9406,14.2418],[76.9489,14.2393],[76.9551,14.2401],[76.9607,14.2426],[76.9701,14.2407],[76.9793,14.2442],[76.9878,14.2441],[76.9921,14.2392],[76.9969,14.2387],[77,14.2399],[77.0057,14.2358],[77.0085,14.238],[77.0124,14.238],[77.0201,14.2409],[77.0305,14.2423],[77.0305,14.2442],[77.0361,14.2467],[77.0525,14.2455],[77.0577,14.2438],[77.0569,14.241],[77.0603,14.2362],[77.0601,14.2323],[77.0618,14.2295],[77.0685,14.2281],[77.0763,14.223],[77.0812,14.2142],[77.1008,14.2171],[77.1149,14.2231],[77.1167,14.2264],[77.1156,14.2376],[77.1183,14.2448],[77.116,14.2543],[77.1194,14.2566],[77.1209,14.263],[77.1143,14.2618],[77.1114,14.2689],[77.1164,14.2754],[77.1164,14.2912],[77.1171,14.2932],[77.1258,14.2993],[77.1314,14.3065],[77.1366,14.321],[77.1379,14.3325],[77.1367,14.3368],[77.1397,14.3398],[77.1461,14.3417],[77.1553,14.3427],[77.168,14.3415],[77.1709,14.3359],[77.1792,14.3352],[77.1836,14.3309],[77.1854,14.332],[77.1939,14.3245],[77.1993,14.321],[77.2142,14.3189],[77.2228,14.3198],[77.2289,14.3214],[77.2342,14.3182],[77.2409,14.3173],[77.2476,14.3176],[77.2541,14.3223],[77.2534,14.3253],[77.2585,14.3276],[77.2578,14.3305],[77.2636,14.3328],[77.2693,14.3321],[77.2772,14.3375],[77.2833,14.3374],[77.2866,14.3401],[77.2875,14.3272],[77.2886,14.3271],[77.2889,14.3055],[77.2881,14.2991],[77.2829,14.2861],[77.2836,14.2827],[77.2894,14.2813],[77.3054,14.2834],[77.3143,14.2805],[77.3233,14.2806],[77.3302,14.2799],[77.3391,14.2769],[77.3576,14.2766],[77.3564,14.2799],[77.357,14.2859],[77.3584,14.2889],[77.356,14.293],[77.3572,14.2956],[77.3505,14.2985],[77.3496,14.3085],[77.3466,14.3083],[77.3462,14.3032],[77.3417,14.3048],[77.3349,14.3048],[77.3334,14.3093],[77.3262,14.3093],[77.3203,14.3118],[77.3182,14.3225],[77.3194,14.3282],[77.3179,14.3356],[77.3251,14.3358],[77.3286,14.3383],[77.3294,14.3429],[77.3275,14.3471],[77.3308,14.349],[77.3328,14.353],[77.3276,14.3578],[77.3262,14.3614],[77.3265,14.3689],[77.3208,14.3713],[77.3177,14.3778],[77.3183,14.3894],[77.3195,14.397],[77.3193,14.411],[77.3217,14.4186],[77.3225,14.4269],[77.3245,14.4361],[77.3265,14.4368],[77.3319,14.444],[77.3348,14.446],[77.3329,14.4527],[77.3493,14.4567],[77.3509,14.4598],[77.3553,14.4614],[77.3632,14.4622],[77.3633,14.4666],[77.3609,14.4728],[77.3595,14.4822],[77.3615,14.4864],[77.3774,14.4983],[77.3708,14.5097],[77.3684,14.5123],[77.3672,14.5165],[77.3579,14.53],[77.3563,14.5393],[77.3741,14.5438],[77.3773,14.5463],[77.3809,14.5456],[77.3828,14.5488],[77.3867,14.5493],[77.3867,14.5522],[77.39,14.5541],[77.3988,14.5539],[77.407,14.5502],[77.4131,14.5517],[77.4165,14.5514],[77.4265,14.5531],[77.4355,14.5568],[77.4477,14.5604],[77.4523,14.5651],[77.4597,14.5672],[77.4641,14.5723],[77.4715,14.5703],[77.4716,14.5651],[77.4697,14.5556],[77.473,14.5566],[77.4771,14.5445],[77.4777,14.5327],[77.4739,14.5218],[77.4723,14.5149],[77.4759,14.5065],[77.4791,14.5023],[77.4785,14.4972],[77.4822,14.4918],[77.4848,14.4899],[77.479,14.4796],[77.4916,14.4719],[77.4925,14.4745],[77.5038,14.4812],[77.5037,14.4792],[77.5126,14.4833],[77.5179,14.4877],[77.5181,14.4896],[77.5305,14.4861],[77.5329,14.4839],[77.5333,14.4803],[77.5316,14.4759],[77.5375,14.4685],[77.5473,14.4598],[77.5529,14.4627],[77.5711,14.4626],[77.5715,14.4598],[77.5687,14.4535],[77.5715,14.4529],[77.5733,14.456],[77.581,14.4547],[77.5808,14.4594],[77.5849,14.4605],[77.5942,14.4608],[77.6032,14.4595],[77.6102,14.4607],[77.6139,14.4695],[77.6163,14.4784],[77.6237,14.4791],[77.6306,14.4832],[77.6343,14.4896],[77.6379,14.4902],[77.6448,14.4895],[77.6556,14.4829],[77.6611,14.4838],[77.6687,14.4893],[77.677,14.4983],[77.6774,14.5057],[77.6641,14.5156],[77.6543,14.5192],[77.6498,14.5183],[77.6525,14.528],[77.6543,14.5316],[77.6545,14.5363],[77.6665,14.5411],[77.6694,14.5413],[77.6758,14.5378],[77.6879,14.5367],[77.6937,14.5375],[77.6962,14.5401],[77.7026,14.5439],[77.7053,14.5489],[77.7061,14.556],[77.7091,14.5582],[77.7121,14.5718],[77.7148,14.5761],[77.721,14.5798],[77.7231,14.5776],[77.7289,14.5748],[77.7364,14.5767],[77.7387,14.5863],[77.7344,14.5891],[77.7387,14.5925],[77.7542,14.595],[77.7583,14.597],[77.7614,14.5942],[77.7736,14.5957],[77.7786,14.6003],[77.7952,14.6134],[77.7997,14.6125],[77.8045,14.6161],[77.8063,14.6134],[77.8139,14.6073],[77.8177,14.6014],[77.8192,14.6038],[77.823,14.6029],[77.8251,14.6058],[77.8461,14.5987],[77.8521,14.6005],[77.8553,14.6057],[77.8517,14.6098],[77.8468,14.6117],[77.8419,14.6108],[77.8403,14.6129],[77.8492,14.615],[77.8496,14.6132],[77.8558,14.6141],[77.8562,14.6181],[77.8539,14.6194],[77.8538,14.6349],[77.8503,14.638],[77.8525,14.6407],[77.8595,14.6422],[77.8625,14.6446],[77.8702,14.6544],[77.8746,14.6507],[77.8754,14.6464],[77.8794,14.6438],[77.8847,14.6481],[77.8939,14.6485],[77.8948,14.6454],[77.8987,14.6434],[77.9087,14.6443],[77.9139,14.6414],[77.9208,14.6419],[77.9314,14.6398],[77.9367,14.6378],[77.94,14.6382],[77.9443,14.6355],[77.9511,14.6363],[77.9579,14.6353],[77.9626,14.6279],[77.9678,14.624],[77.9748,14.6237],[77.9805,14.6217],[77.991,14.6117],[77.9883,14.6111],[77.9881,14.6066],[77.9822,14.5955],[77.9874,14.5844],[77.9874,14.5663],[77.9823,14.5672],[77.9836,14.565],[77.9851,14.555],[77.9848,14.5496],[77.9829,14.5461],[77.9879,14.5404],[77.9942,14.5394],[78.0008,14.5395],[78.0125,14.5368],[78.0144,14.5384],[78.0223,14.5336],[78.0255,14.5349],[78.0304,14.5338],[78.0401,14.534],[78.0423,14.5371],[78.0444,14.5472],[78.0388,14.5564],[78.0379,14.5625],[78.0395,14.5672],[78.0447,14.5677],[78.0526,14.5717],[78.0593,14.5735],[78.0648,14.573],[78.0676,14.5808],[78.07,14.5814],[78.0746,14.5891],[78.077,14.5983],[78.0812,14.6083],[78.0819,14.613],[78.0852,14.6164],[78.0868,14.6213],[78.0884,14.6313],[78.1045,14.6286],[78.1137,14.6289],[78.1127,14.6262],[78.1222,14.6244],[78.1243,14.6306],[78.1197,14.6349],[78.1299,14.6498],[78.1327,14.6763],[78.1352,14.6882],[78.135,14.6962],[78.1256,14.6981],[78.1196,14.6979],[78.1194,14.6935],[78.1169,14.6923],[78.1099,14.6931],[78.107,14.7002],[78.0968,14.7017],[78.098,14.7091],[78.0954,14.7095],[78.0944,14.7141],[78.0871,14.7173],[78.0779,14.7188],[78.067,14.7162],[78.0637,14.7192],[78.0658,14.7216],[78.0693,14.7292],[78.0779,14.7459],[78.0765,14.7531],[78.0733,14.7572],[78.0696,14.7579],[78.0621,14.7627],[78.0607,14.7654],[78.0541,14.7689],[78.0474,14.7712],[78.047,14.7751],[78.0552,14.7841],[78.0584,14.7906],[78.0614,14.7923],[78.0658,14.7978],[78.0688,14.8055],[78.0728,14.8139],[78.0756,14.8169],[78.0768,14.8279],[78.0833,14.8255],[78.0846,14.8239],[78.098,14.8183],[78.1014,14.8177],[78.1095,14.8426],[78.1139,14.8514],[78.1093,14.8545],[78.0895,14.8583],[78.09,14.863],[78.093,14.8723],[78.0955,14.884],[78.0947,14.8852],[78.0986,14.8946],[78.1087,14.9229],[78.1134,14.9324],[78.1227,14.9348],[78.1267,14.9339],[78.1312,14.9349],[78.1349,14.9398],[78.1375,14.9452],[78.1375,14.9487],[78.1341,14.9614],[78.1263,14.9628],[78.1251,14.9654],[78.1207,14.9654],[78.1173,14.9673],[78.0988,14.9683],[78.0874,14.9731],[78.0886,14.9829],[78.0852,14.9838],[78.0824,14.9872],[78.0657,14.9958],[78.0603,15.0044],[78.0571,15.0017],[78.0546,14.993],[78.034,15.0006],[78.0323,15.0058],[78.0299,15.0071],[78.0266,15.0125],[78.0268,15.017],[78.022,15.0177],[78.0189,15.0201],[78.0108,15.0291],[78.0102,15.0382],[78.0108,15.0526],[78.0054,15.0536],[78.002,15.0583],[77.9955,15.0648],[77.9961,15.0684],[77.9987,15.0727],[77.9963,15.0777],[77.999,15.0834],[78.0028,15.0815],[78.0059,15.0825],[78.0069,15.0882],[78.0068,15.0948],[78.0126,15.1024],[78.014,15.103],[78.0145,15.1125],[78.0129,15.1161],[78.0099,15.1177],[78.0066,15.1234],[78.0025,15.1227],[77.9971,15.1261],[77.9938,15.1343],[77.9856,15.1377],[77.9746,15.1401],[77.9699,15.1301],[77.9649,15.1237],[77.9641,15.1156],[77.9613,15.1098],[77.9456,15.1129],[77.9366,15.1156],[77.9326,15.1133],[77.9264,15.1171],[77.9245,15.1163],[77.9198,15.1188],[77.918,15.1214],[77.9111,15.1244],[77.9064,15.1236],[77.9057,15.1301],[77.9073,15.1317],[77.915,15.13],[77.9148,15.133],[77.9088,15.1393],[77.9139,15.1427],[77.9137,15.1455],[77.9192,15.1469],[77.9239,15.1497],[77.9247,15.1534],[77.9205,15.154],[77.9233,15.1586],[77.9233,15.1648],[77.9169,15.1739],[77.9072,15.1765],[77.9042,15.1789],[77.8974,15.1781],[77.889,15.1798],[77.8845,15.1794],[77.8838,15.1762],[77.8852,15.1723],[77.8807,15.1636],[77.8812,15.1505],[77.8754,15.1399],[77.8755,15.1364],[77.8719,15.1367],[77.8531,15.1359],[77.8427,15.1306],[77.839,15.146],[77.8286,15.1452],[77.8256,15.1441],[77.8157,15.144],[77.8098,15.1363],[77.8112,15.1297],[77.8044,15.1238],[77.7963,15.1201],[77.7915,15.1073],[77.7869,15.1096],[77.785,15.114],[77.7811,15.1145],[77.7792,15.1118],[77.7713,15.1146],[77.7738,15.1223],[77.7739,15.1255],[77.7689,15.1259],[77.7603,15.1284],[77.7492,15.1293],[77.7474,15.1326],[77.7467,15.1413],[77.7429,15.1457],[77.7344,15.1479],[77.7305,15.1513],[77.7293,15.1544],[77.7302,15.1648],[77.733,15.1689],[77.729,15.171],[77.7226,15.1715],[77.7163,15.1734],[77.7171,15.1801],[77.7118,15.1851],[77.7091,15.1849],[77.7013,15.1808],[77.6961,15.1824],[77.6929,15.1848],[77.6931,15.1889],[77.6953,15.1959],[77.6986,15.2008],[77.6987,15.2041],[77.6961,15.2083],[77.691,15.2078],[77.6879,15.2104],[77.6889,15.2144],[77.6819,15.2151],[77.6788,15.2178],[77.6764,15.2225],[77.6772,15.2289],[77.6715,15.2329]]]},"properties":{"district_name":"Ananthapuramu","district_id":"ananthapuramu","ST_NAME":"Andhra Pradesh"}},{"type":"Feature","geometry":{"type":"Polygon","coordinates":[[[79.4284,14.1858],[79.4291,14.1946],[79.4246,14.2007],[79.4227,14.2076],[79.4258,14.2146],[79.4251,14.2222],[79.4303,14.2327],[79.4318,14.2378],[79.4357,14.2443],[79.4305,14.2501],[79.4273,14.2522],[79.4198,14.2659],[79.4195,14.2779],[79.4215,14.2813],[79.4166,14.2895],[79.3998,14.32],[79.397,14.3281],[79.3895,14.3421],[79.381,14.3465],[79.3756,14.3481],[79.3664,14.3523],[79.3648,14.3588],[79.3667,14.3611],[79.3675,14.3706],[79.3649,14.3733],[79.3636,14.3807],[79.3592,14.3828],[79.3558,14.3923],[79.3514,14.3971],[79.3491,14.4013],[79.3487,14.4064],[79.3432,14.4094],[79.3418,14.4136],[79.3357,14.4186],[79.3299,14.4277],[79.3273,14.4367],[79.3247,14.4572],[79.3267,14.4589],[79.3176,14.4743],[79.3154,14.4791],[79.3109,14.4801],[79.3069,14.4851],[79.302,14.486],[79.2995,14.4843],[79.2894,14.4802],[79.2895,14.4782],[79.2949,14.4748],[79.2968,14.4684],[79.2999,14.4668],[79.298,14.4616],[79.3024,14.4581],[79.3018,14.4541],[79.3067,14.4442],[79.3105,14.4403],[79.309,14.4378],[79.3084,14.4297],[79.3105,14.4267],[79.3066,14.421],[79.3067,14.4124],[79.3015,14.4087],[79.2999,14.4061],[79.3013,14.402],[79.3027,14.3923],[79.3084,14.3908],[79.3094,14.3866],[79.3141,14.3814],[79.31,14.3692],[79.3062,14.3605],[79.291,14.3772],[79.2867,14.3828],[79.2847,14.3886],[79.2782,14.3964],[79.2735,14.3944],[79.2644,14.3926],[79.2562,14.3972],[79.2489,14.4044],[79.2452,14.4051],[79.2412,14.4092],[79.2324,14.414],[79.2251,14.4068],[79.2169,14.4017],[79.2078,14.3969],[79.2139,14.3889],[79.2144,14.3851],[79.2177,14.3823],[79.225,14.3787],[79.229,14.378],[79.2287,14.3699],[79.2253,14.3684],[79.2177,14.3755],[79.2147,14.3759],[79.2151,14.3639],[79.2163,14.3617],[79.216,14.3559],[79.2134,14.3538],[79.2093,14.3539],[79.2033,14.3498],[79.2004,14.3569],[79.2013,14.3619],[79.1943,14.3726],[79.1867,14.3757],[79.1851,14.3777],[79.1808,14.3774],[79.1781,14.3749],[79.1641,14.3563],[79.156,14.3564],[79.1409,14.3714],[79.1348,14.3697],[79.1208,14.3706],[79.1247,14.3644],[79.1209,14.359],[79.1275,14.3475],[79.1318,14.3374],[79.1349,14.3339],[79.1442,14.3295],[79.1548,14.3277],[79.156,14.315],[79.1495,14.305],[79.1464,14.2951],[79.1349,14.2966],[79.1355,14.2999],[79.1252,14.3022],[79.1187,14.3058],[79.1074,14.3045],[79.0984,14.3065],[79.0947,14.3041],[79.0948,14.301],[79.0901,14.2988],[79.0841,14.2981],[79.0795,14.2934],[79.0766,14.2839],[79.0712,14.2784],[79.0681,14.2785],[79.0632,14.2823],[79.0575,14.2842],[79.0499,14.2832],[79.0458,14.2853],[79.0402,14.2818],[79.0346,14.2838],[79.0272,14.2902],[79.0247,14.2902],[79.0056,14.2794],[78.9996,14.2785],[78.9965,14.2766],[78.9939,14.2704],[78.9902,14.271],[78.9858,14.2766],[78.9698,14.2832],[78.9411,14.2712],[78.9361,14.2713],[78.9286,14.2764],[78.9233,14.2845],[78.9178,14.2914],[78.9115,14.2967],[78.9087,14.3034],[78.9022,14.3219],[78.8924,14.321],[78.8813,14.3233],[78.88,14.3199],[78.8734,14.3117],[78.8718,14.3073],[78.8716,14.2977],[78.8602,14.298],[78.8494,14.2974],[78.839,14.2983],[78.8273,14.292],[78.8137,14.2912],[78.809,14.2961],[78.8018,14.3011],[78.7929,14.3034],[78.7807,14.3089],[78.7695,14.3165],[78.7628,14.3146],[78.7615,14.3101],[78.7552,14.307],[78.7498,14.306],[78.7479,14.3095],[78.7444,14.3097],[78.7486,14.2998],[78.7376,14.2949],[78.7167,14.2937],[78.7154,14.2946],[78.7024,14.2948],[78.6909,14.2974],[78.674,14.2985],[78.6659,14.2964],[78.6681,14.2868],[78.6669,14.2784],[78.6815,14.264],[78.6745,14.2473],[78.6666,14.2461],[78.652,14.2501],[78.6553,14.2593],[78.6597,14.2655],[78.6516,14.27],[78.6498,14.2739],[78.6423,14.2714],[78.6276,14.278],[78.6196,14.2827],[78.6099,14.279],[78.6078,14.2833],[78.6022,14.2825],[78.6008,14.2768],[78.5934,14.2732],[78.5959,14.2655],[78.5989,14.2492],[78.6038,14.244],[78.6128,14.2381],[78.6185,14.2265],[78.6229,14.2233],[78.6234,14.2182],[78.626,14.2154],[78.6265,14.2107],[78.6153,14.2047],[78.6064,14.2018],[78.6053,14.1983],[78.5993,14.1954],[78.5975,14.1913],[78.5907,14.1903],[78.5899,14.1835],[78.5876,14.1775],[78.5824,14.1765],[78.5733,14.1793],[78.572,14.1764],[78.5652,14.1745],[78.5667,14.169],[78.5648,14.1601],[78.5715,14.1652],[78.5744,14.1645],[78.5751,14.1598],[78.573,14.1555],[78.5697,14.1549],[78.5652,14.1492],[78.563,14.1435],[78.5702,14.138],[78.5727,14.1391],[78.5811,14.1319],[78.5762,14.1309],[78.5768,14.1259],[78.5717,14.1186],[78.5667,14.1147],[78.5597,14.115],[78.5585,14.1197],[78.5554,14.1165],[78.5513,14.1165],[78.5514,14.1229],[78.5457,14.1224],[78.5437,14.1258],[78.5472,14.1329],[78.5649,14.1363],[78.5612,14.1393],[78.554,14.1476],[78.5551,14.1488],[78.5482,14.1553],[78.5402,14.1538],[78.533,14.1542],[78.5289,14.1533],[78.5272,14.1581],[78.5251,14.1693],[78.5207,14.17],[78.5129,14.168],[78.5059,14.1685],[78.4983,14.1704],[78.4933,14.1659],[78.4838,14.1637],[78.4791,14.1641],[78.4774,14.1608],[78.4736,14.1577],[78.4667,14.1542],[78.4614,14.1483],[78.4555,14.1456],[78.4494,14.1441],[78.4435,14.1385],[78.4488,14.1325],[78.4514,14.1232],[78.4548,14.1152],[78.4596,14.1115],[78.4617,14.1081],[78.4591,14.0918],[78.4546,14.0848],[78.4447,14.0849],[78.4429,14.0811],[78.4435,14.0775],[78.446,14.0757],[78.4462,14.0613],[78.4468,14.0565],[78.4493,14.0528],[78.4403,14.0437],[78.4418,14.0317],[78.4409,14.019],[78.4434,14.0156],[78.4574,14.01],[78.459,14.0086],[78.4701,14.0077],[78.4687,14.0053],[78.4675,13.9959],[78.4628,13.9917],[78.4607,13.9876],[78.4534,13.9843],[78.4461,13.9821],[78.4427,13.9838],[78.4349,13.9793],[78.4277,13.9794],[78.4252,13.972],[78.4207,13.9639],[78.4151,13.9621],[78.4049,13.957],[78.3974,13.9508],[78.3916,13.9449],[78.3898,13.9412],[78.3869,13.9393],[78.3786,13.9415],[78.3725,13.9452],[78.3759,13.9524],[78.3706,13.957],[78.3597,13.945],[78.3523,13.9386],[78.3486,13.94],[78.3472,13.9355],[78.3377,13.9371],[78.336,13.9305],[78.3369,13.9273],[78.3335,13.9223],[78.3319,13.9181],[78.3258,13.9221],[78.3185,13.9212],[78.3102,13.914],[78.3081,13.91],[78.3052,13.908],[78.301,13.9083],[78.2982,13.9049],[78.2989,13.9003],[78.2957,13.8926],[78.2897,13.8922],[78.2851,13.894],[78.2818,13.8977],[78.2781,13.8958],[78.2731,13.8956],[78.2785,13.8896],[78.2746,13.8866],[78.2752,13.8826],[78.2682,13.8729],[78.2691,13.8677],[78.2641,13.8657],[78.2633,13.8629],[78.2653,13.8578],[78.2594,13.8587],[78.2581,13.8544],[78.2537,13.8528],[78.2426,13.8511],[78.2412,13.846],[78.2485,13.8416],[78.2515,13.8381],[78.2561,13.8367],[78.2563,13.824],[78.255,13.8198],[78.2555,13.8066],[78.2634,13.7982],[78.2619,13.7914],[78.2579,13.7926],[78.2515,13.7919],[78.2496,13.7871],[78.2359,13.7808],[78.2255,13.7811],[78.2167,13.7832],[78.2086,13.7822],[78.2034,13.7855],[78.1933,13.7861],[78.1891,13.7896],[78.1833,13.7884],[78.1825,13.7863],[78.1744,13.7865],[78.1633,13.7846],[78.1516,13.7868],[78.1479,13.7822],[78.1406,13.7827],[78.1291,13.7849],[78.1252,13.7867],[78.1208,13.779],[78.1189,13.7721],[78.1135,13.7648],[78.1082,13.763],[78.0997,13.7584],[78.0937,13.7451],[78.0917,13.7423],[78.0991,13.7376],[78.1047,13.7365],[78.109,13.7304],[78.1121,13.7246],[78.1158,13.7227],[78.121,13.7154],[78.1151,13.7034],[78.1135,13.6925],[78.109,13.6927],[78.0985,13.6909],[78.086,13.6921],[78.0801,13.6965],[78.0709,13.6984],[78.0694,13.6977],[78.0697,13.6908],[78.073,13.6853],[78.0704,13.6811],[78.0661,13.6769],[78.0723,13.6741],[78.0771,13.6735],[78.0781,13.6681],[78.0807,13.6654],[78.0898,13.6594],[78.0871,13.6516],[78.0873,13.6431],[78.0989,13.643],[78.1011,13.6457],[78.1024,13.6512],[78.1071,13.6525],[78.1141,13.6575],[78.1256,13.6559],[78.1305,13.6592],[78.1349,13.6594],[78.1383,13.658],[78.1575,13.6576],[78.1663,13.6559],[78.1693,13.6538],[78.1679,13.6457],[78.1687,13.6409],[78.1676,13.6374],[78.1684,13.6326],[78.176,13.6305],[78.1891,13.6305],[78.1956,13.6284],[78.2039,13.6284],[78.203,13.6208],[78.2034,13.6071],[78.2023,13.6037],[78.1982,13.5977],[78.19,13.5894],[78.1893,13.5764],[78.1897,13.5713],[78.1933,13.5644],[78.2029,13.5682],[78.2079,13.5761],[78.2117,13.579],[78.2149,13.5844],[78.2162,13.5903],[78.2196,13.5927],[78.2221,13.5896],[78.2281,13.5866],[78.2326,13.5871],[78.2351,13.5911],[78.2362,13.5986],[78.2421,13.5957],[78.2436,13.5969],[78.2493,13.591],[78.2586,13.5851],[78.2609,13.5848],[78.2704,13.5881],[78.2959,13.5902],[78.3074,13.5922],[78.3145,13.5915],[78.3251,13.5949],[78.3299,13.5943],[78.3467,13.5908],[78.3486,13.5868],[78.355,13.5872],[78.3612,13.589],[78.3707,13.59],[78.3841,13.5921],[78.3934,13.5907],[78.3961,13.5882],[78.402,13.588],[78.4016,13.5786],[78.4067,13.577],[78.4031,13.5715],[78.4008,13.565],[78.3991,13.5639],[78.3963,13.557],[78.3931,13.5526],[78.3936,13.5407],[78.3841,13.5249],[78.3856,13.5155],[78.3753,13.509],[78.3769,13.5052],[78.3748,13.5028],[78.378,13.5],[78.3777,13.4957],[78.3788,13.482],[78.3746,13.4769],[78.3708,13.4695],[78.3727,13.4627],[78.3746,13.4619],[78.3729,13.4521],[78.3757,13.4439],[78.379,13.4401],[78.3756,13.4374],[78.3775,13.4319],[78.3774,13.424],[78.3806,13.4189],[78.3791,13.4157],[78.3811,13.4088],[78.3818,13.3975],[78.3788,13.3836],[78.3724,13.3785],[78.3691,13.3732],[78.3651,13.3618],[78.3658,13.3587],[78.3697,13.3583],[78.3708,13.3615],[78.3776,13.3631],[78.3949,13.3543],[78.3932,13.3507],[78.4045,13.3479],[78.4084,13.3457],[78.4073,13.3375],[78.393,13.3338],[78.3849,13.3349],[78.3884,13.3391],[78.3877,13.3428],[78.383,13.3436],[78.3783,13.3372],[78.3772,13.332],[78.3871,13.3318],[78.3922,13.3253],[78.3993,13.3207],[78.4011,13.3155],[78.4189,13.3206],[78.4218,13.3283],[78.428,13.3313],[78.4404,13.3284],[78.44,13.3218],[78.4442,13.3081],[78.4526,13.3101],[78.4577,13.3138],[78.4667,13.3151],[78.4702,13.3198],[78.4769,13.3226],[78.4789,13.322],[78.4828,13.3247],[78.4893,13.326],[78.4929,13.3355],[78.4967,13.3384],[78.5037,13.338],[78.5104,13.341],[78.5173,13.3411],[78.519,13.3479],[78.5243,13.3527],[78.525,13.357],[78.5214,13.3639],[78.5146,13.365],[78.5058,13.3679],[78.5077,13.3717],[78.5139,13.3755],[78.5204,13.3785],[78.5216,13.3806],[78.5189,13.3893],[78.5192,13.3963],[78.5167,13.401],[78.5191,13.4059],[78.5184,13.411],[78.5112,13.4166],[78.51,13.4212],[78.5011,13.4241],[78.4994,13.4283],[78.502,13.4378],[78.5056,13.4411],[78.5052,13.4432],[78.4891,13.4446],[78.4816,13.4423],[78.4811,13.4475],[78.4854,13.4504],[78.4772,13.4554],[78.4827,13.4578],[78.4857,13.4625],[78.4873,13.4686],[78.4941,13.4757],[78.4993,13.4831],[78.506,13.4848],[78.508,13.4815],[78.5108,13.4823],[78.5248,13.4837],[78.5293,13.4858],[78.5312,13.4888],[78.5359,13.489],[78.5379,13.486],[78.5434,13.4833],[78.5454,13.4888],[78.5491,13.4915],[78.5522,13.5009],[78.5571,13.5017],[78.5589,13.5062],[78.5624,13.5082],[78.564,13.5123],[78.5677,13.5158],[78.5725,13.509],[78.5828,13.5001],[78.5908,13.4944],[78.5965,13.4893],[78.6008,13.4873],[78.6071,13.4907],[78.6138,13.4908],[78.6184,13.489],[78.6239,13.4849],[78.629,13.4849],[78.6439,13.4897],[78.6532,13.4877],[78.6593,13.4839],[78.6645,13.4915],[78.6634,13.4993],[78.6438,13.5086],[78.6376,13.5079],[78.6321,13.5136],[78.6357,13.5181],[78.6433,13.5203],[78.6511,13.5246],[78.6591,13.5267],[78.6749,13.5196],[78.6759,13.5142],[78.6749,13.5088],[78.6718,13.5069],[78.673,13.504],[78.6776,13.5042],[78.6823,13.5107],[78.6826,13.5144],[78.6857,13.5212],[78.6846,13.524],[78.6918,13.5294],[78.6922,13.5354],[78.7039,13.5377],[78.7065,13.5362],[78.7175,13.5384],[78.7215,13.5382],[78.7214,13.5313],[78.7146,13.524],[78.71,13.5162],[78.7138,13.5139],[78.721,13.5221],[78.7277,13.5257],[78.7335,13.5269],[78.7393,13.5301],[78.7378,13.5401],[78.7415,13.5423],[78.7389,13.5464],[78.7416,13.5562],[78.7391,13.5582],[78.7393,13.569],[78.7464,13.5814],[78.7507,13.5868],[78.7608,13.5855],[78.7639,13.586],[78.7704,13.5834],[78.782,13.5833],[78.788,13.5809],[78.792,13.5825],[78.8027,13.5819],[78.8043,13.5859],[78.8022,13.5919],[78.8022,13.5956],[78.7989,13.6041],[78.796,13.6062],[78.7948,13.6114],[78.799,13.6152],[78.8084,13.6123],[78.8182,13.6124],[78.8188,13.6163],[78.8259,13.6259],[78.8326,13.6327],[78.8403,13.6377],[78.8459,13.644],[78.8477,13.6482],[78.8514,13.6493],[78.8524,13.6651],[78.8542,13.6718],[78.8626,13.6661],[78.8627,13.6584],[78.8667,13.6578],[78.8712,13.6595],[78.8821,13.6598],[78.88,13.6555],[78.8801,13.6507],[78.8836,13.6407],[78.8826,13.6348],[78.8855,13.6343],[78.8866,13.6273],[78.8857,13.6237],[78.8814,13.6231],[78.8785,13.6193],[78.8718,13.6059],[78.8731,13.5983],[78.8794,13.5928],[78.8862,13.594],[78.898,13.5941],[78.9013,13.5924],[78.9047,13.5855],[78.9122,13.5802],[78.9157,13.5813],[78.9218,13.5801],[78.9279,13.582],[78.9333,13.5887],[78.9342,13.5927],[78.945,13.5892],[78.9467,13.5846],[78.9551,13.5823],[78.9585,13.5885],[78.9597,13.5938],[78.9697,13.5938],[78.9735,13.6035],[78.9738,13.6136],[78.971,13.6188],[78.9687,13.6201],[78.9676,13.625],[78.9789,13.63],[78.9967,13.6313],[78.9941,13.6365],[78.9974,13.6395],[78.994,13.6417],[78.992,13.6464],[78.9922,13.6519],[78.9881,13.6527],[78.9789,13.6509],[78.9767,13.6541],[78.9784,13.6569],[78.9827,13.6563],[78.9842,13.6607],[78.9899,13.6649],[78.995,13.6651],[78.9955,13.6699],[78.9925,13.6733],[78.9918,13.6768],[78.9864,13.6773],[78.9848,13.6873],[78.9785,13.6921],[78.9761,13.7084],[78.9766,13.7153],[78.9782,13.7208],[78.9909,13.7234],[78.9954,13.7252],[78.9991,13.7245],[79.0062,13.7273],[79.0101,13.7319],[79.0124,13.738],[79.0168,13.7412],[79.0285,13.7432],[79.0304,13.742],[79.0387,13.7466],[79.0368,13.761],[79.0386,13.7636],[79.0388,13.7719],[79.0367,13.7711],[79.0277,13.7733],[79.0243,13.7755],[79.0214,13.7829],[79.0231,13.798],[79.0242,13.8016],[79.0278,13.8013],[79.0403,13.8035],[79.0405,13.8082],[79.0423,13.8145],[79.0372,13.8188],[79.0334,13.8171],[79.027,13.8173],[79.0237,13.8195],[79.0215,13.8248],[79.0157,13.825],[79.0151,13.8341],[79.0124,13.8377],[79.0121,13.8448],[79.0189,13.8448],[79.0243,13.8491],[79.0209,13.8579],[79.0316,13.8598],[79.038,13.8571],[79.044,13.8588],[79.0468,13.8561],[79.0499,13.8631],[79.0432,13.8643],[79.0367,13.8742],[79.022,13.88],[79.0215,13.884],[79.0249,13.8864],[79.0232,13.8894],[79.0236,13.8941],[79.0176,13.8968],[79.0128,13.897],[79.0109,13.9022],[79.006,13.9025],[79.0051,13.9051],[79.0082,13.9076],[79.0151,13.9044],[79.0237,13.903],[79.0237,13.8957],[79.0254,13.8915],[79.0301,13.8888],[79.036,13.8881],[79.0485,13.8842],[79.0533,13.8843],[79.067,13.8817],[79.0717,13.8815],[79.0828,13.8788],[79.0964,13.8559],[79.0964,13.85],[79.1263,13.8496],[79.1376,13.8575],[79.1484,13.8656],[79.1515,13.8581],[79.1571,13.8533],[79.1634,13.8491],[79.169,13.8468],[79.1716,13.8472],[79.1737,13.8422],[79.1774,13.838],[79.1873,13.8305],[79.205,13.8208],[79.211,13.8149],[79.2157,13.8121],[79.2126,13.8102],[79.2111,13.806],[79.2029,13.8092],[79.1971,13.8029],[79.1943,13.8032],[79.1911,13.793],[79.1975,13.7889],[79.201,13.7818],[79.2089,13.7769],[79.2156,13.7743],[79.2184,13.7718],[79.2204,13.7666],[79.2202,13.7618],[79.2249,13.7563],[79.2282,13.7546],[79.2372,13.7525],[79.241,13.7505],[79.2413,13.7599],[79.2565,13.7599],[79.2852,13.759],[79.2926,13.7583],[79.2974,13.7461],[79.3055,13.723],[79.3466,13.7412],[79.3611,13.7479],[79.3675,13.7514],[79.3722,13.7553],[79.377,13.7556],[79.3805,13.7575],[79.3921,13.7608],[79.4133,13.7626],[79.4157,13.7638],[79.4194,13.7697],[79.4194,13.7773],[79.4154,13.778],[79.4188,13.7844],[79.4265,13.7853],[79.4289,13.7818],[79.4341,13.7812],[79.439,13.7791],[79.4485,13.7799],[79.457,13.7839],[79.4654,13.7925],[79.471,13.797],[79.4633,13.7974],[79.458,13.7993],[79.4575,13.8104],[79.4552,13.8245],[79.4448,13.8426],[79.4384,13.8552],[79.4348,13.8681],[79.4341,13.8766],[79.4407,13.886],[79.4437,13.8914],[79.44,13.9018],[79.4405,13.9044],[79.4446,13.9069],[79.4481,13.9153],[79.455,13.923],[79.455,13.9308],[79.4576,13.9329],[79.4574,13.9437],[79.4587,13.9473],[79.4568,13.9536],[79.4531,13.9545],[79.4514,13.9618],[79.4524,13.9663],[79.4503,13.9727],[79.4557,13.9885],[79.4527,13.994],[79.4433,13.9979],[79.44,14.0065],[79.437,14.0251],[79.4409,14.0336],[79.4435,14.0415],[79.4428,14.0618],[79.45,14.0709],[79.4521,14.08],[79.4503,14.09],[79.454,14.0961],[79.4544,14.1018],[79.4524,14.1031],[79.4505,14.1083],[79.445,14.1165],[79.4426,14.1256],[79.4411,14.1343],[79.4382,14.141],[79.4376,14.1492],[79.4334,14.1684],[79.4287,14.1817],[79.4284,14.1858]]]},"properties":{"district_name":"Annamayya","district_id":"annamayya","ST_NAME":"Andhra Pradesh"}},{"type":"Feature","geometry":{"type":"Polygon","coordinates":[[[80.803,16.2422],[80.7919,16.242],[80.7792,16.2471],[80.7779,16.2502],[80.7817,16.2565],[80.7784,16.2566],[80.7749,16.25],[80.7586,16.2548],[80.7561,16.247],[80.75,16.2482],[80.7488,16.2423],[80.7527,16.2424],[80.7485,16.2316],[80.7372,16.2351],[80.7354,16.2427],[80.7264,16.246],[80.7253,16.2437],[80.7196,16.2449],[80.7166,16.234],[80.7144,16.2312],[80.7021,16.2308],[80.7002,16.2285],[80.6921,16.2285],[80.6902,16.212],[80.6858,16.1999],[80.6781,16.199],[80.6729,16.1941],[80.6596,16.1945],[80.6582,16.196],[80.6494,16.1948],[80.6439,16.2055],[80.6431,16.2143],[80.6338,16.214],[80.6207,16.2201],[80.6233,16.2248],[80.621,16.2263],[80.6184,16.2229],[80.6153,16.2219],[80.6082,16.2233],[80.6037,16.2357],[80.5968,16.2358],[80.5916,16.2371],[80.5882,16.2266],[80.5828,16.2293],[80.5758,16.2131],[80.5733,16.2099],[80.5711,16.2041],[80.5611,16.2046],[80.5569,16.2031],[80.5564,16.1989],[80.5578,16.1894],[80.5619,16.1836],[80.5632,16.1756],[80.5535,16.1788],[80.5437,16.1649],[80.5525,16.1636],[80.55,16.1492],[80.5428,16.1417],[80.545,16.1363],[80.5531,16.1337],[80.5568,16.1425],[80.5621,16.1519],[80.5718,16.1507],[80.5696,16.143],[80.5708,16.1393],[80.5696,16.131],[80.5694,16.1216],[80.5799,16.1168],[80.5804,16.1126],[80.5859,16.1079],[80.5886,16.1041],[80.5962,16.1024],[80.5917,16.0756],[80.5919,16.0654],[80.5906,16.0608],[80.5918,16.0545],[80.596,16.0529],[80.5963,16.0474],[80.5919,16.0471],[80.5877,16.0453],[80.5828,16.0408],[80.5871,16.0345],[80.5807,16.0247],[80.5753,16.0278],[80.5739,16.0264],[80.5626,16.0316],[80.5614,16.0271],[80.5607,16.0135],[80.5557,16.0122],[80.5492,16.0132],[80.5465,16.0064],[80.5384,16.0105],[80.5353,15.9967],[80.5247,16.0002],[80.5287,16.0078],[80.5291,16.0146],[80.5221,16.0142],[80.512,16.0032],[80.5054,16.0029],[80.5023,15.9993],[80.4973,15.9967],[80.4937,15.998],[80.4996,16.0055],[80.4907,16.0097],[80.4833,16.0112],[80.4791,16.0084],[80.4683,16.0093],[80.4639,16.0108],[80.4586,16.011],[80.4526,16],[80.4537,15.9933],[80.4522,15.9885],[80.4515,15.9816],[80.4467,15.9828],[80.4338,15.9834],[80.4258,15.9815],[80.4243,15.9903],[80.4252,15.9998],[80.4097,16.0011],[80.3913,16.007],[80.3862,16.0113],[80.3808,16.0113],[80.3713,16.013],[80.3715,16.0158],[80.3657,16.0169],[80.366,16.0193],[80.3589,16.0213],[80.3586,16.027],[80.345,16.029],[80.343,16.0238],[80.3369,16.0213],[80.3355,16.0151],[80.3251,16.0186],[80.3277,16.0256],[80.3183,16.0296],[80.3136,16.0291],[80.3156,16.0378],[80.3183,16.0447],[80.3108,16.0471],[80.3103,16.0502],[80.3061,16.054],[80.3018,16.0555],[80.3004,16.0516],[80.2935,16.0535],[80.2924,16.0508],[80.284,16.0493],[80.2664,16.0515],[80.2624,16.0534],[80.2612,16.046],[80.2455,16.0522],[80.24,16.0526],[80.2371,16.0373],[80.2297,16.0379],[80.2297,16.0322],[80.2194,16.0333],[80.1945,16.0386],[80.1897,16.0386],[80.1877,16.0259],[80.1814,16.0267],[80.1822,16.0346],[80.1703,16.0365],[80.1579,16.0413],[80.1545,16.0417],[80.1549,16.0459],[80.1489,16.0463],[80.1372,16.0457],[80.1354,16.0403],[80.1342,16.0292],[80.1342,16.0225],[80.1328,16.02],[80.1249,16.0192],[80.1208,16.0207],[80.1085,16.0155],[80.1051,16.0154],[80.1001,16.0114],[80.0907,16.0135],[80.0861,16.0209],[80.0878,16.0292],[80.0846,16.0399],[80.0837,16.048],[80.0844,16.0518],[80.0826,16.0553],[80.0797,16.0563],[80.0823,16.063],[80.0732,16.0688],[80.0707,16.0793],[80.074,16.0923],[80.0682,16.095],[80.0612,16.0894],[80.0472,16.0855],[80.0404,16.0927],[80.0448,16.1017],[80.0514,16.1198],[80.0502,16.1241],[80.0519,16.1291],[80.0457,16.1292],[80.041,16.1274],[80.0334,16.123],[80.0317,16.1178],[80.0207,16.1148],[80.0101,16.1194],[80.0114,16.126],[80.0072,16.1301],[80.0062,16.134],[79.9988,16.1364],[80.0006,16.1402],[79.9925,16.1418],[79.9868,16.1409],[79.974,16.1458],[79.9762,16.1504],[79.9721,16.1544],[79.9666,16.1562],[79.9542,16.1632],[79.9521,16.1611],[79.9522,16.1536],[79.9537,16.1516],[79.9487,16.1436],[79.9448,16.1391],[79.9423,16.14],[79.9368,16.1389],[79.9327,16.1322],[79.9278,16.1318],[79.9204,16.1392],[79.9127,16.1439],[79.9016,16.1491],[79.891,16.1513],[79.889,16.1524],[79.8784,16.1547],[79.8758,16.1503],[79.868,16.1408],[79.8659,16.1352],[79.8664,16.1325],[79.8749,16.1289],[79.8697,16.1182],[79.8689,16.1119],[79.8737,16.1122],[79.8682,16.0965],[79.8742,16.0953],[79.8814,16.0926],[79.8833,16.0861],[79.8898,16.0851],[79.8949,16.0875],[79.8952,16.0774],[79.9022,16.0777],[79.9155,16.0751],[79.9146,16.0719],[79.9192,16.07],[79.9202,16.0634],[79.9194,16.0524],[79.9168,16.0473],[79.9088,16.0459],[79.9015,16.0422],[79.8801,16.0393],[79.8785,16.0347],[79.8751,16.0347],[79.8729,16.0297],[79.8696,16.0306],[79.8664,16.022],[79.8645,16.005],[79.865,15.9964],[79.874,15.9991],[79.8793,15.9998],[79.891,15.9954],[79.8911,15.9872],[79.9034,15.9833],[79.8997,15.9766],[79.8981,15.9716],[79.908,15.9679],[79.9117,15.9675],[79.9084,15.9603],[79.9087,15.9555],[79.9031,15.9425],[79.8965,15.947],[79.894,15.9393],[79.886,15.9419],[79.8811,15.9405],[79.8805,15.9376],[79.8762,15.9356],[79.8776,15.9248],[79.8805,15.9185],[79.8832,15.9179],[79.8862,15.9122],[79.8921,15.9083],[79.8947,15.9033],[79.8916,15.9005],[79.8944,15.8933],[79.8947,15.8885],[79.8994,15.8878],[79.9096,15.8784],[79.9058,15.8714],[79.9208,15.8656],[79.9279,15.8586],[79.9371,15.8541],[79.9481,15.8516],[79.9439,15.8443],[79.9425,15.8393],[79.9444,15.8316],[79.9293,15.8275],[79.9208,15.8294],[79.9185,15.823],[79.9166,15.8145],[79.9177,15.8122],[79.9171,15.8056],[79.918,15.7931],[79.9163,15.7844],[79.9123,15.7778],[79.908,15.7628],[79.9189,15.752],[79.9205,15.7468],[79.9165,15.736],[79.9077,15.7335],[79.9054,15.7217],[79.9002,15.7172],[79.895,15.7172],[79.8915,15.7142],[79.8921,15.7083],[79.895,15.7063],[79.8997,15.7005],[79.9116,15.7016],[79.9219,15.6937],[79.9285,15.6916],[79.9342,15.6886],[79.9394,15.687],[79.9424,15.7012],[79.9476,15.6992],[79.9513,15.6994],[79.953,15.7049],[79.956,15.7091],[79.9608,15.7101],[79.9655,15.7085],[79.9683,15.7144],[79.9713,15.7151],[79.974,15.709],[79.9746,15.7049],[79.9794,15.7009],[79.9823,15.7],[79.9899,15.7008],[79.9967,15.6973],[80.0069,15.6939],[80.0193,15.6913],[80.019,15.6865],[80.0238,15.6846],[80.0253,15.688],[80.0243,15.6907],[80.034,15.7048],[80.036,15.7091],[80.0491,15.7028],[80.0517,15.6987],[80.057,15.6956],[80.0633,15.6961],[80.0667,15.6928],[80.0692,15.6822],[80.0723,15.6827],[80.0744,15.6855],[80.0801,15.6857],[80.0876,15.6871],[80.0923,15.6831],[80.1003,15.6812],[80.0976,15.6757],[80.1111,15.6723],[80.1156,15.6698],[80.1234,15.6694],[80.1284,15.6826],[80.1194,15.6854],[80.1122,15.6895],[80.1112,15.6963],[80.1122,15.7005],[80.1259,15.7005],[80.132,15.6931],[80.1378,15.6907],[80.1408,15.6993],[80.1493,15.6976],[80.1514,15.6989],[80.1643,15.7199],[80.1656,15.7264],[80.1723,15.7243],[80.1775,15.733],[80.1831,15.7374],[80.1858,15.7367],[80.1879,15.7476],[80.1906,15.7551],[80.1875,15.7588],[80.1914,15.7639],[80.1973,15.7688],[80.2063,15.7641],[80.2048,15.7601],[80.2074,15.7543],[80.2114,15.752],[80.2095,15.7448],[80.2066,15.7381],[80.2029,15.7332],[80.2005,15.7332],[80.1966,15.7268],[80.1982,15.7259],[80.1943,15.7183],[80.191,15.7146],[80.1884,15.7097],[80.193,15.7075],[80.195,15.701],[80.1924,15.6939],[80.1866,15.6863],[80.1807,15.6875],[80.1778,15.6772],[80.1762,15.6664],[80.1746,15.6627],[80.1713,15.6501],[80.1722,15.6469],[80.1754,15.6461],[80.1768,15.6405],[80.1795,15.6367],[80.1748,15.6312],[80.1746,15.624],[80.1762,15.6212],[80.1807,15.6201],[80.1979,15.6183],[80.213,15.6155],[80.2193,15.6148],[80.237,15.6115],[80.2412,15.6112],[80.2415,15.6135],[80.2465,15.6241],[80.2491,15.6283],[80.2566,15.6437],[80.2634,15.6541],[80.2675,15.6614],[80.2765,15.6744],[80.2822,15.6856],[80.2881,15.693],[80.3064,15.7139],[80.3157,15.7233],[80.323,15.7296],[80.3262,15.7336],[80.3377,15.7431],[80.3501,15.7548],[80.3619,15.7637],[80.3701,15.7685],[80.3832,15.7777],[80.3844,15.7777],[80.4102,15.7935],[80.4277,15.803],[80.4286,15.805],[80.4331,15.8058],[80.4479,15.8137],[80.464,15.8215],[80.4968,15.8362],[80.502,15.8375],[80.5235,15.8454],[80.5282,15.8463],[80.5362,15.8503],[80.544,15.8518],[80.5517,15.8552],[80.5745,15.8628],[80.5873,15.8665],[80.6047,15.8706],[80.6217,15.8736],[80.6348,15.8754],[80.6493,15.8788],[80.6574,15.8796],[80.6769,15.8806],[80.6914,15.8821],[80.7087,15.8813],[80.7267,15.8793],[80.7485,15.8744],[80.7633,15.8677],[80.7674,15.8651],[80.7817,15.8635],[80.794,15.854],[80.8006,15.848],[80.8065,15.8414],[80.8114,15.8345],[80.8128,15.8287],[80.8124,15.8204],[80.8135,15.8156],[80.8104,15.8135],[80.8018,15.8099],[80.7975,15.8109],[80.7914,15.821],[80.7887,15.8327],[80.7853,15.8334],[80.7825,15.8373],[80.7796,15.8356],[80.7829,15.827],[80.7875,15.8195],[80.7945,15.8036],[80.7972,15.7961],[80.8018,15.7898],[80.8038,15.7852],[80.8038,15.7819],[80.8073,15.7708],[80.8116,15.7629],[80.8126,15.7539],[80.8154,15.7387],[80.8146,15.7337],[80.8155,15.7269],[80.8202,15.7133],[80.8231,15.7092],[80.8335,15.707],[80.8345,15.7134],[80.8343,15.7258],[80.8325,15.7384],[80.8325,15.7431],[80.8364,15.7567],[80.8433,15.7765],[80.8469,15.7829],[80.8528,15.7968],[80.8562,15.8072],[80.8617,15.8094],[80.8627,15.8254],[80.8649,15.8279],[80.8715,15.8439],[80.8806,15.8571],[80.8862,15.8564],[80.8895,15.8682],[80.8947,15.8816],[80.897,15.8891],[80.9027,15.9172],[80.8946,15.9231],[80.8968,15.9335],[80.8984,15.9355],[80.8982,15.9421],[80.8966,15.9436],[80.8978,15.9536],[80.8962,15.9542],[80.8965,15.9654],[80.89,15.9608],[80.8924,15.9698],[80.8908,15.9764],[80.8902,15.9907],[80.8913,16.0004],[80.8895,16.0089],[80.8882,16.0194],[80.8832,16.0334],[80.8767,16.0532],[80.8804,16.0544],[80.8804,16.0608],[80.8818,16.0631],[80.8807,16.0687],[80.8768,16.0676],[80.8738,16.0791],[80.8755,16.08],[80.8723,16.0895],[80.8666,16.091],[80.8677,16.1056],[80.8551,16.1039],[80.8544,16.1097],[80.8562,16.115],[80.8636,16.1271],[80.8615,16.1358],[80.859,16.1385],[80.8571,16.1466],[80.8532,16.1507],[80.8491,16.1615],[80.84,16.1737],[80.8401,16.1749],[80.8338,16.1885],[80.8284,16.1988],[80.8335,16.2033],[80.8377,16.2113],[80.8413,16.2156],[80.8206,16.2179],[80.8208,16.2207],[80.8177,16.2343],[80.8175,16.241],[80.8151,16.2417],[80.805,16.2398],[80.803,16.2422]],[[80.2348,15.7692],[80.2292,15.7744],[80.2221,15.7793],[80.2215,15.7818],[80.2253,15.7922],[80.224,15.804],[80.2249,15.8068],[80.2476,15.7978],[80.2579,15.7887],[80.265,15.7854],[80.2733,15.7788],[80.2696,15.7729],[80.2715,15.7706],[80.2677,15.7677],[80.2589,15.7581],[80.257,15.755],[80.2521,15.7586],[80.2452,15.7621],[80.2348,15.7692]]]},"properties":{"district_name":"Bapatla","district_id":"bapatla","ST_NAME":"Andhra Pradesh"}},{"type":"Feature","geometry":{"type":"Polygon","coordinates":[[[79.7795,13.3063],[79.774,13.3112],[79.7668,13.3214],[79.7565,13.3222],[79.7525,13.3275],[79.749,13.3385],[79.7457,13.3454],[79.7386,13.3556],[79.7319,13.359],[79.731,13.364],[79.7271,13.3679],[79.7219,13.368],[79.7238,13.3744],[79.7215,13.3827],[79.7195,13.3855],[79.7147,13.3865],[79.7024,13.3866],[79.7002,13.3913],[79.7024,13.3996],[79.7059,13.4027],[79.7079,13.413],[79.7103,13.4171],[79.715,13.4211],[79.7125,13.4254],[79.7136,13.432],[79.7125,13.4399],[79.7008,13.4433],[79.6957,13.4441],[79.6924,13.4408],[79.6896,13.4405],[79.6815,13.4427],[79.6737,13.4384],[79.6727,13.4311],[79.6729,13.4144],[79.6647,13.4101],[79.6612,13.4112],[79.6502,13.4105],[79.6508,13.4069],[79.6488,13.4001],[79.6434,13.3983],[79.6421,13.3947],[79.6334,13.3931],[79.6276,13.3929],[79.6267,13.3977],[79.6185,13.3982],[79.6183,13.3967],[79.599,13.3988],[79.587,13.3952],[79.5784,13.3933],[79.578,13.3873],[79.5804,13.384],[79.5792,13.3799],[79.5734,13.379],[79.5633,13.3751],[79.5521,13.3685],[79.5434,13.362],[79.5405,13.3573],[79.5377,13.3462],[79.5386,13.3439],[79.5359,13.3382],[79.5374,13.3386],[79.5407,13.3319],[79.5418,13.3273],[79.5394,13.3217],[79.544,13.3171],[79.5424,13.3107],[79.5349,13.3014],[79.5351,13.298],[79.5412,13.2927],[79.5388,13.2879],[79.5352,13.2851],[79.5337,13.2791],[79.5352,13.275],[79.54,13.2724],[79.5584,13.2727],[79.5654,13.2678],[79.5669,13.2652],[79.574,13.259],[79.5826,13.2573],[79.5904,13.2606],[79.5938,13.2662],[79.5956,13.2847],[79.6062,13.2882],[79.6076,13.286],[79.6063,13.2818],[79.6082,13.2807],[79.6141,13.2827],[79.6196,13.2795],[79.6237,13.2741],[79.6288,13.2697],[79.634,13.2715],[79.6316,13.2773],[79.6344,13.2774],[79.634,13.2824],[79.6382,13.2846],[79.6428,13.285],[79.6425,13.2901],[79.6518,13.2918],[79.6552,13.2853],[79.6631,13.2897],[79.6662,13.287],[79.6647,13.2819],[79.6715,13.2802],[79.6742,13.2818],[79.6759,13.2853],[79.6759,13.29],[79.6781,13.2974],[79.6821,13.2946],[79.6812,13.2886],[79.6895,13.283],[79.6905,13.2803],[79.6939,13.2798],[79.6937,13.2735],[79.6889,13.271],[79.6919,13.2682],[79.6938,13.2637],[79.6912,13.261],[79.6876,13.2667],[79.6805,13.2645],[79.6783,13.2617],[79.6802,13.2528],[79.6843,13.2444],[79.6891,13.2398],[79.6919,13.2397],[79.6931,13.2433],[79.6963,13.2433],[79.6983,13.251],[79.701,13.253],[79.7082,13.25],[79.7125,13.2447],[79.7112,13.2425],[79.7141,13.2357],[79.7075,13.235],[79.7041,13.2305],[79.7027,13.2224],[79.7079,13.2215],[79.7184,13.2165],[79.7216,13.2235],[79.7259,13.2217],[79.7308,13.2235],[79.7326,13.2369],[79.7373,13.2365],[79.7391,13.2295],[79.7428,13.2283],[79.7425,13.2253],[79.7464,13.2232],[79.7504,13.2167],[79.7503,13.2097],[79.7514,13.2066],[79.7567,13.2075],[79.7598,13.2067],[79.7601,13.2153],[79.7632,13.2183],[79.7694,13.217],[79.7732,13.2192],[79.7766,13.224],[79.7802,13.2234],[79.7861,13.2301],[79.7928,13.2281],[79.7941,13.2421],[79.7876,13.2445],[79.7828,13.2485],[79.7819,13.2513],[79.7749,13.2533],[79.7645,13.2574],[79.7612,13.2575],[79.7542,13.2629],[79.748,13.271],[79.7417,13.271],[79.7402,13.2738],[79.735,13.2759],[79.7348,13.2786],[79.731,13.2844],[79.7338,13.2889],[79.7392,13.2913],[79.7443,13.2886],[79.75,13.2919],[79.7524,13.2917],[79.7568,13.2953],[79.7603,13.3016],[79.7619,13.3126],[79.7608,13.3185],[79.7681,13.3139],[79.7704,13.3092],[79.7752,13.306],[79.7795,13.3063]]]},"properties":{"district_name":"Chittoor","district_id":"chittoor","ST_NAME":"Andhra Pradesh"}},{"type":"Feature","geometry":{"type":"Polygon","coordinates":[[[79.4981,13.3469],[79.4978,13.3516],[79.5,13.3566],[79.5046,13.3572],[79.5073,13.3612],[79.5036,13.3643],[79.5094,13.3695],[79.509,13.373],[79.5045,13.3808],[79.5096,13.3836],[79.5092,13.3941],[79.5102,13.4036],[79.5081,13.4142],[79.5078,13.421],[79.51,13.439],[79.5099,13.4422],[79.5138,13.4453],[79.5205,13.4443],[79.5187,13.4494],[79.5195,13.4525],[79.5167,13.4588],[79.5132,13.4636],[79.5066,13.4627],[79.5035,13.4656],[79.5003,13.4651],[79.4975,13.4601],[79.4905,13.4554],[79.4863,13.4548],[79.4794,13.4601],[79.4744,13.4705],[79.4754,13.4734],[79.4865,13.4736],[79.4908,13.4687],[79.5003,13.4714],[79.5034,13.4753],[79.5016,13.4785],[79.5025,13.4841],[79.5092,13.4846],[79.5094,13.4901],[79.5184,13.4909],[79.5186,13.493],[79.5116,13.4948],[79.5088,13.4974],[79.4996,13.4995],[79.4931,13.496],[79.4893,13.5039],[79.4909,13.5104],[79.4846,13.5099],[79.4779,13.5081],[79.4744,13.5045],[79.4719,13.5076],[79.4573,13.5056],[79.4496,13.4988],[79.4444,13.4971],[79.4412,13.4996],[79.4249,13.492],[79.4167,13.491],[79.4123,13.492],[79.4158,13.5004],[79.4151,13.5025],[79.4029,13.5029],[79.4002,13.502],[79.3934,13.4967],[79.3926,13.4917],[79.3862,13.4891],[79.3794,13.4931],[79.3632,13.492],[79.3554,13.4891],[79.3499,13.4899],[79.3469,13.4853],[79.3444,13.4867],[79.3329,13.4841],[79.3254,13.484],[79.3193,13.4826],[79.3118,13.4837],[79.305,13.4816],[79.3012,13.4826],[79.2979,13.4812],[79.2898,13.4824],[79.2864,13.4795],[79.2775,13.4785],[79.2706,13.4738],[79.2703,13.4724],[79.2601,13.4701],[79.2552,13.4556],[79.2416,13.4488],[79.2398,13.4411],[79.2321,13.4424],[79.2284,13.445],[79.2171,13.4371],[79.2198,13.4353],[79.2251,13.4375],[79.2288,13.4378],[79.233,13.4356],[79.2398,13.4374],[79.242,13.4263],[79.2549,13.4247],[79.2561,13.4225],[79.253,13.4196],[79.2461,13.4178],[79.2384,13.4182],[79.2333,13.4173],[79.2299,13.4184],[79.229,13.4235],[79.2231,13.4198],[79.2226,13.4174],[79.2168,13.4196],[79.2111,13.4247],[79.2077,13.4241],[79.2043,13.4176],[79.2079,13.4126],[79.2128,13.4136],[79.2201,13.4128],[79.228,13.4108],[79.2283,13.4049],[79.227,13.4012],[79.2205,13.3985],[79.2213,13.3965],[79.2378,13.3978],[79.2443,13.3973],[79.2484,13.3989],[79.2498,13.3895],[79.2519,13.3868],[79.2504,13.3757],[79.2405,13.3771],[79.2395,13.3816],[79.2414,13.3844],[79.2401,13.3916],[79.236,13.394],[79.2341,13.3909],[79.2268,13.3935],[79.2248,13.381],[79.2186,13.3805],[79.213,13.385],[79.2086,13.3914],[79.2054,13.3939],[79.2013,13.3943],[79.2004,13.3992],[79.1977,13.3993],[79.1954,13.3947],[79.1914,13.3946],[79.189,13.3911],[79.1855,13.3908],[79.1826,13.3938],[79.1796,13.3897],[79.1761,13.3879],[79.1808,13.3831],[79.181,13.379],[79.1741,13.3804],[79.1709,13.3794],[79.1619,13.3799],[79.1583,13.3812],[79.1569,13.3851],[79.1539,13.3846],[79.1543,13.3805],[79.1477,13.3778],[79.1428,13.3819],[79.1435,13.3847],[79.1468,13.3864],[79.1527,13.3872],[79.1536,13.3918],[79.1562,13.3958],[79.1597,13.3962],[79.1573,13.4015],[79.1569,13.407],[79.1536,13.4081],[79.1539,13.4138],[79.1496,13.4143],[79.1491,13.4104],[79.1452,13.4118],[79.1419,13.411],[79.143,13.4209],[79.1421,13.4218],[79.1317,13.4217],[79.1301,13.4181],[79.1257,13.4179],[79.1196,13.4223],[79.1122,13.423],[79.1042,13.4262],[79.091,13.4258],[79.0922,13.4375],[79.0901,13.4408],[79.0777,13.4441],[79.0722,13.448],[79.0715,13.4505],[79.0667,13.4499],[79.0614,13.4466],[79.0553,13.4488],[79.0509,13.4517],[79.0472,13.4577],[79.0478,13.4608],[79.0404,13.4649],[79.0364,13.4707],[79.0296,13.4732],[79.027,13.4759],[79.0113,13.4797],[79.0066,13.4827],[79.0028,13.4887],[78.9995,13.4922],[78.989,13.4934],[78.9813,13.4913],[78.9842,13.516],[78.9769,13.5302],[78.9649,13.5315],[78.9589,13.5347],[78.956,13.5386],[78.9601,13.5412],[78.9682,13.5428],[78.9746,13.539],[78.9955,13.5452],[79.0041,13.5401],[79.0128,13.5447],[79.0149,13.5436],[79.0194,13.5507],[79.0198,13.5571],[79.0215,13.5624],[79.029,13.5638],[79.0377,13.5623],[79.0395,13.5587],[79.0393,13.5542],[79.0427,13.5512],[79.0416,13.5432],[79.0435,13.5413],[79.0493,13.5399],[79.0619,13.5312],[79.0628,13.5299],[79.0694,13.5292],[79.082,13.5324],[79.0817,13.523],[79.0841,13.518],[79.0881,13.5167],[79.0903,13.5138],[79.0999,13.515],[79.1063,13.5149],[79.1121,13.5177],[79.1174,13.5216],[79.1219,13.5204],[79.1381,13.5229],[79.1439,13.5218],[79.1651,13.5344],[79.1799,13.5443],[79.1796,13.5458],[79.1731,13.553],[79.1702,13.5653],[79.1705,13.5729],[79.1762,13.5887],[79.1759,13.5939],[79.1724,13.6009],[79.1724,13.6033],[79.1641,13.6006],[79.1587,13.6006],[79.1499,13.6048],[79.1377,13.6065],[79.1161,13.6079],[79.1094,13.6086],[79.0934,13.6118],[79.0852,13.6124],[79.0776,13.6105],[79.068,13.6111],[79.0532,13.6129],[79.0501,13.6199],[79.0529,13.6261],[79.0531,13.6347],[79.0522,13.6439],[79.0535,13.6468],[79.0639,13.6514],[79.0686,13.6566],[79.0736,13.6589],[79.0768,13.6675],[79.0755,13.6735],[79.0774,13.6811],[79.0774,13.6852],[79.0804,13.6875],[79.0823,13.6922],[79.0815,13.6942],[79.0854,13.6995],[79.086,13.7055],[79.0876,13.7081],[79.0901,13.7165],[79.0929,13.7219],[79.0927,13.7266],[79.086,13.7361],[79.0822,13.7387],[79.084,13.7417],[79.0851,13.7496],[79.0845,13.7526],[79.0852,13.7621],[79.0892,13.7683],[79.0906,13.7684],[79.0913,13.7753],[79.0901,13.7801],[79.0856,13.7826],[79.0736,13.7794],[79.0668,13.7815],[79.0572,13.7785],[79.0524,13.7784],[79.0455,13.7762],[79.0388,13.7719],[79.0386,13.7636],[79.0368,13.761],[79.0387,13.7466],[79.0304,13.742],[79.0285,13.7432],[79.0168,13.7412],[79.0124,13.738],[79.0101,13.7319],[79.0062,13.7273],[78.9991,13.7245],[78.9954,13.7252],[78.9909,13.7234],[78.9782,13.7208],[78.9766,13.7153],[78.9761,13.7084],[78.9785,13.6921],[78.9848,13.6873],[78.9864,13.6773],[78.9918,13.6768],[78.9925,13.6733],[78.9955,13.6699],[78.995,13.6651],[78.9899,13.6649],[78.9842,13.6607],[78.9827,13.6563],[78.9784,13.6569],[78.9767,13.6541],[78.9789,13.6509],[78.9881,13.6527],[78.9922,13.6519],[78.992,13.6464],[78.994,13.6417],[78.9974,13.6395],[78.9941,13.6365],[78.9967,13.6313],[78.9789,13.63],[78.9676,13.625],[78.9687,13.6201],[78.971,13.6188],[78.9738,13.6136],[78.9735,13.6035],[78.9697,13.5938],[78.9597,13.5938],[78.9585,13.5885],[78.9551,13.5823],[78.9467,13.5846],[78.945,13.5892],[78.9342,13.5927],[78.9333,13.5887],[78.9279,13.582],[78.9218,13.5801],[78.9157,13.5813],[78.9122,13.5802],[78.9047,13.5855],[78.9013,13.5924],[78.898,13.5941],[78.8862,13.594],[78.8794,13.5928],[78.8731,13.5983],[78.8718,13.6059],[78.8785,13.6193],[78.8814,13.6231],[78.8857,13.6237],[78.8866,13.6273],[78.8855,13.6343],[78.8826,13.6348],[78.8836,13.6407],[78.8801,13.6507],[78.88,13.6555],[78.8821,13.6598],[78.8712,13.6595],[78.8667,13.6578],[78.8627,13.6584],[78.8626,13.6661],[78.8542,13.6718],[78.8524,13.6651],[78.8514,13.6493],[78.8477,13.6482],[78.8459,13.644],[78.8403,13.6377],[78.8326,13.6327],[78.8259,13.6259],[78.8188,13.6163],[78.8182,13.6124],[78.8084,13.6123],[78.799,13.6152],[78.7948,13.6114],[78.796,13.6062],[78.7989,13.6041],[78.8022,13.5956],[78.8022,13.5919],[78.8043,13.5859],[78.8027,13.5819],[78.792,13.5825],[78.788,13.5809],[78.782,13.5833],[78.7704,13.5834],[78.7639,13.586],[78.7608,13.5855],[78.7507,13.5868],[78.7464,13.5814],[78.7393,13.569],[78.7391,13.5582],[78.7416,13.5562],[78.7389,13.5464],[78.7415,13.5423],[78.7378,13.5401],[78.7393,13.5301],[78.7335,13.5269],[78.7277,13.5257],[78.721,13.5221],[78.7138,13.5139],[78.71,13.5162],[78.7146,13.524],[78.7214,13.5313],[78.7215,13.5382],[78.7175,13.5384],[78.7065,13.5362],[78.7039,13.5377],[78.6922,13.5354],[78.6918,13.5294],[78.6846,13.524],[78.6857,13.5212],[78.6826,13.5144],[78.6823,13.5107],[78.6776,13.5042],[78.673,13.504],[78.6718,13.5069],[78.6749,13.5088],[78.6759,13.5142],[78.6749,13.5196],[78.6591,13.5267],[78.6511,13.5246],[78.6433,13.5203],[78.6357,13.5181],[78.6321,13.5136],[78.6376,13.5079],[78.6438,13.5086],[78.6634,13.4993],[78.6645,13.4915],[78.6593,13.4839],[78.6532,13.4877],[78.6439,13.4897],[78.629,13.4849],[78.6239,13.4849],[78.6184,13.489],[78.6138,13.4908],[78.6071,13.4907],[78.6008,13.4873],[78.5965,13.4893],[78.5908,13.4944],[78.5828,13.5001],[78.5725,13.509],[78.5677,13.5158],[78.564,13.5123],[78.5624,13.5082],[78.5589,13.5062],[78.5571,13.5017],[78.5522,13.5009],[78.5491,13.4915],[78.5454,13.4888],[78.5434,13.4833],[78.5379,13.486],[78.5359,13.489],[78.5312,13.4888],[78.5293,13.4858],[78.5248,13.4837],[78.5108,13.4823],[78.508,13.4815],[78.506,13.4848],[78.4993,13.4831],[78.4941,13.4757],[78.4873,13.4686],[78.4857,13.4625],[78.4827,13.4578],[78.4772,13.4554],[78.4854,13.4504],[78.4811,13.4475],[78.4816,13.4423],[78.4891,13.4446],[78.5052,13.4432],[78.5056,13.4411],[78.502,13.4378],[78.4994,13.4283],[78.5011,13.4241],[78.51,13.4212],[78.5112,13.4166],[78.5184,13.411],[78.5191,13.4059],[78.5167,13.401],[78.5192,13.3963],[78.5189,13.3893],[78.5216,13.3806],[78.5204,13.3785],[78.5139,13.3755],[78.5077,13.3717],[78.5058,13.3679],[78.5146,13.365],[78.5214,13.3639],[78.525,13.357],[78.5243,13.3527],[78.519,13.3479],[78.5173,13.3411],[78.5104,13.341],[78.5037,13.338],[78.4967,13.3384],[78.4929,13.3355],[78.4893,13.326],[78.4828,13.3247],[78.4789,13.322],[78.4834,13.3212],[78.4838,13.3144],[78.4812,13.3102],[78.4793,13.3013],[78.4967,13.2986],[78.5004,13.296],[78.5045,13.2912],[78.5133,13.2903],[78.5131,13.2852],[78.5198,13.2827],[78.5197,13.277],[78.5218,13.273],[78.5258,13.2718],[78.5264,13.2684],[78.5319,13.2668],[78.5367,13.2741],[78.539,13.2872],[78.5458,13.2876],[78.5535,13.2831],[78.5593,13.2862],[78.5645,13.2942],[78.5648,13.307],[78.5654,13.3119],[78.5693,13.3091],[78.5721,13.302],[78.5775,13.2951],[78.5763,13.2853],[78.5786,13.2802],[78.5872,13.2804],[78.5876,13.2707],[78.585,13.2655],[78.5854,13.2621],[78.5788,13.2533],[78.5726,13.2499],[78.5707,13.2472],[78.5709,13.2424],[78.5695,13.238],[78.567,13.2207],[78.5787,13.2181],[78.5785,13.2124],[78.5714,13.2119],[78.5698,13.2088],[78.5701,13.2048],[78.5679,13.2012],[78.5608,13.1983],[78.5505,13.1999],[78.5503,13.1896],[78.556,13.1885],[78.5679,13.1922],[78.5764,13.1865],[78.5756,13.1797],[78.5773,13.1722],[78.58,13.1672],[78.5766,13.1668],[78.5738,13.1687],[78.569,13.1653],[78.5686,13.1614],[78.5504,13.1638],[78.5411,13.1532],[78.5488,13.1483],[78.5475,13.1447],[78.5439,13.1413],[78.5314,13.1412],[78.5273,13.1388],[78.5267,13.134],[78.5247,13.1323],[78.5182,13.1316],[78.5193,13.1243],[78.519,13.1198],[78.5235,13.1182],[78.5231,13.115],[78.5323,13.1097],[78.5377,13.1086],[78.5386,13.1057],[78.5326,13.1057],[78.5239,13.1002],[78.5238,13.0945],[78.5171,13.0967],[78.5105,13.0923],[78.5095,13.0899],[78.5087,13.0791],[78.5108,13.0781],[78.5152,13.07],[78.5155,13.064],[78.5142,13.0619],[78.5027,13.0609],[78.4915,13.0618],[78.4875,13.0536],[78.4772,13.0524],[78.4754,13.051],[78.4703,13.0415],[78.4693,13.0219],[78.4698,13.0125],[78.4694,13.0049],[78.4676,12.9985],[78.4718,12.9926],[78.4747,12.9914],[78.4685,12.9827],[78.4674,12.975],[78.4597,12.9772],[78.4526,12.9767],[78.4353,12.981],[78.4324,12.9779],[78.4345,12.9738],[78.4325,12.9695],[78.4364,12.9644],[78.4345,12.9608],[78.4291,12.9574],[78.4192,12.9587],[78.4214,12.9546],[78.4203,12.9477],[78.4137,12.9483],[78.4121,12.9435],[78.4157,12.9297],[78.4178,12.9279],[78.4181,12.923],[78.4228,12.9233],[78.4281,12.9321],[78.438,12.929],[78.4405,12.9243],[78.4476,12.9183],[78.4522,12.9177],[78.4567,12.9111],[78.4633,12.906],[78.4666,12.9054],[78.4683,12.9008],[78.4695,12.8899],[78.468,12.8793],[78.4641,12.8777],[78.4558,12.8874],[78.4488,12.8901],[78.4472,12.8922],[78.4492,12.8982],[78.4439,12.903],[78.4464,12.9082],[78.4455,12.9118],[78.4388,12.9136],[78.436,12.9104],[78.4337,12.9045],[78.4315,12.9052],[78.4286,12.9021],[78.4122,12.9032],[78.4089,12.9092],[78.3986,12.9173],[78.3972,12.9086],[78.3887,12.9068],[78.3856,12.9114],[78.3791,12.9135],[78.3767,12.9179],[78.3726,12.9212],[78.3602,12.9369],[78.3563,12.9389],[78.3526,12.9387],[78.3497,12.9357],[78.3538,12.9302],[78.349,12.929],[78.3488,12.9236],[78.347,12.9189],[78.3466,12.914],[78.3419,12.9119],[78.3423,12.9074],[78.3397,12.9032],[78.3295,12.9021],[78.3263,12.9045],[78.3235,12.9018],[78.3225,12.8975],[78.3242,12.8943],[78.3206,12.8891],[78.3217,12.8856],[78.3292,12.8846],[78.3318,12.8888],[78.3345,12.8892],[78.338,12.8862],[78.3371,12.8824],[78.3322,12.8807],[78.331,12.8756],[78.3137,12.8762],[78.3156,12.8675],[78.3124,12.8585],[78.3059,12.8579],[78.2997,12.8594],[78.2819,12.8595],[78.272,12.867],[78.2684,12.8677],[78.2657,12.8623],[78.2581,12.8604],[78.2557,12.862],[78.2521,12.86],[78.2513,12.8539],[78.2523,12.8289],[78.2506,12.8122],[78.2466,12.8017],[78.2456,12.7883],[78.2409,12.7735],[78.2378,12.7667],[78.231,12.7607],[78.2321,12.7533],[78.2351,12.7466],[78.2357,12.7383],[78.2388,12.7356],[78.2403,12.7297],[78.2307,12.7134],[78.2258,12.7148],[78.2168,12.71],[78.2135,12.7115],[78.2113,12.7079],[78.2069,12.7081],[78.2053,12.7056],[78.2095,12.7016],[78.2049,12.6976],[78.2007,12.6959],[78.204,12.6931],[78.2093,12.6907],[78.213,12.6861],[78.2377,12.6871],[78.2379,12.6946],[78.2391,12.7014],[78.2441,12.7054],[78.2522,12.7061],[78.2619,12.7046],[78.2685,12.7055],[78.2722,12.7047],[78.2765,12.7015],[78.2918,12.6818],[78.2959,12.6747],[78.2965,12.671],[78.3004,12.6689],[78.301,12.6659],[78.306,12.6663],[78.3112,12.6637],[78.3184,12.6619],[78.3258,12.6552],[78.3307,12.6533],[78.3322,12.6493],[78.3436,12.6487],[78.3521,12.6416],[78.3556,12.6365],[78.3629,12.6343],[78.3703,12.6276],[78.3794,12.625],[78.3925,12.6274],[78.3983,12.6266],[78.4064,12.6277],[78.4133,12.6277],[78.4207,12.6312],[78.4266,12.6351],[78.4302,12.6334],[78.4332,12.6301],[78.4417,12.6293],[78.4454,12.6305],[78.4586,12.6295],[78.4646,12.6242],[78.4718,12.6322],[78.4703,12.6412],[78.4708,12.6451],[78.4748,12.6476],[78.4705,12.6506],[78.4679,12.6759],[78.4793,12.6734],[78.4845,12.6717],[78.4868,12.6731],[78.4931,12.6739],[78.4998,12.6766],[78.4999,12.6791],[78.5039,12.6819],[78.5041,12.6881],[78.503,12.6971],[78.4994,12.6992],[78.504,12.7112],[78.5075,12.7117],[78.5121,12.7077],[78.5144,12.7101],[78.5188,12.7103],[78.5206,12.7173],[78.5112,12.7219],[78.5093,12.7242],[78.5044,12.7249],[78.5015,12.7312],[78.497,12.7313],[78.4927,12.7356],[78.4891,12.742],[78.4932,12.7471],[78.5058,12.7413],[78.5081,12.7359],[78.5136,12.7321],[78.5124,12.7258],[78.5157,12.7238],[78.5188,12.7244],[78.5206,12.7277],[78.5238,12.7185],[78.5274,12.7186],[78.527,12.7141],[78.5333,12.7127],[78.5376,12.7144],[78.5371,12.7091],[78.5301,12.7099],[78.5318,12.6957],[78.535,12.6905],[78.541,12.6898],[78.5465,12.6951],[78.5572,12.7003],[78.5558,12.7059],[78.5598,12.7067],[78.5617,12.7092],[78.5552,12.7171],[78.557,12.7219],[78.562,12.7283],[78.5642,12.7368],[78.5563,12.739],[78.5566,12.7411],[78.5608,12.7433],[78.5583,12.75],[78.5575,12.7573],[78.5615,12.7615],[78.5656,12.7594],[78.5684,12.767],[78.5766,12.7674],[78.5757,12.7715],[78.5925,12.7827],[78.5931,12.7983],[78.6012,12.8037],[78.6004,12.8184],[78.6077,12.8219],[78.6015,12.8508],[78.6131,12.868],[78.6149,12.8827],[78.6187,12.8943],[78.6228,12.9043],[78.6268,12.9073],[78.627,12.9098],[78.633,12.9246],[78.6335,12.9317],[78.6437,12.9299],[78.653,12.9293],[78.657,12.9321],[78.65,12.9401],[78.6461,12.9459],[78.6426,12.9529],[78.6381,12.9648],[78.6472,12.9662],[78.64,12.971],[78.6342,12.9782],[78.6209,12.9912],[78.626,12.9925],[78.6309,12.9951],[78.6343,13],[78.6366,13.0001],[78.6469,13.0076],[78.6503,13.0117],[78.6558,13.0153],[78.6564,13.0312],[78.6605,13.0304],[78.6803,13.0226],[78.7002,13.0173],[78.7052,13.0155],[78.7077,13.0351],[78.7121,13.061],[78.714,13.0687],[78.7235,13.0663],[78.7397,13.0641],[78.7467,13.0596],[78.7513,13.055],[78.7757,13.0614],[78.7877,13.0642],[78.795,13.0673],[78.7976,13.0748],[78.8131,13.0891],[78.8208,13.0878],[78.8275,13.0843],[78.8369,13.0811],[78.842,13.0786],[78.8459,13.0803],[78.8611,13.0837],[78.871,13.0819],[78.8696,13.0873],[78.8704,13.0911],[78.8751,13.0968],[78.8814,13.0982],[78.892,13.0969],[78.8957,13.0951],[78.8934,13.0924],[78.8909,13.0837],[78.8889,13.0734],[78.8913,13.0688],[78.8912,13.0388],[78.8919,13.0329],[78.9171,13.0338],[78.9291,13.0365],[78.9315,13.0347],[78.9355,13.0349],[78.9373,13.0309],[78.9408,13.0363],[78.9337,13.0393],[78.9292,13.0458],[78.9216,13.047],[78.9191,13.0439],[78.9061,13.0451],[78.904,13.0495],[78.9081,13.0561],[78.9105,13.0634],[78.9133,13.0665],[78.9166,13.0673],[78.9195,13.0649],[78.9217,13.0661],[78.9226,13.0752],[78.9239,13.0808],[78.9275,13.0818],[78.9413,13.0785],[78.9455,13.0806],[78.9496,13.0802],[78.9554,13.0758],[78.9607,13.0761],[78.9688,13.0778],[78.9723,13.0838],[78.9825,13.0864],[78.995,13.0866],[79.0039,13.0846],[79.0082,13.0807],[79.0095,13.0772],[79.0153,13.0769],[79.023,13.0738],[79.0244,13.0719],[79.0287,13.0726],[79.0346,13.07],[79.0387,13.0611],[79.0455,13.0587],[79.0556,13.0566],[79.0634,13.0531],[79.0641,13.0469],[79.0625,13.0423],[79.0639,13.0395],[79.0739,13.0328],[79.0809,13.0257],[79.0868,13.028],[79.0911,13.0261],[79.0983,13.0261],[79.0998,13.0293],[79.1059,13.0345],[79.1085,13.0388],[79.1148,13.0392],[79.1296,13.0353],[79.1346,13.0356],[79.1383,13.0342],[79.1425,13.0298],[79.15,13.0238],[79.1596,13.0203],[79.1631,13.0203],[79.1719,13.0273],[79.1758,13.0271],[79.1811,13.0297],[79.1848,13.0299],[79.1858,13.0354],[79.1919,13.0484],[79.1827,13.0473],[79.1802,13.0503],[79.183,13.057],[79.1783,13.0592],[79.1798,13.064],[79.1828,13.0637],[79.1873,13.0607],[79.1878,13.065],[79.1921,13.0674],[79.1908,13.0734],[79.1856,13.0752],[79.1853,13.0797],[79.1813,13.0843],[79.1877,13.0835],[79.1886,13.0879],[79.1917,13.0874],[79.1931,13.0823],[79.1983,13.0813],[79.1999,13.0881],[79.2105,13.0929],[79.2128,13.0924],[79.2246,13.1008],[79.2344,13.1052],[79.2343,13.1147],[79.2384,13.1186],[79.2304,13.1264],[79.2294,13.1316],[79.2329,13.1394],[79.2283,13.14],[79.2228,13.144],[79.222,13.1462],[79.21,13.1485],[79.2147,13.157],[79.2181,13.1554],[79.2273,13.1556],[79.2269,13.1589],[79.2315,13.165],[79.2319,13.1676],[79.2356,13.1712],[79.2427,13.171],[79.241,13.1624],[79.2431,13.1586],[79.245,13.1488],[79.2402,13.1444],[79.2453,13.1383],[79.2539,13.1458],[79.2547,13.1492],[79.2521,13.1556],[79.2533,13.1603],[79.2604,13.1596],[79.2603,13.1521],[79.2621,13.149],[79.2674,13.1497],[79.2698,13.1538],[79.2774,13.1562],[79.2805,13.1526],[79.2804,13.1451],[79.2825,13.1425],[79.2824,13.1354],[79.284,13.1228],[79.2871,13.1224],[79.2991,13.1246],[79.3042,13.1262],[79.3094,13.1266],[79.3084,13.1231],[79.2993,13.1187],[79.2988,13.1157],[79.2943,13.1096],[79.2981,13.107],[79.3017,13.1078],[79.3072,13.1055],[79.3093,13.1078],[79.3099,13.112],[79.3242,13.1185],[79.3187,13.1235],[79.3268,13.1261],[79.329,13.1305],[79.3396,13.1305],[79.3412,13.1368],[79.3447,13.1368],[79.3441,13.132],[79.3458,13.1232],[79.3485,13.1203],[79.3581,13.1217],[79.3605,13.1235],[79.3618,13.1287],[79.365,13.1308],[79.365,13.1369],[79.3611,13.1416],[79.3595,13.1475],[79.36,13.152],[79.3575,13.1559],[79.3574,13.1621],[79.3561,13.1646],[79.3634,13.166],[79.3701,13.1628],[79.38,13.1629],[79.3806,13.169],[79.3792,13.1715],[79.3695,13.1729],[79.3727,13.1788],[79.3755,13.1777],[79.3823,13.1796],[79.3853,13.1774],[79.3875,13.1802],[79.3838,13.1842],[79.3805,13.1839],[79.3744,13.1872],[79.3745,13.1894],[79.3856,13.1889],[79.3922,13.1924],[79.396,13.1913],[79.3991,13.1878],[79.4008,13.1917],[79.4103,13.194],[79.4102,13.1905],[79.4153,13.1906],[79.4213,13.1892],[79.4262,13.1905],[79.4316,13.1893],[79.4332,13.1925],[79.4324,13.197],[79.4361,13.2002],[79.4412,13.2083],[79.4362,13.2127],[79.4374,13.2196],[79.4397,13.2176],[79.4485,13.2157],[79.4538,13.2169],[79.4529,13.2301],[79.4532,13.2384],[79.4485,13.2375],[79.4415,13.238],[79.4381,13.2363],[79.4315,13.2361],[79.4314,13.2383],[79.4381,13.24],[79.4377,13.2429],[79.4324,13.2433],[79.4277,13.2416],[79.4246,13.2433],[79.4185,13.243],[79.417,13.2459],[79.4221,13.2494],[79.4218,13.2523],[79.4169,13.2517],[79.4171,13.2584],[79.4114,13.2647],[79.419,13.272],[79.4337,13.275],[79.434,13.2873],[79.4358,13.2913],[79.4403,13.2907],[79.4463,13.2916],[79.4452,13.3017],[79.4305,13.3002],[79.4254,13.2961],[79.42,13.2895],[79.4185,13.2974],[79.4138,13.3002],[79.4053,13.2976],[79.4022,13.2997],[79.3937,13.2998],[79.3898,13.2974],[79.3887,13.3098],[79.3819,13.3075],[79.3835,13.3133],[79.3876,13.3179],[79.402,13.3174],[79.4019,13.3215],[79.3988,13.3217],[79.3984,13.3302],[79.4025,13.3302],[79.4054,13.335],[79.4125,13.333],[79.4129,13.3299],[79.4196,13.334],[79.421,13.3363],[79.4317,13.3367],[79.4332,13.3469],[79.4362,13.3502],[79.4456,13.3475],[79.4495,13.3452],[79.4531,13.3399],[79.4563,13.3386],[79.4625,13.3403],[79.4654,13.3387],[79.4728,13.3392],[79.4746,13.3411],[79.4805,13.34],[79.4878,13.3424],[79.4981,13.3469]]]},"properties":{"district_name":"Chittoor","district_id":"chittoor","ST_NAME":"Andhra Pradesh"}},{"type":"Feature","geometry":{"type":"Polygon","coordinates":[[[82.0903,17.2962],[82.0893,17.2978],[82.0709,17.3021],[82.0594,17.2945],[82.0578,17.2992],[82.038,17.2949],[82.0383,17.2986],[82.0349,17.306],[82.0328,17.3051],[82.028,17.3073],[82.0242,17.3112],[82.0201,17.3099],[82.014,17.3112],[82.0104,17.3141],[82.0052,17.3127],[81.9987,17.3088],[81.9915,17.3122],[81.9848,17.311],[81.9756,17.3136],[81.9741,17.3129],[81.9761,17.3027],[81.9629,17.2995],[81.9643,17.292],[81.9549,17.2918],[81.9513,17.2845],[81.9458,17.2849],[81.9441,17.2816],[81.9391,17.2804],[81.9241,17.2803],[81.9227,17.2759],[81.9139,17.277],[81.9169,17.2815],[81.9166,17.2862],[81.9198,17.2917],[81.9178,17.2938],[81.9204,17.2968],[81.9191,17.3022],[81.9261,17.3121],[81.9242,17.3134],[81.9191,17.3082],[81.9132,17.3043],[81.9107,17.3048],[81.9067,17.3091],[81.9017,17.3095],[81.8953,17.3132],[81.8907,17.3179],[81.886,17.3149],[81.8794,17.313],[81.8783,17.3081],[81.881,17.3042],[81.8819,17.2972],[81.8784,17.2931],[81.8729,17.2935],[81.866,17.288],[81.8633,17.2916],[81.8589,17.2894],[81.8577,17.2956],[81.8547,17.2982],[81.8506,17.298],[81.846,17.3002],[81.844,17.3077],[81.841,17.3099],[81.8341,17.3076],[81.8288,17.3095],[81.8251,17.3065],[81.8259,17.2967],[81.8228,17.2883],[81.8256,17.2821],[81.8272,17.2729],[81.8266,17.2582],[81.8075,17.2599],[81.8075,17.2508],[81.8064,17.2462],[81.7946,17.2443],[81.7862,17.2457],[81.7838,17.2479],[81.7767,17.2469],[81.7665,17.2498],[81.7648,17.2471],[81.7573,17.2416],[81.7582,17.2374],[81.7524,17.234],[81.7485,17.2382],[81.744,17.2386],[81.7413,17.2353],[81.7379,17.2355],[81.7299,17.2339],[81.7205,17.2356],[81.7163,17.235],[81.7169,17.2302],[81.719,17.2263],[81.7195,17.2219],[81.7087,17.2247],[81.7018,17.2315],[81.6947,17.2298],[81.6858,17.231],[81.6819,17.2326],[81.6815,17.2352],[81.6876,17.2394],[81.687,17.2479],[81.6799,17.2507],[81.6801,17.2579],[81.6764,17.2582],[81.6779,17.2531],[81.6735,17.2522],[81.666,17.2553],[81.6659,17.2592],[81.6615,17.2642],[81.6632,17.2657],[81.6725,17.2621],[81.6733,17.2643],[81.6646,17.2692],[81.6602,17.2695],[81.6577,17.2713],[81.6558,17.2664],[81.6556,17.2598],[81.6539,17.248],[81.6522,17.2445],[81.642,17.2306],[81.6412,17.2258],[81.6421,17.214],[81.6405,17.2076],[81.6464,17.1927],[81.6527,17.1846],[81.656,17.174],[81.6552,17.1684],[81.6452,17.1719],[81.6404,17.1799],[81.6366,17.1828],[81.627,17.1854],[81.6243,17.1923],[81.6185,17.1938],[81.6126,17.1929],[81.61,17.1909],[81.6059,17.1924],[81.603,17.2012],[81.5985,17.2016],[81.5974,17.2054],[81.5985,17.211],[81.6045,17.2134],[81.6018,17.2181],[81.6019,17.221],[81.5961,17.2203],[81.5931,17.2179],[81.5786,17.2153],[81.5686,17.2174],[81.5628,17.2243],[81.5572,17.2246],[81.5523,17.2296],[81.547,17.2287],[81.5431,17.2252],[81.5405,17.2177],[81.5359,17.2147],[81.5354,17.2107],[81.5317,17.2127],[81.5307,17.209],[81.5253,17.2068],[81.5235,17.2043],[81.5177,17.2011],[81.5089,17.2008],[81.5064,17.2028],[81.5,17.2027],[81.4985,17.1984],[81.48,17.1849],[81.4782,17.1818],[81.4796,17.1688],[81.4775,17.1639],[81.4815,17.1609],[81.4855,17.1551],[81.4831,17.1525],[81.4804,17.1461],[81.4765,17.1435],[81.476,17.1381],[81.478,17.1321],[81.4781,17.1266],[81.4723,17.1262],[81.4691,17.1217],[81.4687,17.1148],[81.4641,17.1122],[81.4607,17.1138],[81.4553,17.1142],[81.4466,17.1122],[81.4461,17.1099],[81.4495,17.104],[81.4495,17.0989],[81.4577,17.0992],[81.46,17.0949],[81.4561,17.0793],[81.451,17.0753],[81.446,17.0783],[81.4433,17.0708],[81.4378,17.0694],[81.4334,17.0703],[81.4319,17.0663],[81.4318,17.0602],[81.4356,17.0603],[81.4362,17.0489],[81.4424,17.0499],[81.4431,17.0464],[81.4507,17.0445],[81.456,17.0417],[81.451,17.0362],[81.4587,17.0243],[81.4569,17.0201],[81.459,17.0184],[81.4553,17.0071],[81.4466,17.0073],[81.4426,17.0116],[81.4433,17.0145],[81.4408,17.0212],[81.4381,17.0213],[81.4379,17.0276],[81.4323,17.0303],[81.4342,17.0409],[81.43,17.0442],[81.422,17.0474],[81.4209,17.0491],[81.4139,17.0495],[81.412,17.0436],[81.3982,17.0464],[81.3956,17.0458],[81.3935,17.0402],[81.3881,17.0416],[81.3842,17.0367],[81.3806,17.0368],[81.3808,17.0325],[81.3768,17.0336],[81.3695,17.0293],[81.3683,17.0201],[81.3696,17.0145],[81.3744,17.0036],[81.3721,16.9933],[81.3682,16.9902],[81.3678,16.987],[81.3641,16.9846],[81.36,16.9838],[81.348,16.9878],[81.3448,16.9911],[81.3366,16.9895],[81.3131,16.9725],[81.3191,16.9706],[81.3256,16.9702],[81.3277,16.9668],[81.313,16.967],[81.3098,16.9602],[81.305,16.9552],[81.2975,16.9515],[81.2942,16.9434],[81.2927,16.9374],[81.2965,16.9362],[81.3048,16.9315],[81.3224,16.9295],[81.327,16.9298],[81.332,16.9272],[81.3258,16.9182],[81.3259,16.9162],[81.3317,16.9063],[81.3316,16.9013],[81.339,16.8977],[81.3542,16.8966],[81.3638,16.8971],[81.3707,16.9028],[81.3743,16.9086],[81.3808,16.9086],[81.3899,16.9069],[81.3918,16.8998],[81.3941,16.8966],[81.3906,16.8912],[81.3908,16.8847],[81.389,16.8813],[81.3888,16.8762],[81.3909,16.8653],[81.396,16.8651],[81.3997,16.8705],[81.4145,16.868],[81.4218,16.8685],[81.4331,16.8745],[81.4406,16.8764],[81.4479,16.887],[81.4473,16.8903],[81.4428,16.8958],[81.4451,16.8995],[81.4562,16.8995],[81.4618,16.8987],[81.4665,16.8971],[81.473,16.8969],[81.477,16.9026],[81.4798,16.9033],[81.4861,16.909],[81.4885,16.9175],[81.4889,16.923],[81.4877,16.9276],[81.4883,16.9382],[81.4865,16.9418],[81.4876,16.949],[81.4921,16.9528],[81.4932,16.9575],[81.4906,16.9627],[81.4903,16.9692],[81.4944,16.9719],[81.4962,16.9632],[81.5006,16.9633],[81.5045,16.9565],[81.5126,16.9553],[81.5219,16.9473],[81.5268,16.9477],[81.5283,16.9443],[81.534,16.945],[81.5371,16.9483],[81.5401,16.9474],[81.5466,16.9396],[81.5522,16.9365],[81.5537,16.9324],[81.5518,16.9261],[81.5533,16.9186],[81.5598,16.9161],[81.5664,16.9117],[81.569,16.9112],[81.5736,16.9019],[81.5799,16.9032],[81.5837,16.9013],[81.5902,16.9045],[81.5963,16.9045],[81.602,16.9018],[81.6076,16.9043],[81.6096,16.8988],[81.6153,16.8979],[81.6179,16.8946],[81.6246,16.8919],[81.6273,16.8871],[81.6282,16.8818],[81.6303,16.8795],[81.63,16.8718],[81.6316,16.8644],[81.6376,16.8596],[81.6373,16.8574],[81.6432,16.8568],[81.6514,16.852],[81.6536,16.8543],[81.656,16.8502],[81.6535,16.8443],[81.6522,16.8374],[81.6481,16.8321],[81.6417,16.8303],[81.639,16.8269],[81.6357,16.8114],[81.6312,16.8006],[81.6249,16.7955],[81.6332,16.7885],[81.6351,16.7851],[81.6428,16.7853],[81.6464,16.7843],[81.6453,16.7786],[81.6552,16.7757],[81.6685,16.775],[81.6704,16.7668],[81.6767,16.7675],[81.6769,16.765],[81.6806,16.7613],[81.6821,16.7676],[81.69,16.7667],[81.6925,16.7646],[81.6962,16.7663],[81.7041,16.7647],[81.7113,16.7653],[81.7217,16.7641],[81.721,16.77],[81.7257,16.7707],[81.7262,16.7621],[81.7242,16.7556],[81.7217,16.7444],[81.7234,16.7443],[81.7202,16.7282],[81.734,16.7273],[81.738,16.7251],[81.7448,16.7304],[81.7525,16.728],[81.7496,16.714],[81.7489,16.7049],[81.7524,16.7049],[81.7547,16.6986],[81.7567,16.6992],[81.7592,16.6941],[81.7607,16.6819],[81.7582,16.676],[81.7592,16.6745],[81.7677,16.6743],[81.7682,16.6814],[81.7713,16.6824],[81.7802,16.6829],[81.7832,16.6853],[81.7885,16.6858],[81.7874,16.6923],[81.788,16.695],[81.8011,16.695],[81.7859,16.7075],[81.7856,16.7137],[81.7913,16.7268],[81.7947,16.7318],[81.7947,16.7374],[81.7901,16.7469],[81.7857,16.7516],[81.7722,16.7571],[81.764,16.762],[81.7577,16.7702],[81.7551,16.7748],[81.7492,16.7876],[81.7448,16.7929],[81.7447,16.7967],[81.7501,16.8059],[81.7465,16.8101],[81.7528,16.8226],[81.7528,16.8318],[81.7517,16.843],[81.7515,16.8518],[81.7464,16.8669],[81.7396,16.8725],[81.7342,16.8794],[81.7328,16.8878],[81.7313,16.9033],[81.7322,16.9138],[81.7242,16.914],[81.7283,16.9197],[81.7289,16.9232],[81.7277,16.9332],[81.7287,16.9392],[81.7308,16.9446],[81.7758,16.9442],[81.7781,16.945],[81.7822,16.9408],[81.7867,16.9343],[81.7886,16.9282],[81.7905,16.9111],[81.7931,16.8962],[81.8019,16.8845],[81.8041,16.8761],[81.8018,16.8659],[81.8042,16.8581],[81.8074,16.8609],[81.8194,16.8669],[81.8227,16.8671],[81.8294,16.8651],[81.8303,16.8664],[81.8285,16.8728],[81.8312,16.8742],[81.8356,16.8725],[81.8467,16.8706],[81.8481,16.8684],[81.8491,16.8608],[81.8512,16.8583],[81.8512,16.8476],[81.8544,16.8479],[81.8628,16.8452],[81.8634,16.8489],[81.8689,16.8483],[81.8704,16.8505],[81.8672,16.8555],[81.869,16.861],[81.8675,16.8662],[81.8656,16.8673],[81.8693,16.8745],[81.8695,16.8777],[81.8748,16.8819],[81.8814,16.8818],[81.8825,16.8903],[81.8788,16.8937],[81.8794,16.8976],[81.882,16.8979],[81.8814,16.9028],[81.8737,16.9041],[81.8719,16.9011],[81.863,16.906],[81.8686,16.9139],[81.869,16.9178],[81.8671,16.9229],[81.867,16.9277],[81.8691,16.9316],[81.8617,16.9355],[81.8626,16.9406],[81.8802,16.9447],[81.8819,16.95],[81.8888,16.9487],[81.8966,16.9486],[81.9002,16.9502],[81.9047,16.9605],[81.9048,16.966],[81.9081,16.9654],[81.9101,16.9689],[81.9132,16.969],[81.9175,16.9785],[81.9207,16.9761],[81.9252,16.9749],[81.929,16.9713],[81.9314,16.9663],[81.9352,16.9674],[81.9396,16.9654],[81.9377,16.9589],[81.9382,16.9493],[81.9374,16.9437],[81.9387,16.9385],[81.9367,16.9188],[81.937,16.9131],[81.9427,16.9111],[81.9468,16.9068],[81.9511,16.9065],[81.9534,16.8996],[81.9565,16.8995],[81.9556,16.8915],[81.9504,16.8769],[81.9574,16.8703],[81.9583,16.8668],[81.9543,16.8619],[81.9531,16.854],[81.9517,16.8382],[81.9579,16.8361],[81.9581,16.8316],[81.9559,16.8249],[81.9659,16.8231],[81.9742,16.8503],[81.976,16.8504],[81.9788,16.8566],[81.9742,16.8599],[81.9749,16.8651],[81.9823,16.8653],[81.9874,16.876],[81.987,16.8811],[81.9818,16.8832],[81.9833,16.8957],[81.9943,16.8956],[81.9972,16.9109],[82.0033,16.9171],[82.0128,16.9177],[82.014,16.9101],[82.0198,16.9087],[82.0204,16.9053],[82.0308,16.9042],[82.0292,16.8973],[82.0331,16.8982],[82.036,16.9048],[82.0392,16.9049],[82.0379,16.9001],[82.0477,16.8957],[82.0438,16.8846],[82.0479,16.8811],[82.0472,16.8766],[82.0569,16.8747],[82.0583,16.8808],[82.0658,16.8808],[82.0726,16.8792],[82.0748,16.8852],[82.0741,16.8916],[82.0746,16.8978],[82.0625,16.8941],[82.0574,16.8946],[82.0557,16.9009],[82.0572,16.9023],[82.0585,16.9103],[82.0583,16.9176],[82.0612,16.9229],[82.0659,16.9287],[82.0645,16.9363],[82.0644,16.9432],[82.071,16.9524],[82.0731,16.9567],[82.0716,16.9634],[82.0661,16.9775],[82.065,16.9928],[82.0586,16.9936],[82.0603,16.9986],[82.0633,17.0025],[82.0615,17.0119],[82.0688,17.0137],[82.069,17.0192],[82.074,17.0261],[82.0781,17.0285],[82.0788,17.0332],[82.0775,17.0386],[82.0747,17.0416],[82.0646,17.0407],[82.0631,17.0393],[82.0398,17.0393],[82.0336,17.0359],[82.0329,17.0448],[82.0343,17.0473],[82.0335,17.0556],[82.0319,17.0634],[82.0362,17.0633],[82.0402,17.0691],[82.0467,17.0717],[82.0478,17.0745],[82.0465,17.0787],[82.0476,17.0885],[82.0463,17.0913],[82.0402,17.0936],[82.038,17.0976],[82.0226,17.103],[81.9992,17.1197],[81.9929,17.1177],[81.9799,17.1205],[81.9719,17.1185],[81.965,17.1188],[81.9536,17.1158],[81.951,17.11],[81.942,17.109],[81.9402,17.1044],[81.9331,17.1038],[81.9266,17.1047],[81.9248,17.1027],[81.9199,17.1096],[81.9183,17.1165],[81.9181,17.1263],[81.9193,17.1342],[81.9167,17.1388],[81.916,17.1433],[81.9166,17.1538],[81.916,17.1602],[81.9173,17.1642],[81.9127,17.1665],[81.911,17.1702],[81.9059,17.1766],[81.9031,17.1835],[81.9073,17.1922],[81.913,17.1933],[81.9203,17.1986],[81.9237,17.1984],[81.9279,17.2006],[81.9368,17.2],[81.9397,17.2107],[81.9455,17.2163],[81.9477,17.2221],[81.9473,17.2277],[81.9509,17.2338],[81.9549,17.2387],[81.9527,17.2399],[81.951,17.2493],[81.9618,17.2522],[81.9638,17.2583],[81.9665,17.2617],[81.9811,17.2599],[81.988,17.2616],[81.9932,17.2605],[82.0049,17.2604],[82.0078,17.2627],[82.0117,17.2625],[82.0316,17.2671],[82.0361,17.2719],[82.0416,17.2696],[82.0489,17.2728],[82.0527,17.2756],[82.0599,17.2768],[82.06,17.2852],[82.0592,17.2909],[82.0647,17.294],[82.0682,17.2881],[82.0753,17.2854],[82.0816,17.2848],[82.0837,17.2879],[82.0926,17.2893],[82.0933,17.2928],[82.0903,17.2962]]]},"properties":{"district_name":"East Godavari","district_id":"east_godavari","ST_NAME":"Andhra Pradesh"}},{"type":"Feature","geometry":{"type":"Polygon","coordinates":[[[81.6577,17.2713],[81.6617,17.2819],[81.6717,17.2888],[81.6764,17.289],[81.6794,17.2926],[81.6781,17.3015],[81.6765,17.3042],[81.6636,17.3121],[81.6458,17.3212],[81.6424,17.3237],[81.6335,17.326],[81.6268,17.3247],[81.6179,17.3273],[81.6143,17.3312],[81.6121,17.3355],[81.6107,17.3436],[81.6144,17.3499],[81.6123,17.3572],[81.6058,17.3693],[81.6042,17.3756],[81.6071,17.3894],[81.6096,17.3973],[81.6159,17.4002],[81.6139,17.4068],[81.6089,17.4103],[81.6038,17.4113],[81.597,17.4099],[81.5905,17.4056],[81.5858,17.4057],[81.5813,17.4116],[81.5793,17.4162],[81.5775,17.4277],[81.5747,17.4335],[81.5677,17.4361],[81.5637,17.4398],[81.5529,17.4398],[81.5412,17.4365],[81.5326,17.4389],[81.5278,17.4427],[81.5256,17.4465],[81.5181,17.4547],[81.5154,17.4604],[81.5134,17.4708],[81.5103,17.4748],[81.5051,17.4782],[81.498,17.4809],[81.4949,17.4764],[81.5028,17.4636],[81.5021,17.4613],[81.4805,17.4581],[81.4499,17.4538],[81.4431,17.4523],[81.4239,17.4515],[81.4096,17.4529],[81.4013,17.4556],[81.3916,17.4631],[81.381,17.4727],[81.3743,17.4811],[81.3681,17.4851],[81.3509,17.4874],[81.338,17.4868],[81.3312,17.4839],[81.3213,17.4823],[81.307,17.4818],[81.297,17.4844],[81.2923,17.4922],[81.286,17.5068],[81.2833,17.5149],[81.283,17.5183],[81.2801,17.5221],[81.2774,17.5319],[81.2685,17.5478],[81.259,17.5595],[81.2498,17.5636],[81.2427,17.5641],[81.2282,17.5622],[81.2208,17.5605],[81.2067,17.5614],[81.203,17.5624],[81.1927,17.5627],[81.1861,17.5643],[81.1726,17.5694],[81.1545,17.5769],[81.1366,17.5857],[81.1283,17.591],[81.1198,17.5995],[81.1132,17.608],[81.1059,17.6131],[81.099,17.6165],[81.088,17.6175],[81.0744,17.6176],[81.059,17.613],[81.0514,17.6097],[81.0474,17.6067],[81.0405,17.6034],[81.0262,17.5998],[81.0162,17.5986],[81.0115,17.6008],[81.0077,17.6047],[81.006,17.6098],[81.0062,17.6171],[81.0077,17.6229],[81.0091,17.6335],[81.0075,17.6433],[81.001,17.65],[80.9958,17.6523],[80.9866,17.6527],[80.9732,17.6504],[80.9656,17.6476],[80.9503,17.6373],[80.9438,17.6343],[80.932,17.6346],[80.9181,17.6386],[80.9097,17.6399],[80.9043,17.641],[80.9018,17.6417],[80.8966,17.6428],[80.8904,17.6359],[80.8871,17.6346],[80.8825,17.6354],[80.8746,17.6348],[80.8664,17.636],[80.8595,17.635],[80.8493,17.6381],[80.845,17.6325],[80.843,17.6247],[80.8456,17.6207],[80.851,17.6163],[80.8522,17.6086],[80.8558,17.6095],[80.8687,17.6047],[80.8918,17.5931],[80.8987,17.5911],[80.9055,17.5908],[80.9107,17.592],[80.9316,17.5925],[80.9476,17.5941],[80.9542,17.5937],[80.9593,17.5898],[80.9615,17.5868],[80.9674,17.5628],[80.9703,17.5574],[80.9777,17.5472],[80.9835,17.5413],[80.9898,17.5361],[81,17.53],[81.0016,17.5241],[81.0072,17.5081],[81.012,17.4927],[81.0316,17.4869],[81.0533,17.4779],[81.0564,17.4754],[81.0616,17.474],[81.0694,17.4679],[81.0778,17.4633],[81.0815,17.4625],[81.0907,17.4582],[81.0984,17.4562],[81.1017,17.4565],[81.1107,17.4635],[81.1224,17.4772],[81.1243,17.4812],[81.1295,17.4857],[81.1362,17.4864],[81.1498,17.4799],[81.1566,17.4795],[81.1603,17.4759],[81.1687,17.4637],[81.1698,17.4607],[81.164,17.4552],[81.1592,17.4473],[81.1586,17.4438],[81.1606,17.4408],[81.1659,17.4374],[81.1725,17.4356],[81.1765,17.4325],[81.1955,17.4244],[81.2008,17.4213],[81.2044,17.4211],[81.2072,17.4238],[81.2113,17.4348],[81.2271,17.438],[81.2319,17.4281],[81.2341,17.4198],[81.2396,17.4096],[81.2451,17.4029],[81.2478,17.4008],[81.2547,17.3992],[81.2617,17.3931],[81.2675,17.3928],[81.2778,17.3884],[81.2831,17.3874],[81.2872,17.3852],[81.2994,17.3837],[81.308,17.3791],[81.3149,17.3706],[81.3159,17.3648],[81.3113,17.3605],[81.3068,17.3519],[81.3042,17.3454],[81.3005,17.3409],[81.2968,17.3386],[81.2884,17.3287],[81.2785,17.3239],[81.275,17.3187],[81.2716,17.318],[81.2604,17.3221],[81.2581,17.322],[81.2455,17.3261],[81.2444,17.3235],[81.2389,17.3239],[81.2389,17.3212],[81.2328,17.3208],[81.2216,17.322],[81.2098,17.3263],[81.2058,17.3253],[81.1897,17.3248],[81.1864,17.3146],[81.1834,17.3111],[81.1808,17.3052],[81.1762,17.284],[81.1792,17.2783],[81.1782,17.2687],[81.1849,17.2569],[81.1876,17.2547],[81.1861,17.2481],[81.1823,17.2462],[81.1759,17.2379],[81.1737,17.2306],[81.1619,17.2314],[81.1452,17.2289],[81.1425,17.2277],[81.1301,17.2248],[81.12,17.2246],[81.1028,17.2223],[81.0827,17.2171],[81.079,17.2149],[81.0757,17.2159],[81.055,17.2248],[81.0562,17.2203],[81.0544,17.216],[81.0477,17.2054],[81.0417,17.2011],[81.0355,17.1923],[81.0304,17.1904],[81.0195,17.1936],[81.0105,17.1939],[81.0082,17.1918],[80.9985,17.19],[80.9868,17.1947],[80.981,17.1962],[80.9743,17.2006],[80.9679,17.2027],[80.9595,17.2043],[80.9531,17.2088],[80.9446,17.217],[80.9398,17.2194],[80.9275,17.2204],[80.9182,17.219],[80.9163,17.2155],[80.9161,17.2111],[80.9196,17.1998],[80.918,17.1895],[80.9204,17.1892],[80.9253,17.1831],[80.924,17.1738],[80.9244,17.1671],[80.9226,17.1603],[80.9239,17.1573],[80.9157,17.1535],[80.9098,17.1534],[80.9038,17.1544],[80.8934,17.1575],[80.8867,17.1583],[80.8805,17.161],[80.8779,17.147],[80.8786,17.1368],[80.8796,17.1342],[80.8741,17.1287],[80.8693,17.127],[80.8681,17.1216],[80.8754,17.1096],[80.8762,17.1045],[80.8738,17.0985],[80.8751,17.0952],[80.8681,17.0824],[80.8689,17.0772],[80.8725,17.0762],[80.8766,17.0731],[80.8704,17.0676],[80.864,17.0563],[80.8581,17.0508],[80.8558,17.0462],[80.8449,17.0392],[80.8416,17.0452],[80.8327,17.0507],[80.8253,17.0531],[80.8106,17.0547],[80.8038,17.0574],[80.7993,17.0607],[80.7913,17.0393],[80.7825,17.0279],[80.7795,17.0218],[80.7892,17.015],[80.7923,17.0093],[80.8006,16.9999],[80.8095,16.9971],[80.8197,16.9916],[80.8256,16.9898],[80.8251,16.9821],[80.8258,16.9764],[80.8283,16.9733],[80.8294,16.9668],[80.8278,16.9636],[80.8265,16.9455],[80.825,16.9302],[80.8255,16.9265],[80.8365,16.924],[80.8472,16.9136],[80.8535,16.9085],[80.8515,16.9051],[80.8476,16.8915],[80.8444,16.886],[80.83,16.88],[80.826,16.879],[80.8133,16.8807],[80.7976,16.8821],[80.7988,16.874],[80.797,16.8659],[80.7944,16.8594],[80.772,16.8505],[80.7701,16.8465],[80.7707,16.8402],[80.7744,16.8387],[80.7765,16.8342],[80.7761,16.8244],[80.7776,16.821],[80.7755,16.8193],[80.7744,16.8146],[80.7765,16.8099],[80.7722,16.8076],[80.767,16.7971],[80.7665,16.789],[80.7653,16.7864],[80.7608,16.7846],[80.7594,16.7793],[80.7548,16.7746],[80.7524,16.7699],[80.7478,16.764],[80.7453,16.7571],[80.7392,16.7463],[80.7386,16.7439],[80.7323,16.7336],[80.7282,16.7283],[80.7233,16.7193],[80.7145,16.709],[80.7088,16.7014],[80.7053,16.6949],[80.6992,16.6859],[80.6938,16.6796],[80.6884,16.671],[80.6859,16.6598],[80.6868,16.6509],[80.686,16.6386],[80.6879,16.6336],[80.6971,16.6265],[80.7173,16.6256],[80.7272,16.6236],[80.7399,16.6199],[80.7411,16.6247],[80.7433,16.6273],[80.7477,16.6269],[80.7514,16.6291],[80.7592,16.6295],[80.7677,16.6245],[80.7719,16.6269],[80.7767,16.6249],[80.7779,16.6225],[80.7819,16.6249],[80.784,16.6313],[80.7927,16.6428],[80.7955,16.6361],[80.7988,16.6349],[80.8035,16.6377],[80.8177,16.6513],[80.8173,16.6561],[80.8084,16.6603],[80.8129,16.6698],[80.8168,16.6734],[80.8218,16.6725],[80.8229,16.67],[80.8223,16.6643],[80.8248,16.6604],[80.8243,16.6527],[80.836,16.6433],[80.8316,16.6353],[80.8311,16.6311],[80.8336,16.6226],[80.833,16.6187],[80.8359,16.6182],[80.8365,16.6137],[80.848,16.6104],[80.8579,16.6228],[80.8617,16.6248],[80.8652,16.622],[80.8689,16.622],[80.8735,16.6166],[80.8763,16.6191],[80.8805,16.6177],[80.8837,16.6288],[80.8844,16.6454],[80.8871,16.6541],[80.8788,16.6563],[80.8705,16.6619],[80.8625,16.6651],[80.8558,16.6688],[80.8521,16.6733],[80.8541,16.6777],[80.8536,16.6838],[80.8513,16.6884],[80.8549,16.6908],[80.8569,16.6957],[80.8657,16.693],[80.8683,16.6939],[80.8737,16.6915],[80.8776,16.697],[80.8784,16.7039],[80.8754,16.7106],[80.8771,16.7128],[80.8904,16.7143],[80.8934,16.7126],[80.8958,16.7081],[80.8998,16.7086],[80.9019,16.7136],[80.9046,16.7102],[80.9084,16.7107],[80.9151,16.7063],[80.9203,16.7077],[80.9277,16.7046],[80.928,16.7016],[80.9244,16.6992],[80.9252,16.6954],[80.931,16.6935],[80.9343,16.6903],[80.9418,16.6863],[80.9417,16.682],[80.9386,16.6749],[80.9543,16.6722],[80.9538,16.6647],[80.9559,16.6635],[80.9645,16.6529],[80.9694,16.646],[80.9703,16.6382],[80.9737,16.6311],[80.9728,16.6264],[80.9771,16.6233],[80.9908,16.6044],[80.9959,16.5989],[81.0012,16.5952],[81.0016,16.5891],[81.0075,16.5861],[81.0085,16.5785],[81.0118,16.5613],[81.0175,16.5619],[81.0225,16.5578],[81.0269,16.5629],[81.0318,16.5629],[81.0355,16.5643],[81.0385,16.5625],[81.0414,16.5671],[81.0485,16.5702],[81.0625,16.5704],[81.0698,16.5757],[81.0776,16.5751],[81.0835,16.5764],[81.1003,16.5876],[81.1059,16.5808],[81.1017,16.572],[81.0956,16.5684],[81.0923,16.5628],[81.0926,16.5529],[81.0967,16.5525],[81.1007,16.5552],[81.1058,16.5523],[81.1043,16.5482],[81.1048,16.5397],[81.1021,16.5377],[81.1035,16.5328],[81.102,16.5293],[81.1008,16.5212],[81.1091,16.5176],[81.1181,16.5124],[81.1141,16.5085],[81.1116,16.4974],[81.1069,16.498],[81.1011,16.4913],[81.0959,16.49],[81.0956,16.4924],[81.0892,16.4954],[81.087,16.4894],[81.0827,16.4827],[81.0834,16.4791],[81.0911,16.4736],[81.09,16.4695],[81.0931,16.4679],[81.0896,16.462],[81.0906,16.4573],[81.0866,16.4524],[81.0756,16.4572],[81.075,16.4537],[81.0844,16.4494],[81.0819,16.4447],[81.0833,16.4423],[81.0801,16.4393],[81.0826,16.4373],[81.0812,16.4318],[81.0765,16.4337],[81.0726,16.4369],[81.0674,16.4381],[81.0672,16.4416],[81.0627,16.4402],[81.0581,16.4372],[81.0526,16.4382],[81.0476,16.4371],[81.0457,16.4346],[81.0444,16.4207],[81.0526,16.4177],[81.057,16.4175],[81.059,16.4121],[81.0621,16.4116],[81.0632,16.4074],[81.0619,16.3985],[81.0711,16.3954],[81.075,16.3975],[81.0795,16.3948],[81.0785,16.3901],[81.0831,16.3831],[81.0917,16.3801],[81.0957,16.3817],[81.1025,16.3807],[81.1087,16.3882],[81.1129,16.3855],[81.1166,16.3813],[81.1219,16.3821],[81.1282,16.3797],[81.1329,16.3791],[81.1397,16.3765],[81.1431,16.3785],[81.1484,16.3864],[81.1503,16.3939],[81.1543,16.3921],[81.1575,16.3985],[81.1578,16.403],[81.1722,16.4028],[81.1734,16.397],[81.1722,16.3932],[81.1722,16.3866],[81.1793,16.3847],[81.1856,16.3845],[81.2023,16.3814],[81.203,16.3897],[81.2049,16.3987],[81.2051,16.4039],[81.2067,16.4092],[81.2145,16.4198],[81.2198,16.4229],[81.2233,16.4224],[81.2278,16.4253],[81.227,16.4168],[81.2304,16.4132],[81.238,16.4117],[81.2543,16.4034],[81.2658,16.4179],[81.2719,16.424],[81.2786,16.4295],[81.2825,16.4265],[81.298,16.4368],[81.3044,16.4388],[81.3014,16.4461],[81.2991,16.449],[81.2919,16.4537],[81.2993,16.4543],[81.3134,16.4572],[81.3147,16.4588],[81.3213,16.4591],[81.3221,16.4496],[81.3243,16.448],[81.3256,16.4377],[81.3242,16.4285],[81.3202,16.4239],[81.3197,16.4192],[81.3321,16.4177],[81.3316,16.4148],[81.3466,16.4096],[81.3435,16.4059],[81.3711,16.4068],[81.3817,16.4081],[81.3865,16.4101],[81.3847,16.4149],[81.389,16.4189],[81.3955,16.421],[81.4018,16.4284],[81.3996,16.4334],[81.4021,16.438],[81.3972,16.4419],[81.3907,16.4399],[81.3889,16.4448],[81.3834,16.447],[81.3792,16.4512],[81.376,16.4568],[81.3735,16.4584],[81.3753,16.4633],[81.3791,16.4664],[81.3735,16.4736],[81.3686,16.4756],[81.368,16.4823],[81.3702,16.4874],[81.37,16.4909],[81.3719,16.4971],[81.3701,16.4993],[81.3657,16.5003],[81.3643,16.5051],[81.3622,16.5071],[81.3565,16.5069],[81.3516,16.5047],[81.3464,16.507],[81.3431,16.5046],[81.3381,16.5049],[81.3321,16.5101],[81.3336,16.5132],[81.3391,16.5127],[81.3375,16.5181],[81.3391,16.5261],[81.3433,16.5312],[81.3416,16.5345],[81.342,16.5398],[81.3445,16.5499],[81.3463,16.5524],[81.3449,16.5582],[81.3485,16.5682],[81.3458,16.5732],[81.3479,16.5799],[81.3465,16.5845],[81.3468,16.5905],[81.3486,16.5926],[81.354,16.5941],[81.3577,16.5972],[81.3546,16.6106],[81.3492,16.609],[81.3446,16.6063],[81.3336,16.6126],[81.3274,16.6184],[81.3264,16.626],[81.328,16.6277],[81.3303,16.6363],[81.3313,16.6573],[81.3338,16.6695],[81.3329,16.6799],[81.3297,16.6879],[81.3374,16.6908],[81.3453,16.6911],[81.3483,16.6935],[81.3531,16.6922],[81.3522,16.6784],[81.343,16.6749],[81.3437,16.6656],[81.3414,16.6644],[81.3439,16.6581],[81.3583,16.6637],[81.3758,16.6658],[81.3898,16.6661],[81.394,16.667],[81.4105,16.6649],[81.4181,16.6655],[81.4284,16.6627],[81.4321,16.6604],[81.4384,16.6626],[81.4439,16.6634],[81.4461,16.6685],[81.4531,16.6723],[81.4534,16.6759],[81.465,16.6762],[81.4723,16.6782],[81.4722,16.6815],[81.4742,16.6881],[81.4893,16.6885],[81.4931,16.6873],[81.4931,16.6811],[81.492,16.6736],[81.5006,16.6699],[81.4991,16.6643],[81.5067,16.6625],[81.5064,16.6661],[81.5113,16.6656],[81.5142,16.6687],[81.5143,16.673],[81.5249,16.6719],[81.5321,16.6722],[81.5325,16.6656],[81.5396,16.6649],[81.5402,16.6575],[81.539,16.6523],[81.543,16.6523],[81.5443,16.6467],[81.5501,16.6438],[81.5558,16.6445],[81.5607,16.6492],[81.5634,16.6564],[81.5606,16.658],[81.5536,16.6667],[81.5537,16.67],[81.556,16.6791],[81.5661,16.6798],[81.5711,16.6818],[81.5708,16.6914],[81.5791,16.6933],[81.5842,16.7032],[81.5899,16.7013],[81.592,16.7034],[81.5981,16.7026],[81.599,16.7085],[81.5955,16.7089],[81.5963,16.7207],[81.5937,16.7222],[81.5847,16.7224],[81.5798,16.7235],[81.5689,16.7227],[81.566,16.7307],[81.5661,16.7349],[81.568,16.7402],[81.5678,16.7461],[81.5661,16.7488],[81.5639,16.7606],[81.5601,16.7595],[81.5521,16.761],[81.5502,16.751],[81.5476,16.7438],[81.5467,16.7364],[81.5372,16.7371],[81.5319,16.7383],[81.5251,16.7311],[81.5222,16.7342],[81.5154,16.7361],[81.5117,16.7292],[81.5088,16.7292],[81.5043,16.7265],[81.499,16.7293],[81.4937,16.7302],[81.4886,16.7355],[81.4841,16.7351],[81.4792,16.7369],[81.4766,16.7345],[81.4755,16.7302],[81.4711,16.7312],[81.4686,16.7259],[81.4617,16.7272],[81.4608,16.7251],[81.4515,16.7259],[81.4469,16.7286],[81.4482,16.7341],[81.4432,16.7356],[81.4434,16.7448],[81.4413,16.7506],[81.4421,16.7535],[81.4401,16.758],[81.4651,16.7548],[81.4698,16.7602],[81.4805,16.758],[81.476,16.7637],[81.4749,16.7685],[81.4758,16.7767],[81.4724,16.7803],[81.4796,16.7913],[81.4829,16.7977],[81.4898,16.7966],[81.4953,16.8089],[81.4982,16.8137],[81.4927,16.8148],[81.4861,16.8184],[81.4876,16.8255],[81.4844,16.8264],[81.481,16.8346],[81.4809,16.8408],[81.4783,16.8419],[81.4793,16.847],[81.4754,16.8578],[81.4748,16.8642],[81.4649,16.867],[81.4579,16.8709],[81.4608,16.8774],[81.463,16.8878],[81.4618,16.8987],[81.4562,16.8995],[81.4451,16.8995],[81.4428,16.8958],[81.4473,16.8903],[81.4479,16.887],[81.4406,16.8764],[81.4331,16.8745],[81.4218,16.8685],[81.4145,16.868],[81.3997,16.8705],[81.396,16.8651],[81.3909,16.8653],[81.3888,16.8762],[81.389,16.8813],[81.3908,16.8847],[81.3906,16.8912],[81.3941,16.8966],[81.3918,16.8998],[81.3899,16.9069],[81.3808,16.9086],[81.3743,16.9086],[81.3707,16.9028],[81.3638,16.8971],[81.3542,16.8966],[81.339,16.8977],[81.3316,16.9013],[81.3317,16.9063],[81.3259,16.9162],[81.3258,16.9182],[81.332,16.9272],[81.327,16.9298],[81.3224,16.9295],[81.3048,16.9315],[81.2965,16.9362],[81.2927,16.9374],[81.2942,16.9434],[81.2975,16.9515],[81.305,16.9552],[81.3098,16.9602],[81.313,16.967],[81.3277,16.9668],[81.3256,16.9702],[81.3191,16.9706],[81.3131,16.9725],[81.3366,16.9895],[81.3448,16.9911],[81.348,16.9878],[81.36,16.9838],[81.3641,16.9846],[81.3678,16.987],[81.3682,16.9902],[81.3721,16.9933],[81.3744,17.0036],[81.3696,17.0145],[81.3683,17.0201],[81.3695,17.0293],[81.3768,17.0336],[81.3808,17.0325],[81.3806,17.0368],[81.3842,17.0367],[81.3881,17.0416],[81.3935,17.0402],[81.3956,17.0458],[81.3982,17.0464],[81.412,17.0436],[81.4139,17.0495],[81.4209,17.0491],[81.422,17.0474],[81.43,17.0442],[81.4342,17.0409],[81.4323,17.0303],[81.4379,17.0276],[81.4381,17.0213],[81.4408,17.0212],[81.4433,17.0145],[81.4426,17.0116],[81.4466,17.0073],[81.4553,17.0071],[81.459,17.0184],[81.4569,17.0201],[81.4587,17.0243],[81.451,17.0362],[81.456,17.0417],[81.4507,17.0445],[81.4431,17.0464],[81.4424,17.0499],[81.4362,17.0489],[81.4356,17.0603],[81.4318,17.0602],[81.4319,17.0663],[81.4334,17.0703],[81.4378,17.0694],[81.4433,17.0708],[81.446,17.0783],[81.451,17.0753],[81.4561,17.0793],[81.46,17.0949],[81.4577,17.0992],[81.4495,17.0989],[81.4495,17.104],[81.4461,17.1099],[81.4466,17.1122],[81.4553,17.1142],[81.4607,17.1138],[81.4641,17.1122],[81.4687,17.1148],[81.4691,17.1217],[81.4723,17.1262],[81.4781,17.1266],[81.478,17.1321],[81.476,17.1381],[81.4765,17.1435],[81.4804,17.1461],[81.4831,17.1525],[81.4855,17.1551],[81.4815,17.1609],[81.4775,17.1639],[81.4796,17.1688],[81.4782,17.1818],[81.48,17.1849],[81.4985,17.1984],[81.5,17.2027],[81.5064,17.2028],[81.5089,17.2008],[81.5177,17.2011],[81.5235,17.2043],[81.5253,17.2068],[81.5307,17.209],[81.5317,17.2127],[81.5354,17.2107],[81.5359,17.2147],[81.5405,17.2177],[81.5431,17.2252],[81.547,17.2287],[81.5523,17.2296],[81.5572,17.2246],[81.5628,17.2243],[81.5686,17.2174],[81.5786,17.2153],[81.5931,17.2179],[81.5961,17.2203],[81.6019,17.221],[81.6018,17.2181],[81.6045,17.2134],[81.5985,17.211],[81.5974,17.2054],[81.5985,17.2016],[81.603,17.2012],[81.6059,17.1924],[81.61,17.1909],[81.6126,17.1929],[81.6185,17.1938],[81.6243,17.1923],[81.627,17.1854],[81.6366,17.1828],[81.6404,17.1799],[81.6452,17.1719],[81.6552,17.1684],[81.656,17.174],[81.6527,17.1846],[81.6464,17.1927],[81.6405,17.2076],[81.6421,17.214],[81.6412,17.2258],[81.642,17.2306],[81.6522,17.2445],[81.6539,17.248],[81.6556,17.2598],[81.6558,17.2664],[81.6577,17.2713]],[[80.9669,16.7605],[80.9684,16.7623],[80.9745,16.7595],[80.9756,16.7573],[80.982,16.7541],[80.9869,16.7527],[80.9943,16.7488],[80.9998,16.7471],[80.9987,16.7413],[80.9964,16.7373],[80.9941,16.7293],[80.9887,16.7224],[80.9854,16.7237],[80.9809,16.7233],[80.9695,16.7266],[80.9661,16.7212],[80.9616,16.7166],[80.9561,16.703],[80.9536,16.7009],[80.946,16.7024],[80.9471,16.7062],[80.9397,16.711],[80.9308,16.7129],[80.9363,16.7268],[80.9457,16.7374],[80.9507,16.7437],[80.9511,16.749],[80.9472,16.7535],[80.9554,16.7552],[80.96,16.7585],[80.9669,16.7605]],[[80.9903,16.6799],[80.9999,16.6762],[81.0075,16.6719],[81.0007,16.6638],[81.016,16.6536],[81.018,16.6493],[81.0103,16.6348],[81.0085,16.6337],[81.0003,16.6339],[80.9953,16.6353],[80.9956,16.6374],[80.9848,16.6477],[80.9768,16.6602],[80.9767,16.6636],[80.9733,16.6645],[80.9707,16.6781],[80.9821,16.6793],[80.9892,16.6775],[80.9903,16.6799]]]},"properties":{"district_name":"Eluru","district_id":"eluru","ST_NAME":"Andhra Pradesh"}},{"type":"Feature","geometry":{"type":"Polygon","coordinates":[[[80.8843,17.6953],[80.8841,17.6876],[80.8844,17.6935],[80.8843,17.6953]]]},"properties":{"district_name":"Eluru","district_id":"eluru","ST_NAME":"Andhra Pradesh"}},{"type":"Feature","geometry":{"type":"Polygon","coordinates":[[[80.8814,17.725],[80.8808,17.7309],[80.881,17.7282],[80.8814,17.725]]]},"properties":{"district_name":"Eluru","district_id":"eluru","ST_NAME":"Andhra Pradesh"}},{"type":"Feature","geometry":{"type":"Polygon","coordinates":[[[80.6526,16.48],[80.6426,16.4866],[80.6177,16.5006],[80.6166,16.5019],[80.6052,16.5064],[80.5908,16.5127],[80.5915,16.5154],[80.5845,16.5199],[80.5834,16.518],[80.5549,16.5331],[80.5544,16.5417],[80.5397,16.552],[80.5289,16.5627],[80.4981,16.5798],[80.466,16.591],[80.4552,16.5903],[80.4273,16.5879],[80.4261,16.5754],[80.424,16.5629],[80.428,16.5586],[80.4238,16.5502],[80.4169,16.5505],[80.4096,16.532],[80.4079,16.5318],[80.4067,16.5256],[80.4095,16.5253],[80.4079,16.5195],[80.4073,16.5077],[80.4175,16.5065],[80.4199,16.5054],[80.4183,16.4916],[80.421,16.4842],[80.4293,16.48],[80.4264,16.4766],[80.4114,16.4794],[80.3981,16.4812],[80.3927,16.4762],[80.3812,16.4783],[80.3789,16.4712],[80.3781,16.4643],[80.3695,16.4652],[80.3674,16.4586],[80.3648,16.4595],[80.3477,16.4628],[80.3429,16.4625],[80.34,16.4663],[80.3381,16.4634],[80.3343,16.4629],[80.3238,16.4645],[80.3179,16.4632],[80.3129,16.4535],[80.3087,16.4543],[80.3078,16.4345],[80.3033,16.4257],[80.2898,16.4292],[80.2806,16.4292],[80.2748,16.4171],[80.2697,16.41],[80.2553,16.4151],[80.2534,16.4147],[80.2395,16.4159],[80.2378,16.4113],[80.2316,16.4086],[80.2256,16.401],[80.2234,16.3943],[80.2199,16.3948],[80.2183,16.3892],[80.2276,16.3867],[80.2302,16.3824],[80.2254,16.3697],[80.231,16.3659],[80.2277,16.3628],[80.2259,16.355],[80.2182,16.3507],[80.2206,16.3475],[80.2208,16.3435],[80.2171,16.3395],[80.2052,16.3422],[80.1993,16.3457],[80.1949,16.3561],[80.1856,16.3585],[80.1815,16.3589],[80.1803,16.3565],[80.1806,16.3512],[80.1766,16.329],[80.1749,16.3237],[80.1603,16.3262],[80.158,16.3181],[80.1577,16.3142],[80.1621,16.3122],[80.1584,16.3075],[80.1574,16.3035],[80.1405,16.3044],[80.1357,16.3053],[80.1247,16.3104],[80.1213,16.2995],[80.124,16.2831],[80.1273,16.2703],[80.1354,16.2671],[80.1445,16.2647],[80.1438,16.2625],[80.1524,16.2586],[80.1553,16.2644],[80.1634,16.2703],[80.171,16.2641],[80.1783,16.2635],[80.1785,16.2739],[80.1767,16.2785],[80.1907,16.2767],[80.1921,16.268],[80.2002,16.2639],[80.1999,16.2623],[80.2202,16.258],[80.2181,16.2529],[80.2188,16.2496],[80.2308,16.2463],[80.2388,16.2586],[80.2427,16.2652],[80.2381,16.2667],[80.2446,16.2738],[80.2527,16.2726],[80.2647,16.269],[80.2716,16.2699],[80.2801,16.2661],[80.2859,16.2697],[80.2945,16.2805],[80.3016,16.2852],[80.3074,16.287],[80.3104,16.2861],[80.3138,16.293],[80.3104,16.2938],[80.3119,16.2999],[80.3159,16.3028],[80.3222,16.3094],[80.326,16.309],[80.3297,16.3155],[80.3343,16.3155],[80.3397,16.3098],[80.3353,16.3061],[80.3382,16.3007],[80.3412,16.3],[80.3427,16.3032],[80.3428,16.3093],[80.3467,16.3146],[80.3502,16.3133],[80.3515,16.3092],[80.3486,16.3053],[80.3513,16.3025],[80.3512,16.2978],[80.3467,16.2954],[80.3468,16.2865],[80.3434,16.2785],[80.3395,16.2718],[80.3328,16.2658],[80.3301,16.2661],[80.3278,16.2629],[80.3236,16.2513],[80.3189,16.2465],[80.3158,16.2483],[80.31,16.2402],[80.3062,16.2327],[80.3003,16.2291],[80.2892,16.2154],[80.2859,16.2177],[80.2801,16.2178],[80.2763,16.2065],[80.2746,16.1994],[80.2808,16.199],[80.2852,16.1961],[80.287,16.1917],[80.2965,16.1896],[80.2937,16.1813],[80.2945,16.1795],[80.293,16.1666],[80.2892,16.1623],[80.2825,16.1629],[80.2779,16.1609],[80.2759,16.1562],[80.2732,16.1556],[80.2737,16.1509],[80.276,16.1487],[80.2751,16.1443],[80.2782,16.1432],[80.275,16.1361],[80.2761,16.133],[80.2738,16.1289],[80.2689,16.1281],[80.2665,16.1235],[80.2723,16.119],[80.2741,16.1158],[80.2817,16.1114],[80.2844,16.1064],[80.2898,16.1034],[80.2846,16.0936],[80.2812,16.0926],[80.2732,16.0944],[80.2669,16.0971],[80.2621,16.0968],[80.2566,16.0978],[80.2558,16.0952],[80.2513,16.0954],[80.2492,16.0918],[80.2446,16.0906],[80.2436,16.0882],[80.237,16.0866],[80.2357,16.084],[80.2272,16.088],[80.2261,16.0866],[80.2308,16.0826],[80.2283,16.0741],[80.2297,16.0657],[80.2321,16.0622],[80.2297,16.059],[80.231,16.0474],[80.2297,16.0379],[80.2371,16.0373],[80.24,16.0526],[80.2455,16.0522],[80.2612,16.046],[80.2624,16.0534],[80.2664,16.0515],[80.284,16.0493],[80.2924,16.0508],[80.2935,16.0535],[80.3004,16.0516],[80.3018,16.0555],[80.3061,16.054],[80.3103,16.0502],[80.3108,16.0471],[80.3183,16.0447],[80.3156,16.0378],[80.3136,16.0291],[80.3183,16.0296],[80.3277,16.0256],[80.3251,16.0186],[80.3355,16.0151],[80.3369,16.0213],[80.343,16.0238],[80.345,16.029],[80.3586,16.027],[80.3589,16.0213],[80.366,16.0193],[80.3657,16.0169],[80.3715,16.0158],[80.3713,16.013],[80.3808,16.0113],[80.3862,16.0113],[80.3913,16.007],[80.4097,16.0011],[80.4252,15.9998],[80.4243,15.9903],[80.4258,15.9815],[80.4338,15.9834],[80.4467,15.9828],[80.4515,15.9816],[80.4522,15.9885],[80.4537,15.9933],[80.4526,16],[80.4586,16.011],[80.4639,16.0108],[80.4683,16.0093],[80.4791,16.0084],[80.4833,16.0112],[80.4907,16.0097],[80.4996,16.0055],[80.4937,15.998],[80.4973,15.9967],[80.5023,15.9993],[80.5054,16.0029],[80.512,16.0032],[80.5221,16.0142],[80.5291,16.0146],[80.5287,16.0078],[80.5247,16.0002],[80.5353,15.9967],[80.5384,16.0105],[80.5465,16.0064],[80.5492,16.0132],[80.5557,16.0122],[80.5607,16.0135],[80.5614,16.0271],[80.5626,16.0316],[80.5739,16.0264],[80.5753,16.0278],[80.5807,16.0247],[80.5871,16.0345],[80.5828,16.0408],[80.5877,16.0453],[80.5919,16.0471],[80.5963,16.0474],[80.596,16.0529],[80.5918,16.0545],[80.5906,16.0608],[80.5919,16.0654],[80.5917,16.0756],[80.5962,16.1024],[80.5886,16.1041],[80.5859,16.1079],[80.5804,16.1126],[80.5799,16.1168],[80.5694,16.1216],[80.5696,16.131],[80.5708,16.1393],[80.5696,16.143],[80.5718,16.1507],[80.5621,16.1519],[80.5568,16.1425],[80.5531,16.1337],[80.545,16.1363],[80.5428,16.1417],[80.55,16.1492],[80.5525,16.1636],[80.5437,16.1649],[80.5535,16.1788],[80.5632,16.1756],[80.5619,16.1836],[80.5578,16.1894],[80.5564,16.1989],[80.5569,16.2031],[80.5611,16.2046],[80.5711,16.2041],[80.5733,16.2099],[80.5758,16.2131],[80.5828,16.2293],[80.5882,16.2266],[80.5916,16.2371],[80.5968,16.2358],[80.6037,16.2357],[80.6082,16.2233],[80.6153,16.2219],[80.6184,16.2229],[80.621,16.2263],[80.6233,16.2248],[80.6207,16.2201],[80.6338,16.214],[80.6431,16.2143],[80.6439,16.2055],[80.6494,16.1948],[80.6582,16.196],[80.6596,16.1945],[80.6729,16.1941],[80.6781,16.199],[80.6858,16.1999],[80.6902,16.212],[80.6921,16.2285],[80.7002,16.2285],[80.7021,16.2308],[80.7144,16.2312],[80.7166,16.234],[80.7196,16.2449],[80.7253,16.2437],[80.7264,16.246],[80.7354,16.2427],[80.7372,16.2351],[80.7485,16.2316],[80.7527,16.2424],[80.7488,16.2423],[80.75,16.2482],[80.7561,16.247],[80.7586,16.2548],[80.7749,16.25],[80.7784,16.2566],[80.7817,16.2565],[80.7779,16.2502],[80.7792,16.2471],[80.7919,16.242],[80.803,16.2422],[80.8039,16.2543],[80.798,16.2762],[80.7977,16.2831],[80.7865,16.2868],[80.7785,16.2943],[80.7753,16.2998],[80.7741,16.3041],[80.7672,16.3096],[80.7605,16.3163],[80.7521,16.3266],[80.7478,16.3303],[80.7403,16.3428],[80.7377,16.3532],[80.7344,16.3614],[80.7252,16.3811],[80.7073,16.3997],[80.6867,16.4147],[80.6755,16.4233],[80.6741,16.425],[80.6745,16.4423],[80.6659,16.4406],[80.6629,16.4493],[80.6636,16.4546],[80.6698,16.4644],[80.6696,16.4664],[80.6642,16.4726],[80.6526,16.48]]]},"properties":{"district_name":"Guntur","district_id":"guntur","ST_NAME":"Andhra Pradesh"}},{"type":"Feature","geometry":{"type":"Polygon","coordinates":[[[82.5414,17.2485],[82.5418,17.2513],[82.5391,17.2633],[82.53,17.2682],[82.5258,17.2712],[82.5254,17.2753],[82.5229,17.2766],[82.5217,17.2843],[82.5215,17.2961],[82.5182,17.2993],[82.5255,17.3006],[82.5339,17.3055],[82.5367,17.3114],[82.5367,17.3163],[82.5345,17.3216],[82.5357,17.3271],[82.5468,17.3266],[82.5474,17.325],[82.5549,17.3241],[82.559,17.3304],[82.5603,17.342],[82.5652,17.3421],[82.5668,17.3507],[82.5612,17.3539],[82.5557,17.3526],[82.5527,17.3575],[82.548,17.3614],[82.5475,17.3694],[82.5429,17.3736],[82.5509,17.3818],[82.5524,17.3881],[82.5556,17.3896],[82.5577,17.3992],[82.5603,17.4016],[82.5606,17.4085],[82.5729,17.4161],[82.5803,17.4239],[82.5832,17.4246],[82.5844,17.4299],[82.5897,17.4357],[82.5988,17.4431],[82.5998,17.4475],[82.6042,17.4548],[82.6022,17.4595],[82.5915,17.4648],[82.591,17.4671],[82.5858,17.4689],[82.5849,17.4741],[82.5806,17.4759],[82.5789,17.4813],[82.5691,17.486],[82.5681,17.492],[82.5598,17.4933],[82.5592,17.5016],[82.5597,17.5082],[82.5579,17.5209],[82.5525,17.5271],[82.546,17.5121],[82.539,17.5073],[82.5317,17.5063],[82.5315,17.5043],[82.522,17.5017],[82.5173,17.5014],[82.5118,17.5029],[82.5056,17.5029],[82.5044,17.5089],[82.4975,17.5067],[82.4944,17.5001],[82.4872,17.4992],[82.4873,17.501],[82.4804,17.501],[82.4797,17.5117],[82.4775,17.5196],[82.4723,17.5211],[82.4764,17.5265],[82.4715,17.5311],[82.4665,17.5312],[82.4606,17.5295],[82.4636,17.5246],[82.4681,17.5194],[82.4652,17.5114],[82.4495,17.511],[82.4503,17.5036],[82.4523,17.4956],[82.4542,17.4944],[82.4541,17.4898],[82.4524,17.4883],[82.4507,17.4811],[82.4492,17.4791],[82.44,17.4778],[82.4375,17.471],[82.4313,17.4724],[82.4283,17.4708],[82.4171,17.4696],[82.4101,17.4665],[82.3893,17.4778],[82.3815,17.4775],[82.3728,17.4791],[82.3674,17.4891],[82.3757,17.5008],[82.3782,17.5069],[82.3753,17.5102],[82.3633,17.51],[82.356,17.5057],[82.3495,17.4998],[82.3446,17.4939],[82.3408,17.496],[82.3382,17.5006],[82.3313,17.5029],[82.3336,17.511],[82.33,17.5109],[82.3155,17.5002],[82.3135,17.4952],[82.3048,17.4882],[82.2999,17.4862],[82.2962,17.4826],[82.2913,17.4801],[82.2889,17.4766],[82.2867,17.4678],[82.2871,17.4558],[82.2847,17.446],[82.2794,17.4413],[82.2739,17.4381],[82.2673,17.4378],[82.262,17.4353],[82.2584,17.4349],[82.2525,17.4304],[82.2431,17.4175],[82.2399,17.4156],[82.2352,17.4099],[82.2174,17.3971],[82.2177,17.389],[82.205,17.3836],[82.1981,17.3792],[82.1926,17.3844],[82.1856,17.3867],[82.1828,17.3834],[82.1711,17.3762],[82.1656,17.3796],[82.1635,17.3759],[82.159,17.3767],[82.1498,17.3721],[82.1465,17.3679],[82.1406,17.3677],[82.139,17.3647],[82.1473,17.3617],[82.1451,17.3561],[82.1451,17.352],[82.1525,17.3506],[82.1526,17.3468],[82.1433,17.343],[82.1402,17.3446],[82.1364,17.3436],[82.1314,17.346],[82.1248,17.3448],[82.1222,17.3383],[82.1222,17.3284],[82.1231,17.3234],[82.1201,17.3233],[82.1142,17.3258],[82.1151,17.3288],[82.1028,17.3249],[82.0993,17.3256],[82.104,17.3326],[82.1071,17.3355],[82.1077,17.3388],[82.0938,17.3404],[82.0916,17.347],[82.095,17.3545],[82.0997,17.3549],[82.1048,17.3575],[82.1062,17.3634],[82.11,17.3636],[82.1122,17.366],[82.1114,17.3746],[82.1176,17.378],[82.122,17.3791],[82.1195,17.3828],[82.1166,17.3838],[82.1177,17.3881],[82.1162,17.392],[82.1085,17.3907],[82.1053,17.3848],[82.1008,17.3856],[82.0981,17.3884],[82.0998,17.3933],[82.0983,17.3953],[82.0985,17.4008],[82.0942,17.4001],[82.0941,17.3955],[82.0918,17.3902],[82.0874,17.3885],[82.0841,17.3983],[82.0818,17.4026],[82.075,17.4007],[82.0726,17.3985],[82.0784,17.3948],[82.0799,17.3908],[82.0769,17.3901],[82.0749,17.3847],[82.0702,17.384],[82.0681,17.3861],[82.0677,17.3902],[82.0617,17.3845],[82.0576,17.3828],[82.0568,17.3784],[82.0515,17.3751],[82.0543,17.3659],[82.0614,17.364],[82.062,17.3594],[82.0596,17.3569],[82.0556,17.3478],[82.0556,17.3417],[82.0581,17.34],[82.0621,17.3313],[82.059,17.3284],[82.0586,17.3236],[82.0536,17.3161],[82.0607,17.3102],[82.0604,17.3068],[82.0638,17.3034],[82.0682,17.3044],[82.0732,17.3027],[82.0812,17.3016],[82.0853,17.3025],[82.0909,17.2987],[82.0903,17.2962],[82.0933,17.2928],[82.0926,17.2893],[82.0837,17.2879],[82.0816,17.2848],[82.0753,17.2854],[82.0682,17.2881],[82.0647,17.294],[82.0592,17.2909],[82.06,17.2852],[82.0599,17.2768],[82.0527,17.2756],[82.0489,17.2728],[82.0416,17.2696],[82.0361,17.2719],[82.0316,17.2671],[82.0117,17.2625],[82.0078,17.2627],[82.0049,17.2604],[81.9932,17.2605],[81.988,17.2616],[81.9811,17.2599],[81.9665,17.2617],[81.9638,17.2583],[81.9618,17.2522],[81.951,17.2493],[81.9527,17.2399],[81.9549,17.2387],[81.9509,17.2338],[81.9473,17.2277],[81.9477,17.2221],[81.9455,17.2163],[81.9397,17.2107],[81.9368,17.2],[81.9279,17.2006],[81.9237,17.1984],[81.9203,17.1986],[81.913,17.1933],[81.9073,17.1922],[81.9031,17.1835],[81.9059,17.1766],[81.911,17.1702],[81.9127,17.1665],[81.9173,17.1642],[81.916,17.1602],[81.9166,17.1538],[81.916,17.1433],[81.9167,17.1388],[81.9193,17.1342],[81.9181,17.1263],[81.9183,17.1165],[81.9199,17.1096],[81.9248,17.1027],[81.9266,17.1047],[81.9331,17.1038],[81.9402,17.1044],[81.942,17.109],[81.951,17.11],[81.9536,17.1158],[81.965,17.1188],[81.9719,17.1185],[81.9799,17.1205],[81.9929,17.1177],[81.9992,17.1197],[82.0226,17.103],[82.038,17.0976],[82.0402,17.0936],[82.0463,17.0913],[82.0476,17.0885],[82.0465,17.0787],[82.0478,17.0745],[82.0467,17.0717],[82.0402,17.0691],[82.0362,17.0633],[82.0319,17.0634],[82.0335,17.0556],[82.0343,17.0473],[82.0329,17.0448],[82.0336,17.0359],[82.0398,17.0393],[82.0631,17.0393],[82.0646,17.0407],[82.0747,17.0416],[82.0775,17.0386],[82.0788,17.0332],[82.0781,17.0285],[82.074,17.0261],[82.069,17.0192],[82.0688,17.0137],[82.0615,17.0119],[82.0633,17.0025],[82.0603,16.9986],[82.0586,16.9936],[82.065,16.9928],[82.0661,16.9775],[82.0716,16.9634],[82.0731,16.9567],[82.071,16.9524],[82.0644,16.9432],[82.0645,16.9363],[82.0659,16.9287],[82.0612,16.9229],[82.0583,16.9176],[82.0585,16.9103],[82.0572,16.9023],[82.0557,16.9009],[82.0574,16.8946],[82.0625,16.8941],[82.0746,16.8978],[82.0741,16.8916],[82.0748,16.8852],[82.0791,16.8847],[82.0861,16.8817],[82.0937,16.8834],[82.0921,16.8784],[82.0936,16.8746],[82.099,16.8701],[82.1085,16.8644],[82.0983,16.8603],[82.0962,16.8581],[82.0881,16.8537],[82.0862,16.8504],[82.0923,16.8413],[82.0925,16.8374],[82.0893,16.8338],[82.0962,16.8334],[82.101,16.8426],[82.1074,16.8422],[82.1115,16.8345],[82.111,16.8303],[82.1084,16.8264],[82.1045,16.8178],[82.0991,16.8076],[82.1026,16.8044],[82.106,16.8061],[82.1082,16.8041],[82.1075,16.7948],[82.1056,16.7914],[82.1015,16.7907],[82.0998,16.7857],[82.0937,16.7847],[82.0919,16.7802],[82.0961,16.7789],[82.0871,16.7705],[82.0868,16.7663],[82.0793,16.766],[82.0774,16.7624],[82.073,16.7631],[82.0694,16.7549],[82.0662,16.7531],[82.0629,16.7595],[82.053,16.7599],[82.0486,16.7608],[82.0388,16.7609],[82.035,16.7624],[82.0222,16.7716],[82.017,16.7718],[82.0162,16.7691],[82.0101,16.7718],[82.0051,16.7696],[81.9984,16.7714],[81.9964,16.7684],[81.9869,16.7702],[81.9777,16.7738],[81.9768,16.7669],[81.9748,16.7619],[81.985,16.76],[81.9871,16.763],[81.9948,16.7622],[81.9926,16.7521],[81.9921,16.7461],[82.0019,16.7423],[81.9967,16.7311],[81.9923,16.7278],[81.9865,16.7269],[81.9858,16.7156],[81.9912,16.7076],[82.0049,16.7184],[82.0084,16.7205],[82.0132,16.7183],[82.0155,16.7151],[82.0164,16.7089],[82.02,16.7044],[82.0118,16.6837],[82.0178,16.6847],[82.022,16.6788],[82.032,16.6725],[82.0366,16.6727],[82.0438,16.675],[82.0457,16.6804],[82.0523,16.6822],[82.0548,16.6805],[82.0637,16.6786],[82.071,16.6781],[82.0777,16.676],[82.0847,16.679],[82.0799,16.6822],[82.0815,16.6846],[82.0921,16.6838],[82.0966,16.6841],[82.1039,16.6883],[82.105,16.6902],[82.1118,16.6891],[82.1156,16.6898],[82.1258,16.6846],[82.1299,16.6837],[82.1439,16.6871],[82.1466,16.689],[82.1554,16.691],[82.163,16.689],[82.1714,16.6897],[82.1743,16.6917],[82.1784,16.699],[82.1875,16.708],[82.1945,16.7115],[82.2006,16.7126],[82.2033,16.7144],[82.2156,16.7135],[82.224,16.7154],[82.228,16.7148],[82.2406,16.7081],[82.2563,16.6976],[82.2659,16.6956],[82.2779,16.7005],[82.2846,16.7015],[82.2947,16.7055],[82.3034,16.7126],[82.3079,16.7181],[82.3123,16.7274],[82.3117,16.735],[82.3023,16.7581],[82.2998,16.7685],[82.3007,16.7771],[82.3208,16.7775],[82.3264,16.7513],[82.329,16.741],[82.3336,16.7162],[82.3406,16.7166],[82.3428,16.7133],[82.3386,16.7047],[82.3361,16.6975],[82.3364,16.6925],[82.3414,16.6923],[82.3524,16.6985],[82.3548,16.7012],[82.3639,16.7127],[82.3692,16.7215],[82.3683,16.7262],[82.362,16.7326],[82.3573,16.7349],[82.3475,16.7351],[82.3442,16.7365],[82.3437,16.748],[82.3482,16.768],[82.3558,16.7989],[82.3588,16.8152],[82.3586,16.824],[82.3604,16.8346],[82.3628,16.8536],[82.3631,16.8592],[82.3666,16.8777],[82.3702,16.9113],[82.3689,16.9288],[82.3668,16.9502],[82.3653,16.9599],[82.3627,16.9667],[82.3566,16.9774],[82.3493,16.9852],[82.3423,16.9902],[82.3371,16.9929],[82.3335,16.9934],[82.3303,16.9909],[82.2712,16.9481],[82.2686,16.9546],[82.2698,16.96],[82.2743,16.9701],[82.2765,16.9794],[82.2797,16.9847],[82.2788,16.9877],[82.2797,16.9933],[82.2883,17.0161],[82.298,17.0317],[82.3038,17.0398],[82.3191,17.0574],[82.3267,17.0654],[82.34,17.0784],[82.3554,17.0922],[82.3986,17.1337],[82.4149,17.149],[82.4219,17.1561],[82.4431,17.1748],[82.4648,17.1924],[82.4717,17.1986],[82.4822,17.2068],[82.5003,17.2202],[82.5107,17.2269],[82.5212,17.2347],[82.5414,17.2485]]]},"properties":{"district_name":"Kakinada","district_id":"kakinada","ST_NAME":"Andhra Pradesh"}},{"type":"Feature","geometry":{"type":"Polygon","coordinates":[[[82.0748,16.8852],[82.0726,16.8792],[82.0658,16.8808],[82.0583,16.8808],[82.0569,16.8747],[82.0472,16.8766],[82.0479,16.8811],[82.0438,16.8846],[82.0477,16.8957],[82.0379,16.9001],[82.0392,16.9049],[82.036,16.9048],[82.0331,16.8982],[82.0292,16.8973],[82.0308,16.9042],[82.0204,16.9053],[82.0198,16.9087],[82.014,16.9101],[82.0128,16.9177],[82.0033,16.9171],[81.9972,16.9109],[81.9943,16.8956],[81.9833,16.8957],[81.9818,16.8832],[81.987,16.8811],[81.9874,16.876],[81.9823,16.8653],[81.9749,16.8651],[81.9742,16.8599],[81.9788,16.8566],[81.976,16.8504],[81.9742,16.8503],[81.9659,16.8231],[81.9559,16.8249],[81.9581,16.8316],[81.9579,16.8361],[81.9517,16.8382],[81.9531,16.854],[81.9543,16.8619],[81.9583,16.8668],[81.9574,16.8703],[81.9504,16.8769],[81.9556,16.8915],[81.9565,16.8995],[81.9534,16.8996],[81.9511,16.9065],[81.9468,16.9068],[81.9427,16.9111],[81.937,16.9131],[81.9367,16.9188],[81.9387,16.9385],[81.9374,16.9437],[81.9382,16.9493],[81.9377,16.9589],[81.9396,16.9654],[81.9352,16.9674],[81.9314,16.9663],[81.929,16.9713],[81.9252,16.9749],[81.9207,16.9761],[81.9175,16.9785],[81.9132,16.969],[81.9101,16.9689],[81.9081,16.9654],[81.9048,16.966],[81.9047,16.9605],[81.9002,16.9502],[81.8966,16.9486],[81.8888,16.9487],[81.8819,16.95],[81.8802,16.9447],[81.8626,16.9406],[81.8617,16.9355],[81.8691,16.9316],[81.867,16.9277],[81.8671,16.9229],[81.869,16.9178],[81.8686,16.9139],[81.863,16.906],[81.8719,16.9011],[81.8737,16.9041],[81.8814,16.9028],[81.882,16.8979],[81.8794,16.8976],[81.8788,16.8937],[81.8825,16.8903],[81.8814,16.8818],[81.8748,16.8819],[81.8695,16.8777],[81.8693,16.8745],[81.8656,16.8673],[81.8675,16.8662],[81.869,16.861],[81.8672,16.8555],[81.8704,16.8505],[81.8689,16.8483],[81.8634,16.8489],[81.8628,16.8452],[81.8544,16.8479],[81.8512,16.8476],[81.8512,16.8583],[81.8491,16.8608],[81.8481,16.8684],[81.8467,16.8706],[81.8356,16.8725],[81.8312,16.8742],[81.8285,16.8728],[81.8303,16.8664],[81.8294,16.8651],[81.8227,16.8671],[81.8194,16.8669],[81.8074,16.8609],[81.8042,16.8581],[81.8018,16.8659],[81.8041,16.8761],[81.8019,16.8845],[81.7931,16.8962],[81.7905,16.9111],[81.7886,16.9282],[81.7867,16.9343],[81.7822,16.9408],[81.7781,16.945],[81.7758,16.9442],[81.7308,16.9446],[81.7287,16.9392],[81.7277,16.9332],[81.7289,16.9232],[81.7283,16.9197],[81.7242,16.914],[81.7322,16.9138],[81.7313,16.9033],[81.7328,16.8878],[81.7342,16.8794],[81.7396,16.8725],[81.7464,16.8669],[81.7515,16.8518],[81.7517,16.843],[81.7528,16.8318],[81.7528,16.8226],[81.7465,16.8101],[81.7501,16.8059],[81.7447,16.7967],[81.7448,16.7929],[81.7492,16.7876],[81.7551,16.7748],[81.7577,16.7702],[81.764,16.762],[81.7722,16.7571],[81.7857,16.7516],[81.7901,16.7469],[81.7947,16.7374],[81.7947,16.7318],[81.7913,16.7268],[81.7856,16.7137],[81.7859,16.7075],[81.8011,16.695],[81.8068,16.6889],[81.812,16.6784],[81.8296,16.6601],[81.838,16.6523],[81.8432,16.6451],[81.8491,16.6284],[81.8572,16.6117],[81.8587,16.5996],[81.8587,16.5956],[81.8565,16.5852],[81.8549,16.5708],[81.8544,16.5585],[81.8518,16.5466],[81.848,16.5387],[81.8455,16.5302],[81.8455,16.5192],[81.8476,16.5129],[81.849,16.5029],[81.847,16.4968],[81.8424,16.4932],[81.8196,16.4901],[81.8115,16.4834],[81.807,16.4833],[81.8045,16.4801],[81.799,16.477],[81.7887,16.4629],[81.7853,16.4635],[81.7839,16.4605],[81.7822,16.4507],[81.7699,16.4407],[81.7627,16.4308],[81.7626,16.429],[81.7544,16.4229],[81.7448,16.4234],[81.7369,16.4229],[81.7341,16.4252],[81.7296,16.4408],[81.7258,16.4452],[81.7194,16.4477],[81.7116,16.4447],[81.7032,16.4307],[81.6988,16.4218],[81.6965,16.4134],[81.6972,16.4075],[81.7058,16.3927],[81.7092,16.3761],[81.7151,16.3618],[81.7167,16.3485],[81.7122,16.3355],[81.7124,16.3275],[81.7157,16.3241],[81.7132,16.3169],[81.7209,16.3119],[81.7239,16.3126],[81.7318,16.3173],[81.7467,16.3233],[81.7506,16.3258],[81.7607,16.3299],[81.7791,16.3386],[81.7952,16.3469],[81.8149,16.3577],[81.8373,16.369],[81.8527,16.375],[81.8685,16.3807],[81.8789,16.3832],[81.8889,16.3865],[81.9062,16.391],[81.9301,16.3947],[81.9443,16.3954],[81.9485,16.3972],[81.9597,16.4003],[81.9635,16.405],[81.9715,16.4106],[81.995,16.4224],[82,16.4237],[82.0213,16.4356],[82.028,16.4384],[82.0421,16.4467],[82.0565,16.4539],[82.1068,16.4799],[82.1264,16.4898],[82.1338,16.4929],[82.1684,16.51],[82.1985,16.5259],[82.2072,16.5309],[82.2244,16.5398],[82.2365,16.5453],[82.2471,16.5491],[82.2616,16.5528],[82.2713,16.5543],[82.2762,16.5543],[82.2845,16.557],[82.3092,16.5696],[82.3162,16.5757],[82.3189,16.5769],[82.3209,16.5861],[82.3236,16.5909],[82.3285,16.6085],[82.3286,16.6179],[82.3243,16.6269],[82.3231,16.6318],[82.3231,16.6401],[82.321,16.6471],[82.3247,16.6591],[82.3295,16.6685],[82.3352,16.6775],[82.3548,16.7012],[82.3524,16.6985],[82.3414,16.6923],[82.3364,16.6925],[82.3361,16.6975],[82.3386,16.7047],[82.3428,16.7133],[82.3406,16.7166],[82.3336,16.7162],[82.329,16.741],[82.3264,16.7513],[82.3208,16.7775],[82.3007,16.7771],[82.2998,16.7685],[82.3023,16.7581],[82.3117,16.735],[82.3123,16.7274],[82.3079,16.7181],[82.3034,16.7126],[82.2947,16.7055],[82.2846,16.7015],[82.2779,16.7005],[82.2659,16.6956],[82.2563,16.6976],[82.2406,16.7081],[82.228,16.7148],[82.224,16.7154],[82.2156,16.7135],[82.2033,16.7144],[82.2006,16.7126],[82.1945,16.7115],[82.1875,16.708],[82.1784,16.699],[82.1743,16.6917],[82.1714,16.6897],[82.163,16.689],[82.1554,16.691],[82.1466,16.689],[82.1439,16.6871],[82.1299,16.6837],[82.1258,16.6846],[82.1156,16.6898],[82.1118,16.6891],[82.105,16.6902],[82.1039,16.6883],[82.0966,16.6841],[82.0921,16.6838],[82.0815,16.6846],[82.0799,16.6822],[82.0847,16.679],[82.0777,16.676],[82.071,16.6781],[82.0637,16.6786],[82.0548,16.6805],[82.0523,16.6822],[82.0457,16.6804],[82.0438,16.675],[82.0366,16.6727],[82.032,16.6725],[82.022,16.6788],[82.0178,16.6847],[82.0118,16.6837],[82.02,16.7044],[82.0164,16.7089],[82.0155,16.7151],[82.0132,16.7183],[82.0084,16.7205],[82.0049,16.7184],[81.9912,16.7076],[81.9858,16.7156],[81.9865,16.7269],[81.9923,16.7278],[81.9967,16.7311],[82.0019,16.7423],[81.9921,16.7461],[81.9926,16.7521],[81.9948,16.7622],[81.9871,16.763],[81.985,16.76],[81.9748,16.7619],[81.9768,16.7669],[81.9777,16.7738],[81.9869,16.7702],[81.9964,16.7684],[81.9984,16.7714],[82.0051,16.7696],[82.0101,16.7718],[82.0162,16.7691],[82.017,16.7718],[82.0222,16.7716],[82.035,16.7624],[82.0388,16.7609],[82.0486,16.7608],[82.053,16.7599],[82.0629,16.7595],[82.0662,16.7531],[82.0694,16.7549],[82.073,16.7631],[82.0774,16.7624],[82.0793,16.766],[82.0868,16.7663],[82.0871,16.7705],[82.0961,16.7789],[82.0919,16.7802],[82.0937,16.7847],[82.0998,16.7857],[82.1015,16.7907],[82.1056,16.7914],[82.1075,16.7948],[82.1082,16.8041],[82.106,16.8061],[82.1026,16.8044],[82.0991,16.8076],[82.1045,16.8178],[82.1084,16.8264],[82.111,16.8303],[82.1115,16.8345],[82.1074,16.8422],[82.101,16.8426],[82.0962,16.8334],[82.0893,16.8338],[82.0925,16.8374],[82.0923,16.8413],[82.0862,16.8504],[82.0881,16.8537],[82.0962,16.8581],[82.0983,16.8603],[82.1085,16.8644],[82.099,16.8701],[82.0936,16.8746],[82.0921,16.8784],[82.0937,16.8834],[82.0861,16.8817],[82.0791,16.8847],[82.0748,16.8852]]]},"properties":{"district_name":"Dr. B.R. Ambedkar Konaseema","district_id":"dr_b_r_ambedkar_konaseema","ST_NAME":"Andhra Pradesh"}},{"type":"Feature","geometry":{"type":"Polygon","coordinates":[[[80.9903,16.6799],[80.9892,16.6775],[80.9821,16.6793],[80.9707,16.6781],[80.9733,16.6645],[80.9767,16.6636],[80.9768,16.6602],[80.9848,16.6477],[80.9956,16.6374],[80.9953,16.6353],[81.0003,16.6339],[81.0085,16.6337],[81.0103,16.6348],[81.018,16.6493],[81.016,16.6536],[81.0007,16.6638],[81.0075,16.6719],[80.9999,16.6762],[80.9903,16.6799]]]},"properties":{"district_name":"Krishna","district_id":"krishna","ST_NAME":"Andhra Pradesh"}},{"type":"Feature","geometry":{"type":"Polygon","coordinates":[[[80.9669,16.7605],[80.96,16.7585],[80.9554,16.7552],[80.9472,16.7535],[80.9511,16.749],[80.9507,16.7437],[80.9457,16.7374],[80.9363,16.7268],[80.9308,16.7129],[80.9397,16.711],[80.9471,16.7062],[80.946,16.7024],[80.9536,16.7009],[80.9561,16.703],[80.9616,16.7166],[80.9661,16.7212],[80.9695,16.7266],[80.9809,16.7233],[80.9854,16.7237],[80.9887,16.7224],[80.9941,16.7293],[80.9964,16.7373],[80.9987,16.7413],[80.9998,16.7471],[80.9943,16.7488],[80.9869,16.7527],[80.982,16.7541],[80.9756,16.7573],[80.9745,16.7595],[80.9684,16.7623],[80.9669,16.7605]]]},"properties":{"district_name":"Krishna","district_id":"krishna","ST_NAME":"Andhra Pradesh"}},{"type":"Feature","geometry":{"type":"Polygon","coordinates":[[[81.4018,16.4284],[81.3955,16.421],[81.389,16.4189],[81.3847,16.4149],[81.3865,16.4101],[81.3817,16.4081],[81.3711,16.4068],[81.3435,16.4059],[81.3466,16.4096],[81.3316,16.4148],[81.3321,16.4177],[81.3197,16.4192],[81.3202,16.4239],[81.3242,16.4285],[81.3256,16.4377],[81.3243,16.448],[81.3221,16.4496],[81.3213,16.4591],[81.3147,16.4588],[81.3134,16.4572],[81.2993,16.4543],[81.2919,16.4537],[81.2991,16.449],[81.3014,16.4461],[81.3044,16.4388],[81.298,16.4368],[81.2825,16.4265],[81.2786,16.4295],[81.2719,16.424],[81.2658,16.4179],[81.2543,16.4034],[81.238,16.4117],[81.2304,16.4132],[81.227,16.4168],[81.2278,16.4253],[81.2233,16.4224],[81.2198,16.4229],[81.2145,16.4198],[81.2067,16.4092],[81.2051,16.4039],[81.2049,16.3987],[81.203,16.3897],[81.2023,16.3814],[81.1856,16.3845],[81.1793,16.3847],[81.1722,16.3866],[81.1722,16.3932],[81.1734,16.397],[81.1722,16.4028],[81.1578,16.403],[81.1575,16.3985],[81.1543,16.3921],[81.1503,16.3939],[81.1484,16.3864],[81.1431,16.3785],[81.1397,16.3765],[81.1329,16.3791],[81.1282,16.3797],[81.1219,16.3821],[81.1166,16.3813],[81.1129,16.3855],[81.1087,16.3882],[81.1025,16.3807],[81.0957,16.3817],[81.0917,16.3801],[81.0831,16.3831],[81.0785,16.3901],[81.0795,16.3948],[81.075,16.3975],[81.0711,16.3954],[81.0619,16.3985],[81.0632,16.4074],[81.0621,16.4116],[81.059,16.4121],[81.057,16.4175],[81.0526,16.4177],[81.0444,16.4207],[81.0457,16.4346],[81.0476,16.4371],[81.0526,16.4382],[81.0581,16.4372],[81.0627,16.4402],[81.0672,16.4416],[81.0674,16.4381],[81.0726,16.4369],[81.0765,16.4337],[81.0812,16.4318],[81.0826,16.4373],[81.0801,16.4393],[81.0833,16.4423],[81.0819,16.4447],[81.0844,16.4494],[81.075,16.4537],[81.0756,16.4572],[81.0866,16.4524],[81.0906,16.4573],[81.0896,16.462],[81.0931,16.4679],[81.09,16.4695],[81.0911,16.4736],[81.0834,16.4791],[81.0827,16.4827],[81.087,16.4894],[81.0892,16.4954],[81.0956,16.4924],[81.0959,16.49],[81.1011,16.4913],[81.1069,16.498],[81.1116,16.4974],[81.1141,16.5085],[81.1181,16.5124],[81.1091,16.5176],[81.1008,16.5212],[81.102,16.5293],[81.1035,16.5328],[81.1021,16.5377],[81.1048,16.5397],[81.1043,16.5482],[81.1058,16.5523],[81.1007,16.5552],[81.0967,16.5525],[81.0926,16.5529],[81.0923,16.5628],[81.0956,16.5684],[81.1017,16.572],[81.1059,16.5808],[81.1003,16.5876],[81.0835,16.5764],[81.0776,16.5751],[81.0698,16.5757],[81.0625,16.5704],[81.0485,16.5702],[81.0414,16.5671],[81.0385,16.5625],[81.0355,16.5643],[81.0318,16.5629],[81.0269,16.5629],[81.0225,16.5578],[81.0175,16.5619],[81.0118,16.5613],[81.0085,16.5785],[81.0075,16.5861],[81.0016,16.5891],[81.0012,16.5952],[80.9959,16.5989],[80.9908,16.6044],[80.9771,16.6233],[80.9728,16.6264],[80.9737,16.6311],[80.9703,16.6382],[80.9694,16.646],[80.9645,16.6529],[80.9559,16.6635],[80.9538,16.6647],[80.9543,16.6722],[80.9386,16.6749],[80.9417,16.682],[80.9418,16.6863],[80.9343,16.6903],[80.931,16.6935],[80.9252,16.6954],[80.9244,16.6992],[80.928,16.7016],[80.9277,16.7046],[80.9203,16.7077],[80.9151,16.7063],[80.9084,16.7107],[80.9046,16.7102],[80.9019,16.7136],[80.8998,16.7086],[80.8958,16.7081],[80.8934,16.7126],[80.8904,16.7143],[80.8771,16.7128],[80.8754,16.7106],[80.8784,16.7039],[80.8776,16.697],[80.8737,16.6915],[80.8683,16.6939],[80.8657,16.693],[80.8569,16.6957],[80.8549,16.6908],[80.8513,16.6884],[80.8536,16.6838],[80.8541,16.6777],[80.8521,16.6733],[80.8558,16.6688],[80.8625,16.6651],[80.8705,16.6619],[80.8788,16.6563],[80.8871,16.6541],[80.8844,16.6454],[80.8837,16.6288],[80.8805,16.6177],[80.8763,16.6191],[80.8735,16.6166],[80.8689,16.622],[80.8652,16.622],[80.8617,16.6248],[80.8579,16.6228],[80.848,16.6104],[80.8365,16.6137],[80.8359,16.6182],[80.833,16.6187],[80.8336,16.6226],[80.8311,16.6311],[80.8316,16.6353],[80.836,16.6433],[80.8243,16.6527],[80.8248,16.6604],[80.8223,16.6643],[80.8229,16.67],[80.8218,16.6725],[80.8168,16.6734],[80.8129,16.6698],[80.8084,16.6603],[80.8173,16.6561],[80.8177,16.6513],[80.8035,16.6377],[80.7988,16.6349],[80.7955,16.6361],[80.7927,16.6428],[80.784,16.6313],[80.7819,16.6249],[80.7779,16.6225],[80.7767,16.6249],[80.7719,16.6269],[80.7677,16.6245],[80.7592,16.6295],[80.7514,16.6291],[80.7477,16.6269],[80.7433,16.6273],[80.7411,16.6247],[80.7399,16.6199],[80.7272,16.6236],[80.7173,16.6256],[80.6971,16.6265],[80.6962,16.6222],[80.698,16.6172],[80.6946,16.6093],[80.6944,16.6053],[80.7012,16.5918],[80.7016,16.5855],[80.6992,16.5781],[80.6985,16.5731],[80.6922,16.557],[80.6878,16.5485],[80.6862,16.5425],[80.6994,16.5377],[80.7006,16.5357],[80.7164,16.5299],[80.7171,16.5267],[80.7272,16.5233],[80.7277,16.5222],[80.7428,16.5214],[80.7508,16.5199],[80.7594,16.5195],[80.765,16.5151],[80.7574,16.5088],[80.7522,16.5054],[80.7531,16.5029],[80.7485,16.4983],[80.7443,16.4872],[80.7384,16.4884],[80.7331,16.4912],[80.7263,16.493],[80.7273,16.4949],[80.7124,16.501],[80.7117,16.5081],[80.7068,16.51],[80.6995,16.5092],[80.6948,16.5115],[80.6832,16.5154],[80.6802,16.5047],[80.6761,16.4959],[80.6715,16.4889],[80.6774,16.4862],[80.6769,16.4821],[80.6715,16.4814],[80.6682,16.4833],[80.6641,16.4878],[80.6586,16.4878],[80.6526,16.48],[80.6642,16.4726],[80.6696,16.4664],[80.6698,16.4644],[80.6636,16.4546],[80.6629,16.4493],[80.6659,16.4406],[80.6745,16.4423],[80.6741,16.425],[80.6755,16.4233],[80.6867,16.4147],[80.7073,16.3997],[80.7252,16.3811],[80.7344,16.3614],[80.7377,16.3532],[80.7403,16.3428],[80.7478,16.3303],[80.7521,16.3266],[80.7605,16.3163],[80.7672,16.3096],[80.7741,16.3041],[80.7753,16.2998],[80.7785,16.2943],[80.7865,16.2868],[80.7977,16.2831],[80.798,16.2762],[80.8039,16.2543],[80.803,16.2422],[80.805,16.2398],[80.8151,16.2417],[80.8175,16.241],[80.8177,16.2343],[80.8208,16.2207],[80.8206,16.2179],[80.8413,16.2156],[80.8377,16.2113],[80.8335,16.2033],[80.8284,16.1988],[80.8338,16.1885],[80.8401,16.1749],[80.84,16.1737],[80.8491,16.1615],[80.8532,16.1507],[80.8571,16.1466],[80.859,16.1385],[80.8615,16.1358],[80.8636,16.1271],[80.8562,16.115],[80.8544,16.1097],[80.8551,16.1039],[80.8677,16.1056],[80.8666,16.091],[80.8723,16.0895],[80.8755,16.08],[80.8738,16.0791],[80.8768,16.0676],[80.8807,16.0687],[80.8818,16.0631],[80.8804,16.0608],[80.8804,16.0544],[80.8767,16.0532],[80.8832,16.0334],[80.8882,16.0194],[80.8895,16.0089],[80.8913,16.0004],[80.8902,15.9907],[80.8908,15.9764],[80.8924,15.9698],[80.89,15.9608],[80.8965,15.9654],[80.8962,15.9542],[80.8978,15.9536],[80.8966,15.9436],[80.8982,15.9421],[80.8984,15.9355],[80.8968,15.9335],[80.8946,15.9231],[80.9027,15.9172],[80.897,15.8891],[80.8947,15.8816],[80.8895,15.8682],[80.8862,15.8564],[80.8806,15.8571],[80.8715,15.8439],[80.8649,15.8279],[80.8627,15.8254],[80.8617,15.8094],[80.8562,15.8072],[80.8528,15.7968],[80.8469,15.7829],[80.8433,15.7765],[80.8364,15.7567],[80.8325,15.7431],[80.8325,15.7384],[80.8343,15.7258],[80.8345,15.7134],[80.8335,15.707],[80.8437,15.7069],[80.8531,15.7086],[80.8721,15.7111],[80.8864,15.714],[80.8952,15.7149],[80.9208,15.7193],[80.9307,15.7196],[80.9359,15.7168],[80.9423,15.7187],[80.9616,15.7279],[80.9655,15.7318],[80.9734,15.735],[80.9991,15.7483],[81.0082,15.7541],[81.0088,15.7609],[81.0022,15.7589],[80.9993,15.7592],[80.997,15.7632],[80.9973,15.7703],[81.0045,15.7663],[81.0122,15.7666],[81.0132,15.7724],[81.0088,15.7816],[81.008,15.789],[81.0063,15.7908],[81.0008,15.8017],[81.0002,15.8232],[81.0025,15.8371],[81.0183,15.8557],[81.0233,15.8611],[81.0403,15.8765],[81.0487,15.8855],[81.0565,15.8976],[81.0756,15.9173],[81.1017,15.94],[81.1146,15.9509],[81.1244,15.9568],[81.1319,15.963],[81.1389,15.9701],[81.1435,15.9704],[81.1475,15.9746],[81.1477,15.9791],[81.1442,15.9873],[81.1426,15.9984],[81.1442,16.0098],[81.147,16.0201],[81.152,16.0315],[81.163,16.0517],[81.1719,16.0654],[81.1789,16.0783],[81.1905,16.1034],[81.1942,16.1143],[81.202,16.1526],[81.2031,16.1832],[81.2095,16.1933],[81.2085,16.2014],[81.212,16.2089],[81.2177,16.2187],[81.2231,16.2269],[81.227,16.234],[81.2298,16.2376],[81.237,16.2492],[81.241,16.2526],[81.2466,16.2598],[81.2626,16.2744],[81.2644,16.2781],[81.2682,16.2794],[81.2826,16.29],[81.3068,16.3057],[81.3281,16.317],[81.3488,16.3264],[81.3612,16.331],[81.3907,16.3407],[81.3925,16.3426],[81.3983,16.3422],[81.4289,16.3491],[81.45,16.3522],[81.4655,16.3536],[81.4851,16.3548],[81.4858,16.3553],[81.5219,16.3545],[81.5383,16.3527],[81.5426,16.3512],[81.5424,16.3488],[81.5494,16.3477],[81.5588,16.3471],[81.5536,16.353],[81.5523,16.3601],[81.5482,16.3683],[81.5472,16.3741],[81.5441,16.3779],[81.5304,16.3784],[81.5214,16.3803],[81.5166,16.376],[81.5148,16.3727],[81.5083,16.3699],[81.4996,16.3702],[81.4947,16.3694],[81.4896,16.3719],[81.4844,16.3793],[81.4821,16.3854],[81.4736,16.394],[81.4717,16.3977],[81.4647,16.3977],[81.4615,16.3995],[81.4569,16.4044],[81.4527,16.4051],[81.4425,16.3983],[81.4372,16.3988],[81.4344,16.4016],[81.4321,16.4064],[81.4279,16.41],[81.4258,16.418],[81.4222,16.4201],[81.4147,16.4186],[81.4106,16.4211],[81.4018,16.4284]]]},"properties":{"district_name":"Krishna","district_id":"krishna","ST_NAME":"Andhra Pradesh"}},{"type":"Feature","geometry":{"type":"Polygon","coordinates":[[[78.1634,15.8556],[78.1571,15.856],[78.1405,15.8553],[78.136,15.8561],[78.1303,15.852],[78.1336,15.848],[78.135,15.8404],[78.1235,15.8381],[78.1114,15.8396],[78.1016,15.8386],[78.099,15.8373],[78.0839,15.8423],[78.0852,15.8463],[78.075,15.8487],[78.0717,15.8517],[78.0728,15.8583],[78.0719,15.8632],[78.0615,15.8656],[78.0564,15.8675],[78.0567,15.8761],[78.0472,15.8762],[78.0456,15.9055],[78.0323,15.9088],[78.0316,15.9042],[78.0258,15.9038],[78.0152,15.8773],[78.009,15.8661],[78.0091,15.863],[77.9957,15.868],[77.9872,15.8744],[77.9778,15.8828],[77.9744,15.8844],[77.9659,15.8844],[77.9489,15.8855],[77.9411,15.8841],[77.9334,15.8854],[77.9131,15.8944],[77.904,15.8999],[77.8906,15.9065],[77.8802,15.9067],[77.8776,15.9054],[77.8691,15.8968],[77.863,15.888],[77.8579,15.8846],[77.8468,15.8832],[77.8382,15.8859],[77.8212,15.8794],[77.8142,15.8783],[77.8053,15.8756],[77.7914,15.878],[77.783,15.8775],[77.7784,15.8815],[77.7684,15.887],[77.7605,15.8856],[77.7484,15.8863],[77.7394,15.8892],[77.7335,15.894],[77.7293,15.8959],[77.7234,15.8969],[77.7143,15.8958],[77.7067,15.8918],[77.6977,15.886],[77.6938,15.8845],[77.6828,15.8844],[77.6779,15.8861],[77.6669,15.8871],[77.6606,15.8865],[77.6559,15.8878],[77.6379,15.8963],[77.6253,15.9101],[77.6206,15.9141],[77.6132,15.9184],[77.6099,15.9187],[77.5999,15.9139],[77.5956,15.9129],[77.5897,15.914],[77.5809,15.9195],[77.5658,15.9203],[77.5469,15.9206],[77.5387,15.9223],[77.5344,15.9247],[77.5293,15.9258],[77.5118,15.9278],[77.4984,15.9337],[77.4765,15.9353],[77.4688,15.9342],[77.4631,15.9356],[77.4542,15.939],[77.4477,15.9425],[77.4362,15.9472],[77.4277,15.949],[77.4219,15.947],[77.4151,15.942],[77.406,15.9426],[77.3975,15.9443],[77.3903,15.9413],[77.3791,15.9396],[77.374,15.9418],[77.368,15.9468],[77.3614,15.9495],[77.3479,15.9513],[77.3378,15.9497],[77.3246,15.9501],[77.3201,15.9508],[77.3092,15.9542],[77.3032,15.9572],[77.2972,15.9576],[77.287,15.9538],[77.2826,15.9543],[77.2694,15.9581],[77.2606,15.9601],[77.25,15.965],[77.2456,15.9634],[77.2381,15.9583],[77.2319,15.9573],[77.2174,15.9578],[77.2062,15.9552],[77.1847,15.9567],[77.1753,15.9512],[77.1706,15.9503],[77.1602,15.9509],[77.149,15.9478],[77.1423,15.9441],[77.1365,15.9379],[77.1243,15.9344],[77.1171,15.9335],[77.1034,15.9291],[77.0844,15.9186],[77.0736,15.9111],[77.0701,15.9077],[77.0615,15.895],[77.0563,15.8824],[77.0526,15.8778],[77.0389,15.8639],[77.0353,15.861],[77.0316,15.8552],[77.0304,15.8486],[77.025,15.8376],[77.0355,15.8297],[77.0401,15.8328],[77.0425,15.8291],[77.0507,15.8304],[77.06,15.8299],[77.0645,15.8287],[77.0654,15.82],[77.0636,15.8032],[77.0669,15.8026],[77.068,15.7949],[77.0663,15.7851],[77.0608,15.7862],[77.0583,15.7778],[77.0567,15.7686],[77.0522,15.7697],[77.051,15.7646],[77.0563,15.7627],[77.0542,15.7561],[77.0478,15.7562],[77.0459,15.7404],[77.0494,15.74],[77.0491,15.7303],[77.0596,15.73],[77.0798,15.7274],[77.0789,15.7163],[77.0874,15.7155],[77.0842,15.7029],[77.0826,15.6987],[77.0787,15.6952],[77.0938,15.6904],[77.0941,15.6889],[77.1092,15.6815],[77.1142,15.678],[77.1134,15.6757],[77.1214,15.6711],[77.1201,15.6676],[77.1289,15.6659],[77.127,15.6558],[77.1252,15.65],[77.1214,15.6311],[77.1156,15.6325],[77.1083,15.6378],[77.1026,15.6466],[77.0832,15.6592],[77.077,15.6518],[77.0717,15.6467],[77.0583,15.6422],[77.046,15.6386],[77.0343,15.6368],[77.0304,15.6345],[77.0301,15.6268],[77.0311,15.621],[77.0327,15.6206],[77.0314,15.6111],[77.0327,15.6043],[77.028,15.59],[77.0262,15.5817],[77.0263,15.5775],[77.0301,15.5561],[77.0313,15.5441],[77.0312,15.5059],[77.0296,15.5017],[77.0246,15.5024],[77.0149,15.5022],[77.0115,15.5045],[76.9982,15.5061],[76.9923,15.5053],[76.9859,15.5078],[76.9731,15.5096],[76.9721,15.5065],[76.973,15.4994],[76.9755,15.4907],[76.9797,15.487],[76.9895,15.4831],[76.9976,15.4752],[77.0022,15.466],[77.0042,15.4636],[77.0082,15.4523],[77.0119,15.4485],[77.0221,15.4436],[77.0268,15.4405],[77.032,15.4352],[77.0349,15.4302],[77.0337,15.4173],[77.0298,15.4096],[77.0297,15.404],[77.0335,15.3999],[77.04,15.3973],[77.0454,15.3935],[77.0477,15.3898],[77.0471,15.3827],[77.0435,15.3768],[77.0414,15.3678],[77.0438,15.3578],[77.0473,15.3549],[77.0617,15.3479],[77.0651,15.344],[77.0663,15.3376],[77.0642,15.3287],[77.066,15.3273],[77.0749,15.3261],[77.0779,15.3272],[77.0991,15.3324],[77.1015,15.3336],[77.1134,15.3341],[77.113,15.3274],[77.1172,15.3257],[77.1173,15.3135],[77.1187,15.3135],[77.1184,15.2949],[77.1197,15.2956],[77.1335,15.2934],[77.1518,15.2923],[77.1522,15.2758],[77.1598,15.2676],[77.1672,15.2684],[77.1679,15.2581],[77.1612,15.2587],[77.1565,15.2567],[77.1438,15.2573],[77.1431,15.2518],[77.1406,15.2517],[77.1403,15.2475],[77.1362,15.241],[77.1325,15.2397],[77.1264,15.2404],[77.1251,15.2269],[77.1442,15.224],[77.1474,15.2206],[77.1548,15.2148],[77.1593,15.201],[77.1619,15.2011],[77.1662,15.1883],[77.1691,15.1714],[77.1649,15.1682],[77.1634,15.1636],[77.1628,15.1574],[77.1408,15.1586],[77.1394,15.1546],[77.1347,15.1483],[77.1379,15.1451],[77.1505,15.1466],[77.1644,15.1474],[77.1645,15.1465],[77.1766,15.1431],[77.1803,15.1441],[77.183,15.1512],[77.1881,15.1583],[77.1996,15.1609],[77.2024,15.1583],[77.2137,15.1556],[77.2135,15.1527],[77.2208,15.1516],[77.2205,15.1493],[77.2342,15.1458],[77.248,15.146],[77.2645,15.1431],[77.2675,15.137],[77.2715,15.1317],[77.2845,15.1325],[77.2917,15.132],[77.2949,15.1398],[77.2996,15.1552],[77.3049,15.1547],[77.31,15.1556],[77.3136,15.1654],[77.3163,15.1781],[77.3215,15.1777],[77.3308,15.1757],[77.3339,15.1775],[77.3514,15.1784],[77.35,15.1826],[77.3546,15.2023],[77.3574,15.202],[77.3623,15.2143],[77.3631,15.2242],[77.3836,15.2217],[77.3904,15.2186],[77.3985,15.2189],[77.4063,15.2206],[77.4089,15.2269],[77.4131,15.2254],[77.4184,15.2255],[77.4282,15.2242],[77.4332,15.2221],[77.4344,15.2185],[77.4344,15.2119],[77.4423,15.2099],[77.444,15.2084],[77.4508,15.2069],[77.4467,15.2154],[77.4506,15.2169],[77.4515,15.2237],[77.4555,15.221],[77.4603,15.2196],[77.4679,15.2191],[77.4763,15.2139],[77.4783,15.211],[77.4838,15.2107],[77.486,15.2154],[77.4974,15.2177],[77.4986,15.2216],[77.5114,15.225],[77.5201,15.2257],[77.5275,15.2253],[77.5418,15.2104],[77.55,15.2088],[77.563,15.2046],[77.5665,15.2043],[77.573,15.1988],[77.5826,15.1891],[77.5945,15.185],[77.6115,15.1847],[77.6105,15.1969],[77.6159,15.2043],[77.6254,15.208],[77.6352,15.2081],[77.6368,15.2155],[77.6367,15.2208],[77.6387,15.2235],[77.6437,15.2242],[77.6496,15.2265],[77.6488,15.2311],[77.6518,15.2338],[77.6568,15.2325],[77.6645,15.2349],[77.6663,15.2332],[77.6715,15.2329],[77.6765,15.2384],[77.6701,15.2391],[77.672,15.2442],[77.6786,15.2502],[77.6787,15.2544],[77.6763,15.2561],[77.678,15.2593],[77.6782,15.2646],[77.6751,15.2651],[77.6766,15.2708],[77.6759,15.2739],[77.6782,15.2831],[77.6845,15.2995],[77.6843,15.3057],[77.6854,15.3117],[77.6832,15.3137],[77.6851,15.3189],[77.6792,15.3215],[77.6758,15.3185],[77.6728,15.3192],[77.6641,15.3266],[77.661,15.3321],[77.6566,15.3355],[77.6549,15.3344],[77.6485,15.3387],[77.6501,15.343],[77.6553,15.3495],[77.6584,15.3512],[77.661,15.3571],[77.6639,15.3593],[77.6653,15.3657],[77.6682,15.3713],[77.6689,15.3756],[77.6677,15.3824],[77.6709,15.3824],[77.6733,15.3851],[77.6763,15.394],[77.6804,15.3936],[77.683,15.3898],[77.686,15.3895],[77.689,15.3865],[77.693,15.3876],[77.6944,15.3852],[77.7066,15.3808],[77.7123,15.3797],[77.7139,15.3849],[77.7228,15.3854],[77.726,15.3866],[77.7283,15.3908],[77.7309,15.3914],[77.7361,15.4012],[77.7403,15.4076],[77.7435,15.4097],[77.75,15.4082],[77.7587,15.4051],[77.7621,15.4089],[77.7715,15.4085],[77.7718,15.4058],[77.7781,15.4102],[77.786,15.4188],[77.7882,15.4239],[77.7872,15.4291],[77.79,15.4307],[77.79,15.4407],[77.7962,15.442],[77.7921,15.4504],[77.7935,15.4522],[77.8002,15.4552],[77.7942,15.4588],[77.7902,15.4629],[77.794,15.4664],[77.7989,15.4644],[77.8039,15.468],[77.8024,15.4698],[77.8029,15.4759],[77.8061,15.4806],[77.8115,15.4848],[77.811,15.4907],[77.8204,15.4892],[77.8291,15.4889],[77.8411,15.4893],[77.8468,15.4858],[77.8433,15.4804],[77.8398,15.4699],[77.8453,15.4674],[77.8494,15.4672],[77.8628,15.4767],[77.8688,15.4853],[77.8718,15.4832],[77.8767,15.4825],[77.8775,15.4779],[77.8865,15.4719],[77.8906,15.4672],[77.8974,15.4667],[77.8989,15.4684],[77.904,15.4682],[77.9066,15.459],[77.9049,15.4505],[77.9011,15.4476],[77.9129,15.4436],[77.9169,15.4393],[77.9206,15.4385],[77.9303,15.4263],[77.9366,15.4171],[77.9421,15.4187],[77.9448,15.4252],[77.9486,15.4268],[77.9587,15.4281],[77.9654,15.4313],[77.9718,15.4323],[77.9795,15.4302],[77.9845,15.4277],[77.9951,15.4341],[77.992,15.4416],[77.9923,15.4491],[77.9938,15.4577],[77.9975,15.4584],[77.9981,15.463],[78.006,15.4657],[78.0075,15.4701],[78.0157,15.47],[78.0173,15.4723],[78.0285,15.4726],[78.0352,15.4749],[78.0384,15.474],[78.0408,15.4781],[78.0464,15.4774],[78.0491,15.4815],[78.0469,15.4844],[78.0442,15.4966],[78.0375,15.4936],[78.033,15.4934],[78.0288,15.4899],[78.0284,15.4862],[78.0221,15.4821],[78.02,15.4885],[78.0263,15.4883],[78.03,15.4977],[78.0324,15.4982],[78.0347,15.5046],[78.0316,15.5064],[78.035,15.5109],[78.0392,15.5124],[78.0482,15.5115],[78.0565,15.5179],[78.0541,15.5222],[78.0477,15.5305],[78.039,15.526],[78.0358,15.5284],[78.0322,15.5336],[78.0377,15.5359],[78.0482,15.535],[78.0474,15.5431],[78.049,15.5452],[78.0533,15.5426],[78.0545,15.5389],[78.0579,15.5367],[78.0636,15.5372],[78.0621,15.532],[78.0695,15.5325],[78.0725,15.5425],[78.0692,15.5512],[78.07,15.5563],[78.0744,15.5593],[78.0777,15.5706],[78.0897,15.573],[78.094,15.5748],[78.0997,15.5752],[78.1103,15.5801],[78.1168,15.5795],[78.1256,15.5803],[78.1317,15.5797],[78.1361,15.5762],[78.1397,15.5712],[78.1438,15.5685],[78.1385,15.5595],[78.1326,15.5438],[78.1361,15.5383],[78.133,15.5333],[78.1367,15.5314],[78.1538,15.5334],[78.1581,15.5351],[78.1635,15.5406],[78.1685,15.5399],[78.1712,15.5421],[78.1746,15.5419],[78.1786,15.544],[78.184,15.5439],[78.1851,15.5485],[78.1843,15.5527],[78.1763,15.556],[78.1735,15.5598],[78.1743,15.5642],[78.1776,15.5643],[78.1791,15.5772],[78.1815,15.5808],[78.185,15.5827],[78.182,15.5869],[78.1862,15.5936],[78.2017,15.5925],[78.2069,15.5879],[78.2143,15.5909],[78.2113,15.5983],[78.2082,15.6023],[78.2095,15.6089],[78.2128,15.6117],[78.2111,15.6176],[78.2208,15.6216],[78.2243,15.6289],[78.2303,15.6325],[78.2404,15.6355],[78.2487,15.6353],[78.2553,15.6393],[78.2631,15.6408],[78.2642,15.6449],[78.2631,15.6476],[78.2636,15.6529],[78.2615,15.654],[78.2603,15.66],[78.2617,15.6735],[78.2658,15.6899],[78.2665,15.6968],[78.2684,15.702],[78.2599,15.7019],[78.2504,15.7029],[78.24,15.7029],[78.2335,15.6975],[78.2285,15.6955],[78.2176,15.6939],[78.2131,15.6924],[78.2057,15.6951],[78.2041,15.7094],[78.2022,15.7125],[78.1939,15.7172],[78.1942,15.7199],[78.1872,15.7204],[78.1825,15.726],[78.1863,15.7272],[78.187,15.7305],[78.1817,15.7321],[78.1821,15.7382],[78.1862,15.7368],[78.1864,15.7413],[78.179,15.744],[78.1745,15.7427],[78.1747,15.7464],[78.1678,15.7481],[78.169,15.7527],[78.1623,15.753],[78.1586,15.7554],[78.1599,15.7589],[78.1711,15.7617],[78.1723,15.7684],[78.1755,15.7712],[78.1812,15.7705],[78.1816,15.7749],[78.1864,15.7761],[78.1931,15.7732],[78.1922,15.7805],[78.1977,15.7804],[78.2016,15.7884],[78.1889,15.795],[78.1759,15.7973],[78.1731,15.7962],[78.1679,15.7969],[78.1578,15.8003],[78.1582,15.8026],[78.1544,15.8054],[78.156,15.8096],[78.1512,15.8134],[78.1502,15.8164],[78.1575,15.8163],[78.1642,15.8214],[78.1646,15.8256],[78.171,15.8251],[78.17,15.8307],[78.1664,15.8335],[78.1685,15.8369],[78.1676,15.8402],[78.1636,15.8439],[78.1638,15.8472],[78.1663,15.8517],[78.1634,15.8556]]]},"properties":{"district_name":"Kurnool","district_id":"kurnool","ST_NAME":"Andhra Pradesh"}},{"type":"Feature","geometry":{"type":"Polygon","coordinates":[[[78.9216,16.1229],[78.9207,16.1171],[78.9222,16.1062],[78.9215,16.1032],[78.9155,16.099],[78.9057,16.0951],[78.8956,16.086],[78.8892,16.0851],[78.8888,16.0921],[78.8865,16.1005],[78.8809,16.1136],[78.8781,16.1241],[78.8769,16.1342],[78.8736,16.1432],[78.8692,16.1464],[78.856,16.1492],[78.8472,16.1491],[78.8344,16.1458],[78.8328,16.1422],[78.8335,16.1352],[78.8389,16.1157],[78.8394,16.1096],[78.8415,16.1017],[78.8424,16.0901],[78.8411,16.0819],[78.8365,16.0709],[78.8268,16.061],[78.8236,16.055],[78.8192,16.0493],[78.8153,16.0462],[78.8078,16.0432],[78.8001,16.038],[78.795,16.0289],[78.7907,16.0247],[78.7827,16.0211],[78.776,16.0204],[78.7654,16.0172],[78.7562,16.0177],[78.7502,16.0166],[78.7404,16.0099],[78.7347,16.0106],[78.7315,16.013],[78.7268,16.0185],[78.7232,16.0211],[78.7055,16.0266],[78.6994,16.0273],[78.6818,16.0345],[78.6733,16.0457],[78.6686,16.0544],[78.6557,16.0686],[78.6506,16.0725],[78.6504,16.0791],[78.6348,16.0861],[78.6278,16.0878],[78.6203,16.0883],[78.6092,16.0871],[78.6023,16.0846],[78.5955,16.0764],[78.5939,16.0713],[78.5878,16.0642],[78.5829,16.0621],[78.5707,16.0529],[78.5667,16.0512],[78.5595,16.0451],[78.5507,16.0427],[78.543,16.044],[78.5308,16.0508],[78.5226,16.0544],[78.5089,16.0579],[78.4989,16.0613],[78.4854,16.0671],[78.4798,16.0689],[78.4667,16.0713],[78.4602,16.0735],[78.4438,16.0734],[78.4358,16.0727],[78.4071,16.076],[78.4021,16.0741],[78.3935,16.0685],[78.3876,16.0666],[78.3813,16.0622],[78.3735,16.054],[78.3709,16.0531],[78.366,16.0476],[78.3618,16.0467],[78.3488,16.0489],[78.3427,16.0476],[78.3384,16.0429],[78.3302,16.0412],[78.327,16.0391],[78.3228,16.0331],[78.3219,16.0294],[78.323,16.0209],[78.3171,16.0151],[78.3116,16.0126],[78.3054,16.0118],[78.3012,16.0124],[78.2946,16.0156],[78.2769,16.026],[78.2679,16.028],[78.2603,16.0254],[78.2556,16.0166],[78.2555,16.0124],[78.2591,16.0051],[78.2597,15.999],[78.2592,15.9933],[78.2571,15.987],[78.2529,15.9792],[78.2512,15.9734],[78.2523,15.9691],[78.2523,15.9549],[78.2532,15.941],[78.2501,15.9347],[78.2365,15.9271],[78.2274,15.9236],[78.2207,15.9221],[78.2044,15.9193],[78.2015,15.9171],[78.1885,15.9135],[78.1819,15.9084],[78.1797,15.9033],[78.19,15.8939],[78.1868,15.8861],[78.1768,15.8779],[78.1755,15.8689],[78.1755,15.8596],[78.167,15.8559],[78.1634,15.8556],[78.1663,15.8517],[78.1638,15.8472],[78.1636,15.8439],[78.1676,15.8402],[78.1685,15.8369],[78.1664,15.8335],[78.17,15.8307],[78.171,15.8251],[78.1646,15.8256],[78.1642,15.8214],[78.1575,15.8163],[78.1502,15.8164],[78.1512,15.8134],[78.156,15.8096],[78.1544,15.8054],[78.1582,15.8026],[78.1578,15.8003],[78.1679,15.7969],[78.1731,15.7962],[78.1759,15.7973],[78.1889,15.795],[78.2016,15.7884],[78.1977,15.7804],[78.1922,15.7805],[78.1931,15.7732],[78.1864,15.7761],[78.1816,15.7749],[78.1812,15.7705],[78.1755,15.7712],[78.1723,15.7684],[78.1711,15.7617],[78.1599,15.7589],[78.1586,15.7554],[78.1623,15.753],[78.169,15.7527],[78.1678,15.7481],[78.1747,15.7464],[78.1745,15.7427],[78.179,15.744],[78.1864,15.7413],[78.1862,15.7368],[78.1821,15.7382],[78.1817,15.7321],[78.187,15.7305],[78.1863,15.7272],[78.1825,15.726],[78.1872,15.7204],[78.1942,15.7199],[78.1939,15.7172],[78.2022,15.7125],[78.2041,15.7094],[78.2057,15.6951],[78.2131,15.6924],[78.2176,15.6939],[78.2285,15.6955],[78.2335,15.6975],[78.24,15.7029],[78.2504,15.7029],[78.2599,15.7019],[78.2684,15.702],[78.2665,15.6968],[78.2658,15.6899],[78.2617,15.6735],[78.2603,15.66],[78.2615,15.654],[78.2636,15.6529],[78.2631,15.6476],[78.2642,15.6449],[78.2631,15.6408],[78.2553,15.6393],[78.2487,15.6353],[78.2404,15.6355],[78.2303,15.6325],[78.2243,15.6289],[78.2208,15.6216],[78.2111,15.6176],[78.2128,15.6117],[78.2095,15.6089],[78.2082,15.6023],[78.2113,15.5983],[78.2143,15.5909],[78.2069,15.5879],[78.2017,15.5925],[78.1862,15.5936],[78.182,15.5869],[78.185,15.5827],[78.1815,15.5808],[78.1791,15.5772],[78.1776,15.5643],[78.1743,15.5642],[78.1735,15.5598],[78.1763,15.556],[78.1843,15.5527],[78.1851,15.5485],[78.184,15.5439],[78.1786,15.544],[78.1746,15.5419],[78.1712,15.5421],[78.1685,15.5399],[78.1635,15.5406],[78.1581,15.5351],[78.1538,15.5334],[78.1367,15.5314],[78.133,15.5333],[78.1361,15.5383],[78.1326,15.5438],[78.1385,15.5595],[78.1438,15.5685],[78.1397,15.5712],[78.1361,15.5762],[78.1317,15.5797],[78.1256,15.5803],[78.1168,15.5795],[78.1103,15.5801],[78.0997,15.5752],[78.094,15.5748],[78.0897,15.573],[78.0777,15.5706],[78.0744,15.5593],[78.07,15.5563],[78.0692,15.5512],[78.0725,15.5425],[78.0695,15.5325],[78.0621,15.532],[78.0636,15.5372],[78.0579,15.5367],[78.0545,15.5389],[78.0533,15.5426],[78.049,15.5452],[78.0474,15.5431],[78.0482,15.535],[78.0377,15.5359],[78.0322,15.5336],[78.0358,15.5284],[78.039,15.526],[78.0477,15.5305],[78.0541,15.5222],[78.0565,15.5179],[78.0482,15.5115],[78.0392,15.5124],[78.035,15.5109],[78.0316,15.5064],[78.0347,15.5046],[78.0324,15.4982],[78.03,15.4977],[78.0263,15.4883],[78.02,15.4885],[78.0221,15.4821],[78.0284,15.4862],[78.0288,15.4899],[78.033,15.4934],[78.0375,15.4936],[78.0442,15.4966],[78.0469,15.4844],[78.0491,15.4815],[78.0464,15.4774],[78.0408,15.4781],[78.0384,15.474],[78.0352,15.4749],[78.0285,15.4726],[78.0173,15.4723],[78.0157,15.47],[78.0075,15.4701],[78.006,15.4657],[77.9981,15.463],[77.9975,15.4584],[77.9938,15.4577],[77.9923,15.4491],[77.992,15.4416],[77.9951,15.4341],[77.9845,15.4277],[77.9795,15.4302],[77.9718,15.4323],[77.9654,15.4313],[77.9587,15.4281],[77.9486,15.4268],[77.9448,15.4252],[77.9421,15.4187],[77.9366,15.4171],[77.9303,15.4263],[77.9206,15.4385],[77.9169,15.4393],[77.9129,15.4436],[77.9011,15.4476],[77.9049,15.4505],[77.9066,15.459],[77.904,15.4682],[77.8989,15.4684],[77.8974,15.4667],[77.8906,15.4672],[77.8865,15.4719],[77.8775,15.4779],[77.8767,15.4825],[77.8718,15.4832],[77.8688,15.4853],[77.8628,15.4767],[77.8494,15.4672],[77.8453,15.4674],[77.8398,15.4699],[77.8433,15.4804],[77.8468,15.4858],[77.8411,15.4893],[77.8291,15.4889],[77.8204,15.4892],[77.811,15.4907],[77.8115,15.4848],[77.8061,15.4806],[77.8029,15.4759],[77.8024,15.4698],[77.8039,15.468],[77.7989,15.4644],[77.794,15.4664],[77.7902,15.4629],[77.7942,15.4588],[77.8002,15.4552],[77.7935,15.4522],[77.7921,15.4504],[77.7962,15.442],[77.79,15.4407],[77.79,15.4307],[77.7872,15.4291],[77.7882,15.4239],[77.786,15.4188],[77.7781,15.4102],[77.7718,15.4058],[77.7715,15.4085],[77.7621,15.4089],[77.7587,15.4051],[77.75,15.4082],[77.7435,15.4097],[77.7403,15.4076],[77.7361,15.4012],[77.7309,15.3914],[77.7283,15.3908],[77.726,15.3866],[77.7228,15.3854],[77.7139,15.3849],[77.7123,15.3797],[77.7066,15.3808],[77.6944,15.3852],[77.693,15.3876],[77.689,15.3865],[77.686,15.3895],[77.683,15.3898],[77.6804,15.3936],[77.6763,15.394],[77.6733,15.3851],[77.6709,15.3824],[77.6677,15.3824],[77.6689,15.3756],[77.6682,15.3713],[77.6653,15.3657],[77.6639,15.3593],[77.661,15.3571],[77.6584,15.3512],[77.6553,15.3495],[77.6501,15.343],[77.6485,15.3387],[77.6549,15.3344],[77.6566,15.3355],[77.661,15.3321],[77.6641,15.3266],[77.6728,15.3192],[77.6758,15.3185],[77.6792,15.3215],[77.6851,15.3189],[77.6832,15.3137],[77.6854,15.3117],[77.6843,15.3057],[77.6845,15.2995],[77.6782,15.2831],[77.6759,15.2739],[77.6766,15.2708],[77.6751,15.2651],[77.6782,15.2646],[77.678,15.2593],[77.6763,15.2561],[77.6787,15.2544],[77.6786,15.2502],[77.672,15.2442],[77.6701,15.2391],[77.6765,15.2384],[77.6715,15.2329],[77.6772,15.2289],[77.6764,15.2225],[77.6788,15.2178],[77.6819,15.2151],[77.6889,15.2144],[77.6879,15.2104],[77.691,15.2078],[77.6961,15.2083],[77.6987,15.2041],[77.6986,15.2008],[77.6953,15.1959],[77.6931,15.1889],[77.6929,15.1848],[77.6961,15.1824],[77.7013,15.1808],[77.7091,15.1849],[77.7118,15.1851],[77.7171,15.1801],[77.7163,15.1734],[77.7226,15.1715],[77.729,15.171],[77.733,15.1689],[77.7302,15.1648],[77.7293,15.1544],[77.7305,15.1513],[77.7344,15.1479],[77.7429,15.1457],[77.7467,15.1413],[77.7474,15.1326],[77.7492,15.1293],[77.7603,15.1284],[77.7689,15.1259],[77.7739,15.1255],[77.7738,15.1223],[77.7713,15.1146],[77.7792,15.1118],[77.7811,15.1145],[77.785,15.114],[77.7869,15.1096],[77.7915,15.1073],[77.7963,15.1201],[77.8044,15.1238],[77.8112,15.1297],[77.8098,15.1363],[77.8157,15.144],[77.8256,15.1441],[77.8286,15.1452],[77.839,15.146],[77.8427,15.1306],[77.8531,15.1359],[77.8719,15.1367],[77.8755,15.1364],[77.8754,15.1399],[77.8812,15.1505],[77.8807,15.1636],[77.8852,15.1723],[77.8838,15.1762],[77.8845,15.1794],[77.889,15.1798],[77.8974,15.1781],[77.9042,15.1789],[77.9072,15.1765],[77.9169,15.1739],[77.9233,15.1648],[77.9233,15.1586],[77.9205,15.154],[77.9247,15.1534],[77.9239,15.1497],[77.9192,15.1469],[77.9137,15.1455],[77.9139,15.1427],[77.9088,15.1393],[77.9148,15.133],[77.915,15.13],[77.9073,15.1317],[77.9057,15.1301],[77.9064,15.1236],[77.9111,15.1244],[77.918,15.1214],[77.9198,15.1188],[77.9245,15.1163],[77.9264,15.1171],[77.9326,15.1133],[77.9366,15.1156],[77.9456,15.1129],[77.9613,15.1098],[77.9641,15.1156],[77.9649,15.1237],[77.9699,15.1301],[77.9746,15.1401],[77.9856,15.1377],[77.9938,15.1343],[77.9971,15.1261],[78.0025,15.1227],[78.0066,15.1234],[78.0099,15.1177],[78.0129,15.1161],[78.0145,15.1125],[78.014,15.103],[78.0126,15.1024],[78.0068,15.0948],[78.0069,15.0882],[78.0059,15.0825],[78.0028,15.0815],[77.999,15.0834],[77.9963,15.0777],[77.9987,15.0727],[77.9961,15.0684],[77.9955,15.0648],[78.002,15.0583],[78.0054,15.0536],[78.0108,15.0526],[78.0102,15.0382],[78.0108,15.0291],[78.0189,15.0201],[78.022,15.0177],[78.0268,15.017],[78.0266,15.0125],[78.0299,15.0071],[78.0323,15.0058],[78.034,15.0006],[78.0546,14.993],[78.0571,15.0017],[78.0603,15.0044],[78.0657,14.9958],[78.0824,14.9872],[78.0852,14.9838],[78.0886,14.9829],[78.0874,14.9731],[78.0988,14.9683],[78.1173,14.9673],[78.1207,14.9654],[78.1251,14.9654],[78.1263,14.9628],[78.1341,14.9614],[78.1375,14.9487],[78.139,14.9496],[78.1513,14.9493],[78.1532,14.9599],[78.1572,14.9629],[78.1657,14.9645],[78.1804,14.9649],[78.1961,14.9584],[78.2038,14.9548],[78.2116,14.9531],[78.2205,14.956],[78.2222,14.9613],[78.2246,14.9782],[78.2293,14.9859],[78.2361,15.005],[78.2438,15.0006],[78.2472,15.0073],[78.25,15.0109],[78.2565,15.0239],[78.2605,15.0275],[78.2779,15.0288],[78.2841,15.0319],[78.2838,15.0385],[78.2796,15.0421],[78.2786,15.0495],[78.275,15.0552],[78.2753,15.0598],[78.279,15.0629],[78.2807,15.068],[78.2868,15.0727],[78.2912,15.0743],[78.3,15.0748],[78.3118,15.0708],[78.3125,15.0699],[78.3251,15.0735],[78.3348,15.0682],[78.3491,15.0649],[78.3547,15.0631],[78.3532,15.0555],[78.3642,15.0533],[78.3705,15.0729],[78.3822,15.0696],[78.3781,15.0577],[78.3996,15.0499],[78.3855,15.0408],[78.3776,15.0398],[78.3737,15.036],[78.3692,15.0266],[78.3659,15.0298],[78.3575,15.0323],[78.3534,15.032],[78.3503,15.0258],[78.3495,15.0163],[78.3446,15.0094],[78.3428,15.0029],[78.3515,14.9964],[78.3589,14.9876],[78.3637,14.9859],[78.3803,14.9762],[78.3873,14.971],[78.3923,14.9696],[78.3931,14.9719],[78.3984,14.9708],[78.4013,14.9743],[78.41,14.9744],[78.4132,14.9928],[78.4138,15.0103],[78.4179,15.032],[78.4233,15.0322],[78.4306,15.0341],[78.4348,15.0341],[78.4445,15.0356],[78.445,15.0331],[78.4569,15.0321],[78.4582,15.035],[78.4616,15.0346],[78.4618,15.0405],[78.4709,15.0398],[78.475,15.0379],[78.4796,15.0406],[78.4812,15.0449],[78.4847,15.0425],[78.4875,15.0517],[78.4814,15.0521],[78.4787,15.0554],[78.4797,15.0592],[78.4785,15.0628],[78.4816,15.0652],[78.4804,15.0686],[78.4815,15.0721],[78.4875,15.0726],[78.4975,15.0711],[78.5061,15.0704],[78.5079,15.0654],[78.5157,15.0613],[78.5123,15.0411],[78.5138,15.0191],[78.5154,15.0136],[78.5088,15.0048],[78.5161,15.0022],[78.5166,14.9982],[78.5132,14.9843],[78.513,14.9793],[78.5105,14.9746],[78.51,14.9703],[78.5047,14.9561],[78.4986,14.957],[78.496,14.9512],[78.4915,14.9369],[78.4895,14.9326],[78.4848,14.9269],[78.4828,14.9218],[78.4778,14.9043],[78.4856,14.9022],[78.4939,14.9179],[78.4986,14.9241],[78.5044,14.9274],[78.5104,14.9358],[78.5173,14.9415],[78.5197,14.9447],[78.5167,14.9477],[78.5188,14.9539],[78.523,14.9536],[78.5282,14.9617],[78.5372,14.9624],[78.5402,14.9664],[78.5504,14.9637],[78.5514,14.9625],[78.5488,14.9525],[78.5467,14.9419],[78.5468,14.9342],[78.5565,14.9314],[78.5629,14.9325],[78.5666,14.9345],[78.5672,14.937],[78.5717,14.9395],[78.5745,14.9395],[78.5777,14.9452],[78.5826,14.9474],[78.5858,14.9458],[78.5906,14.9408],[78.5939,14.9438],[78.5968,14.9526],[78.6021,14.9553],[78.6052,14.9529],[78.614,14.9486],[78.6172,14.9495],[78.6289,14.947],[78.6321,14.9399],[78.6301,14.927],[78.6427,14.9282],[78.6502,14.9308],[78.6602,14.9311],[78.6647,14.9334],[78.666,14.9365],[78.6762,14.9369],[78.6847,14.9398],[78.6877,14.9553],[78.6884,14.9624],[78.6912,14.9653],[78.6919,14.9694],[78.718,14.9703],[78.7154,14.9986],[78.7131,15.0103],[78.7091,15.0229],[78.7287,15.0255],[78.7387,15.0312],[78.748,15.0351],[78.7518,15.0381],[78.7526,15.0414],[78.7605,15.0543],[78.7614,15.0598],[78.7566,15.0634],[78.7579,15.0667],[78.7541,15.0768],[78.7594,15.0805],[78.7549,15.09],[78.7504,15.1023],[78.7499,15.1091],[78.7521,15.1309],[78.7491,15.1351],[78.7521,15.1418],[78.7526,15.1606],[78.7574,15.1856],[78.7419,15.1837],[78.7366,15.2012],[78.7365,15.2444],[78.7386,15.2518],[78.7394,15.2709],[78.7387,15.2817],[78.7389,15.3],[78.7386,15.3186],[78.7367,15.3264],[78.7405,15.3419],[78.7418,15.35],[78.7474,15.368],[78.7613,15.3951],[78.7716,15.4205],[78.7712,15.4241],[78.7695,15.4657],[78.7731,15.4969],[78.7728,15.5026],[78.776,15.5286],[78.7759,15.5378],[78.7734,15.5752],[78.7694,15.6271],[78.7715,15.6643],[78.7829,15.7257],[78.7881,15.7514],[78.7906,15.7597],[78.8032,15.8301],[78.81,15.8672],[78.8176,15.8788],[78.8376,15.908],[78.8482,15.9175],[78.8619,15.9306],[78.8792,15.9438],[78.9088,15.967],[78.9095,15.9684],[78.9129,15.9938],[78.9171,16.0198],[78.9216,16.0454],[78.9291,16.0931],[78.9216,16.1229]]]},"properties":{"district_name":"Nandyal","district_id":"nandyal","ST_NAME":"Andhra Pradesh"}},{"type":"Feature","geometry":{"type":"Polygon","coordinates":[[[80.7993,17.0607],[80.7872,17.0641],[80.7815,17.064],[80.7732,17.0662],[80.7636,17.0667],[80.7523,17.0713],[80.7456,17.0775],[80.7438,17.0767],[80.738,17.0794],[80.7344,17.0776],[80.7096,17.0819],[80.7042,17.0808],[80.6979,17.0826],[80.6964,17.078],[80.6934,17.0741],[80.6892,17.074],[80.6763,17.0711],[80.6728,17.0673],[80.6694,17.0702],[80.6653,17.0677],[80.6567,17.0687],[80.6496,17.0715],[80.6516,17.0787],[80.655,17.0874],[80.6614,17.0902],[80.6636,17.0933],[80.6676,17.0954],[80.6699,17.1016],[80.6658,17.1047],[80.6537,17.1104],[80.6479,17.1115],[80.6407,17.1164],[80.6436,17.1242],[80.6361,17.1283],[80.6274,17.1296],[80.6198,17.128],[80.6147,17.1324],[80.6052,17.1356],[80.6028,17.1394],[80.5967,17.1449],[80.5791,17.1532],[80.5775,17.1499],[80.571,17.1432],[80.5664,17.1368],[80.5615,17.1325],[80.553,17.1335],[80.5489,17.1315],[80.5436,17.125],[80.5413,17.1246],[80.534,17.12],[80.5262,17.1177],[80.5134,17.1214],[80.5132,17.1114],[80.504,17.0949],[80.5027,17.0899],[80.5099,17.0854],[80.5061,17.076],[80.5037,17.0665],[80.4951,17.0618],[80.493,17.0593],[80.4904,17.0518],[80.4805,17.0515],[80.4706,17.0501],[80.4683,17.0451],[80.4638,17.0304],[80.4556,17.0343],[80.4382,17.0375],[80.4322,17.051],[80.4309,17.0557],[80.4248,17.0619],[80.4226,17.0664],[80.4171,17.0729],[80.418,17.0789],[80.4169,17.0877],[80.4186,17.0921],[80.4097,17.0923],[80.4074,17.0875],[80.4041,17.0869],[80.4029,17.0819],[80.4,17.0824],[80.3924,17.0777],[80.3845,17.0676],[80.39,17.0626],[80.3926,17.0555],[80.3974,17.0529],[80.3956,17.0464],[80.3951,17.0362],[80.4,17.033],[80.4064,17.0265],[80.406,17.0158],[80.3995,17.0124],[80.3902,17.0103],[80.3868,17.0085],[80.3859,17.0042],[80.3813,16.9992],[80.3773,16.9919],[80.3736,16.9873],[80.37,16.985],[80.3635,16.9759],[80.3785,16.9735],[80.3902,16.9688],[80.4062,16.964],[80.4279,16.9605],[80.441,16.9564],[80.4468,16.9556],[80.4604,16.948],[80.4756,16.9356],[80.4835,16.9311],[80.4929,16.9281],[80.4924,16.9354],[80.4945,16.9503],[80.4964,16.9546],[80.5041,16.9569],[80.5257,16.9479],[80.5302,16.9588],[80.5327,16.9618],[80.5461,16.9567],[80.5654,16.9445],[80.5695,16.9414],[80.5788,16.9373],[80.5804,16.9327],[80.5834,16.9292],[80.5888,16.9281],[80.591,16.9235],[80.5958,16.9243],[80.6003,16.9172],[80.5949,16.9129],[80.5919,16.907],[80.587,16.9052],[80.5867,16.9018],[80.5924,16.9007],[80.5953,16.8889],[80.5952,16.885],[80.5891,16.8819],[80.5844,16.882],[80.5766,16.8796],[80.5681,16.8697],[80.5707,16.8594],[80.5687,16.8451],[80.5625,16.8331],[80.5653,16.8268],[80.5749,16.8266],[80.5768,16.8211],[80.5807,16.8164],[80.5901,16.8076],[80.5936,16.8024],[80.5989,16.7994],[80.6049,16.7978],[80.6073,16.7938],[80.6017,16.7938],[80.5961,16.7926],[80.5923,16.788],[80.5853,16.783],[80.5771,16.7794],[80.5735,16.7722],[80.5692,16.7686],[80.5512,16.775],[80.5412,16.7757],[80.5298,16.7754],[80.5267,16.7746],[80.5154,16.7756],[80.5043,16.7786],[80.4995,16.7817],[80.4937,16.7829],[80.4906,16.7872],[80.485,16.7918],[80.4745,16.7942],[80.464,16.7949],[80.4633,16.8042],[80.4659,16.8165],[80.464,16.8201],[80.461,16.8195],[80.4525,16.8228],[80.4484,16.8269],[80.4406,16.8307],[80.4379,16.8337],[80.431,16.8379],[80.428,16.8381],[80.4282,16.8465],[80.4262,16.8498],[80.4128,16.852],[80.3948,16.8599],[80.3848,16.8636],[80.3833,16.8653],[80.3784,16.8621],[80.3815,16.8552],[80.3782,16.853],[80.3859,16.8498],[80.3925,16.8489],[80.4073,16.8488],[80.4069,16.8425],[80.4043,16.8333],[80.3983,16.8333],[80.3958,16.8292],[80.3901,16.8285],[80.3887,16.8251],[80.3841,16.8231],[80.3851,16.8184],[80.3812,16.8162],[80.3756,16.8224],[80.3732,16.8286],[80.3737,16.8319],[80.3791,16.8384],[80.3778,16.842],[80.3719,16.8408],[80.3729,16.8521],[80.3657,16.8552],[80.3528,16.8577],[80.3477,16.8596],[80.3403,16.8604],[80.343,16.868],[80.3437,16.8744],[80.3387,16.8767],[80.3333,16.8764],[80.322,16.8789],[80.321,16.8803],[80.3234,16.8934],[80.3243,16.9014],[80.3231,16.9068],[80.3189,16.9128],[80.312,16.9174],[80.3127,16.923],[80.3123,16.9398],[80.3154,16.9485],[80.3027,16.9542],[80.3047,16.9606],[80.3066,16.9736],[80.2977,16.9766],[80.2924,16.9769],[80.2901,16.9818],[80.2932,16.9961],[80.2832,17.0075],[80.2809,17.0081],[80.2766,17.0053],[80.2695,17.0042],[80.2662,17.0018],[80.2643,16.9976],[80.2557,16.9991],[80.2561,17.0011],[80.2395,17.003],[80.2393,17.0053],[80.2354,17.0075],[80.2293,17.0132],[80.2253,17.0158],[80.221,17.0088],[80.2176,17.0087],[80.208,17.0117],[80.2003,17.0187],[80.1978,17.0273],[80.2036,17.039],[80.1955,17.044],[80.1932,17.0411],[80.1909,17.0331],[80.191,17.027],[80.1864,17.0212],[80.1794,17.0197],[80.1774,17.0169],[80.1691,17.0165],[80.1666,17.0056],[80.1604,17.0051],[80.1527,17.0075],[80.147,17.0019],[80.1442,16.9971],[80.142,16.9906],[80.1298,16.9921],[80.1218,16.9914],[80.1216,16.9876],[80.1126,16.987],[80.1031,16.9903],[80.0971,16.99],[80.0953,16.9843],[80.0954,16.9779],[80.0928,16.9683],[80.0885,16.9681],[80.0851,16.9698],[80.0566,16.9709],[80.0581,16.9647],[80.0529,16.9594],[80.0488,16.9505],[80.0486,16.9469],[80.0519,16.9413],[80.0511,16.9367],[80.0446,16.9299],[80.0404,16.9193],[80.0378,16.9204],[80.0257,16.9178],[80.0227,16.9166],[80.0173,16.9171],[80.0167,16.9117],[80.0098,16.8897],[80.0046,16.8786],[80.0047,16.8749],[80.0026,16.8721],[80.0025,16.8679],[80.004,16.8614],[80.007,16.8607],[80.0179,16.8536],[80.0204,16.8541],[80.0314,16.8521],[80.0465,16.853],[80.0463,16.8361],[80.0487,16.8323],[80.0535,16.8286],[80.062,16.8241],[80.0702,16.8219],[80.0727,16.8182],[80.0791,16.8189],[80.0896,16.8212],[80.103,16.8236],[80.1116,16.824],[80.1172,16.8207],[80.1198,16.8161],[80.1254,16.8091],[80.129,16.8013],[80.1314,16.7908],[80.1312,16.7788],[80.1336,16.7703],[80.1338,16.7636],[80.1386,16.7522],[80.1437,16.7346],[80.1442,16.7264],[80.1434,16.7207],[80.1404,16.7121],[80.1407,16.7052],[80.1451,16.6982],[80.1482,16.6892],[80.1482,16.6869],[80.1407,16.6782],[80.1366,16.6688],[80.1363,16.6571],[80.1385,16.6522],[80.1425,16.6492],[80.1562,16.6437],[80.1658,16.6415],[80.1802,16.6427],[80.1879,16.6376],[80.1977,16.6337],[80.2077,16.6275],[80.2195,16.6218],[80.2269,16.6191],[80.2418,16.615],[80.2539,16.611],[80.268,16.612],[80.2802,16.6121],[80.3189,16.6099],[80.3309,16.6117],[80.3647,16.593],[80.3673,16.5876],[80.3811,16.5864],[80.4096,16.5845],[80.4273,16.5879],[80.4552,16.5903],[80.466,16.591],[80.4981,16.5798],[80.5289,16.5627],[80.5397,16.552],[80.5544,16.5417],[80.5549,16.5331],[80.5834,16.518],[80.5845,16.5199],[80.5915,16.5154],[80.5908,16.5127],[80.6052,16.5064],[80.6166,16.5019],[80.6177,16.5006],[80.6426,16.4866],[80.6526,16.48],[80.6586,16.4878],[80.6641,16.4878],[80.6682,16.4833],[80.6715,16.4814],[80.6769,16.4821],[80.6774,16.4862],[80.6715,16.4889],[80.6761,16.4959],[80.6802,16.5047],[80.6832,16.5154],[80.6948,16.5115],[80.6995,16.5092],[80.7068,16.51],[80.7117,16.5081],[80.7124,16.501],[80.7273,16.4949],[80.7263,16.493],[80.7331,16.4912],[80.7384,16.4884],[80.7443,16.4872],[80.7485,16.4983],[80.7531,16.5029],[80.7522,16.5054],[80.7574,16.5088],[80.765,16.5151],[80.7594,16.5195],[80.7508,16.5199],[80.7428,16.5214],[80.7277,16.5222],[80.7272,16.5233],[80.7171,16.5267],[80.7164,16.5299],[80.7006,16.5357],[80.6994,16.5377],[80.6862,16.5425],[80.6878,16.5485],[80.6922,16.557],[80.6985,16.5731],[80.6992,16.5781],[80.7016,16.5855],[80.7012,16.5918],[80.6944,16.6053],[80.6946,16.6093],[80.698,16.6172],[80.6962,16.6222],[80.6971,16.6265],[80.6879,16.6336],[80.686,16.6386],[80.6868,16.6509],[80.6859,16.6598],[80.6884,16.671],[80.6938,16.6796],[80.6992,16.6859],[80.7053,16.6949],[80.7088,16.7014],[80.7145,16.709],[80.7233,16.7193],[80.7282,16.7283],[80.7323,16.7336],[80.7386,16.7439],[80.7392,16.7463],[80.7453,16.7571],[80.7478,16.764],[80.7524,16.7699],[80.7548,16.7746],[80.7594,16.7793],[80.7608,16.7846],[80.7653,16.7864],[80.7665,16.789],[80.767,16.7971],[80.7722,16.8076],[80.7765,16.8099],[80.7744,16.8146],[80.7755,16.8193],[80.7776,16.821],[80.7761,16.8244],[80.7765,16.8342],[80.7744,16.8387],[80.7707,16.8402],[80.7701,16.8465],[80.772,16.8505],[80.7944,16.8594],[80.797,16.8659],[80.7988,16.874],[80.7976,16.8821],[80.8133,16.8807],[80.826,16.879],[80.83,16.88],[80.8444,16.886],[80.8476,16.8915],[80.8515,16.9051],[80.8535,16.9085],[80.8472,16.9136],[80.8365,16.924],[80.8255,16.9265],[80.825,16.9302],[80.8265,16.9455],[80.8278,16.9636],[80.8294,16.9668],[80.8283,16.9733],[80.8258,16.9764],[80.8251,16.9821],[80.8256,16.9898],[80.8197,16.9916],[80.8095,16.9971],[80.8006,16.9999],[80.7923,17.0093],[80.7892,17.015],[80.7795,17.0218],[80.7825,17.0279],[80.7913,17.0393],[80.7993,17.0607]]]},"properties":{"district_name":"NTR","district_id":"ntr","ST_NAME":"Andhra Pradesh"}},{"type":"Feature","geometry":{"type":"Polygon","coordinates":[[[80.4273,16.5879],[80.4096,16.5845],[80.3811,16.5864],[80.3673,16.5876],[80.3647,16.593],[80.3309,16.6117],[80.3189,16.6099],[80.2802,16.6121],[80.268,16.612],[80.2539,16.611],[80.2418,16.615],[80.2269,16.6191],[80.2195,16.6218],[80.2077,16.6275],[80.1977,16.6337],[80.1879,16.6376],[80.1802,16.6427],[80.1658,16.6415],[80.1562,16.6437],[80.1425,16.6492],[80.1385,16.6522],[80.1363,16.6571],[80.1366,16.6688],[80.1407,16.6782],[80.1482,16.6869],[80.1482,16.6892],[80.1451,16.6982],[80.1407,16.7052],[80.1404,16.7121],[80.1434,16.7207],[80.1442,16.7264],[80.1437,16.7346],[80.1386,16.7522],[80.1338,16.7636],[80.1336,16.7703],[80.1312,16.7788],[80.1314,16.7908],[80.129,16.8013],[80.1254,16.8091],[80.1198,16.8161],[80.1172,16.8207],[80.1116,16.824],[80.103,16.8236],[80.0896,16.8212],[80.0791,16.8189],[80.0727,16.8182],[80.0698,16.8097],[80.0694,16.7965],[80.0669,16.788],[80.0639,16.7819],[80.0549,16.768],[80.054,16.7629],[80.0556,16.7484],[80.0538,16.7433],[80.0384,16.7305],[80.034,16.7234],[80.0317,16.7158],[80.0243,16.7112],[80.0143,16.7093],[80.0085,16.7095],[80.0046,16.7079],[79.9977,16.7022],[79.9954,16.6992],[79.988,16.6822],[79.9781,16.6628],[79.9733,16.6571],[79.9647,16.6447],[79.9588,16.6409],[79.9532,16.6386],[79.9493,16.6355],[79.9352,16.6318],[79.9314,16.6313],[79.9141,16.6327],[79.9074,16.6354],[79.8952,16.6478],[79.8921,16.6528],[79.8896,16.6598],[79.8882,16.6744],[79.8865,16.6843],[79.8832,16.6911],[79.8774,16.6976],[79.8582,16.705],[79.8522,16.706],[79.8478,16.7052],[79.8291,16.6946],[79.8214,16.6919],[79.8171,16.6921],[79.8118,16.6951],[79.797,16.7138],[79.7933,16.724],[79.786,16.7305],[79.7761,16.7315],[79.772,16.7307],[79.7653,16.7276],[79.7464,16.7206],[79.7418,16.7169],[79.7379,16.7091],[79.7326,16.7021],[79.7298,16.6971],[79.7256,16.6924],[79.721,16.6904],[79.712,16.69],[79.7072,16.6915],[79.7005,16.6916],[79.6842,16.6949],[79.6806,16.6944],[79.6717,16.6902],[79.663,16.6876],[79.6579,16.6829],[79.6496,16.6708],[79.6448,16.6681],[79.6372,16.6618],[79.633,16.6607],[79.6244,16.6624],[79.6189,16.6644],[79.6049,16.6721],[79.5995,16.6735],[79.5916,16.6698],[79.5844,16.6593],[79.5744,16.6492],[79.5618,16.644],[79.5443,16.6339],[79.5379,16.6317],[79.5253,16.6314],[79.5121,16.6358],[79.5031,16.6366],[79.4933,16.6326],[79.4867,16.6252],[79.4811,16.6227],[79.4727,16.6222],[79.4643,16.6233],[79.4577,16.6233],[79.4463,16.6195],[79.4399,16.6137],[79.4359,16.603],[79.4337,16.5921],[79.4284,16.5866],[79.4175,16.58],[79.394,16.5806],[79.3762,16.5829],[79.3551,16.5791],[79.3472,16.5803],[79.3437,16.5827],[79.3367,16.5822],[79.3268,16.5771],[79.316,16.5749],[79.3089,16.5748],[79.3063,16.5731],[79.2984,16.5654],[79.292,16.5624],[79.2849,16.5611],[79.2769,16.5621],[79.2684,16.5661],[79.2609,16.5675],[79.2569,16.5663],[79.2526,16.5601],[79.2511,16.5506],[79.2492,16.5461],[79.2501,16.5399],[79.248,16.5346],[79.2427,16.5299],[79.2321,16.5276],[79.2283,16.5253],[79.224,16.5189],[79.2197,16.5098],[79.2167,16.5005],[79.2146,16.4847],[79.2165,16.4792],[79.2332,16.4606],[79.2326,16.4588],[79.2187,16.4549],[79.2135,16.4511],[79.2113,16.4465],[79.2099,16.4262],[79.2096,16.4071],[79.209,16.3966],[79.2077,16.3849],[79.2084,16.3805],[79.2121,16.3748],[79.2119,16.3658],[79.2105,16.3632],[79.2105,16.357],[79.2151,16.3496],[79.2217,16.3457],[79.224,16.3427],[79.2329,16.3374],[79.2343,16.335],[79.2338,16.3222],[79.2312,16.3162],[79.2312,16.2943],[79.2302,16.2811],[79.226,16.275],[79.224,16.2553],[79.2224,16.246],[79.2221,16.2358],[79.2194,16.2317],[79.2146,16.2277],[79.2162,16.2258],[79.2143,16.1846],[79.2206,16.164],[79.2459,16.1789],[79.2484,16.1807],[79.2576,16.1948],[79.2614,16.1963],[79.2841,16.2096],[79.2951,16.2157],[79.3245,16.2294],[79.3366,16.2298],[79.3699,16.2338],[79.3896,16.2514],[79.4464,16.3039],[79.4722,16.2916],[79.4789,16.2924],[79.4995,16.2917],[79.5271,16.2985],[79.5354,16.307],[79.5426,16.2947],[79.55,16.2846],[79.5573,16.2805],[79.5636,16.2795],[79.566,16.2775],[79.5619,16.2683],[79.5603,16.262],[79.5606,16.2489],[79.559,16.2425],[79.5626,16.237],[79.5612,16.2326],[79.5631,16.2271],[79.5618,16.2227],[79.5582,16.2196],[79.5563,16.2143],[79.5604,16.2047],[79.5588,16.1943],[79.5557,16.1884],[79.5522,16.1843],[79.5519,16.1794],[79.5467,16.1733],[79.5424,16.1734],[79.5381,16.1709],[79.5361,16.1641],[79.537,16.1603],[79.5405,16.1559],[79.5395,16.1474],[79.5367,16.1417],[79.5385,16.1372],[79.5379,16.1335],[79.5436,16.1239],[79.5445,16.1202],[79.5475,16.1198],[79.5522,16.1132],[79.5539,16.1037],[79.5559,16.1008],[79.5532,16.0987],[79.5538,16.0895],[79.553,16.086],[79.5461,16.0745],[79.5476,16.0666],[79.5501,16.0596],[79.5527,16.0558],[79.554,16.0485],[79.5575,16.0441],[79.5634,16.0339],[79.5611,16.029],[79.5671,16.0177],[79.5628,16.0123],[79.5659,16.009],[79.5686,16.0085],[79.5723,16.0051],[79.571,15.9966],[79.5675,15.9857],[79.5682,15.9832],[79.5654,15.9788],[79.5609,15.969],[79.5596,15.9639],[79.5614,15.9552],[79.5589,15.9485],[79.572,15.9373],[79.5903,15.9408],[79.6005,15.9379],[79.6038,15.9381],[79.6111,15.934],[79.6145,15.9333],[79.615,15.9297],[79.6118,15.9224],[79.6149,15.9215],[79.6228,15.9167],[79.6286,15.9117],[79.6327,15.9102],[79.6355,15.9071],[79.6432,15.9113],[79.6494,15.9136],[79.6555,15.921],[79.658,15.9183],[79.6628,15.9176],[79.6709,15.91],[79.6705,15.9074],[79.6763,15.9037],[79.6819,15.9039],[79.6826,15.9012],[79.6871,15.8982],[79.6888,15.9001],[79.6933,15.8982],[79.6951,15.8945],[79.69,15.8826],[79.689,15.876],[79.6941,15.8762],[79.7024,15.8734],[79.7145,15.8673],[79.7159,15.8636],[79.7197,15.859],[79.717,15.8455],[79.7117,15.8371],[79.7189,15.8355],[79.7276,15.8361],[79.7332,15.8351],[79.7389,15.8271],[79.7432,15.8257],[79.7507,15.8258],[79.7637,15.8234],[79.7666,15.8267],[79.771,15.8252],[79.7706,15.8311],[79.773,15.842],[79.7642,15.8454],[79.7537,15.8474],[79.7518,15.8563],[79.7471,15.8592],[79.753,15.8701],[79.7553,15.8835],[79.754,15.8893],[79.7557,15.8959],[79.755,15.8996],[79.762,15.8998],[79.7635,15.9032],[79.7691,15.9077],[79.7752,15.9073],[79.7836,15.9154],[79.7863,15.919],[79.7895,15.9369],[79.7915,15.9415],[79.7998,15.9392],[79.816,15.9369],[79.8344,15.9321],[79.8489,15.9288],[79.8468,15.9229],[79.8565,15.9206],[79.8639,15.9176],[79.8697,15.9169],[79.8776,15.9248],[79.8762,15.9356],[79.8805,15.9376],[79.8811,15.9405],[79.886,15.9419],[79.894,15.9393],[79.8965,15.947],[79.9031,15.9425],[79.9087,15.9555],[79.9084,15.9603],[79.9117,15.9675],[79.908,15.9679],[79.8981,15.9716],[79.8997,15.9766],[79.9034,15.9833],[79.8911,15.9872],[79.891,15.9954],[79.8793,15.9998],[79.874,15.9991],[79.865,15.9964],[79.8645,16.005],[79.8664,16.022],[79.8696,16.0306],[79.8729,16.0297],[79.8751,16.0347],[79.8785,16.0347],[79.8801,16.0393],[79.9015,16.0422],[79.9088,16.0459],[79.9168,16.0473],[79.9194,16.0524],[79.9202,16.0634],[79.9192,16.07],[79.9146,16.0719],[79.9155,16.0751],[79.9022,16.0777],[79.8952,16.0774],[79.8949,16.0875],[79.8898,16.0851],[79.8833,16.0861],[79.8814,16.0926],[79.8742,16.0953],[79.8682,16.0965],[79.8737,16.1122],[79.8689,16.1119],[79.8697,16.1182],[79.8749,16.1289],[79.8664,16.1325],[79.8659,16.1352],[79.868,16.1408],[79.8758,16.1503],[79.8784,16.1547],[79.889,16.1524],[79.891,16.1513],[79.9016,16.1491],[79.9127,16.1439],[79.9204,16.1392],[79.9278,16.1318],[79.9327,16.1322],[79.9368,16.1389],[79.9423,16.14],[79.9448,16.1391],[79.9487,16.1436],[79.9537,16.1516],[79.9522,16.1536],[79.9521,16.1611],[79.9542,16.1632],[79.9666,16.1562],[79.9721,16.1544],[79.9762,16.1504],[79.974,16.1458],[79.9868,16.1409],[79.9925,16.1418],[80.0006,16.1402],[79.9988,16.1364],[80.0062,16.134],[80.0072,16.1301],[80.0114,16.126],[80.0101,16.1194],[80.0207,16.1148],[80.0317,16.1178],[80.0334,16.123],[80.041,16.1274],[80.0457,16.1292],[80.0519,16.1291],[80.0502,16.1241],[80.0514,16.1198],[80.0448,16.1017],[80.0404,16.0927],[80.0472,16.0855],[80.0612,16.0894],[80.0682,16.095],[80.074,16.0923],[80.0707,16.0793],[80.0732,16.0688],[80.0823,16.063],[80.0797,16.0563],[80.0826,16.0553],[80.0844,16.0518],[80.0837,16.048],[80.0846,16.0399],[80.0878,16.0292],[80.0861,16.0209],[80.0907,16.0135],[80.1001,16.0114],[80.1051,16.0154],[80.1085,16.0155],[80.1208,16.0207],[80.1249,16.0192],[80.1328,16.02],[80.1342,16.0225],[80.1342,16.0292],[80.1354,16.0403],[80.1372,16.0457],[80.1489,16.0463],[80.1549,16.0459],[80.1545,16.0417],[80.1579,16.0413],[80.1703,16.0365],[80.1822,16.0346],[80.1814,16.0267],[80.1877,16.0259],[80.1897,16.0386],[80.1945,16.0386],[80.2194,16.0333],[80.2297,16.0322],[80.2297,16.0379],[80.231,16.0474],[80.2297,16.059],[80.2321,16.0622],[80.2297,16.0657],[80.2283,16.0741],[80.2308,16.0826],[80.2261,16.0866],[80.2272,16.088],[80.2357,16.084],[80.237,16.0866],[80.2436,16.0882],[80.2446,16.0906],[80.2492,16.0918],[80.2513,16.0954],[80.2558,16.0952],[80.2566,16.0978],[80.2621,16.0968],[80.2669,16.0971],[80.2732,16.0944],[80.2812,16.0926],[80.2846,16.0936],[80.2898,16.1034],[80.2844,16.1064],[80.2817,16.1114],[80.2741,16.1158],[80.2723,16.119],[80.2665,16.1235],[80.2689,16.1281],[80.2738,16.1289],[80.2761,16.133],[80.275,16.1361],[80.2782,16.1432],[80.2751,16.1443],[80.276,16.1487],[80.2737,16.1509],[80.2732,16.1556],[80.2759,16.1562],[80.2779,16.1609],[80.2825,16.1629],[80.2892,16.1623],[80.293,16.1666],[80.2945,16.1795],[80.2937,16.1813],[80.2965,16.1896],[80.287,16.1917],[80.2852,16.1961],[80.2808,16.199],[80.2746,16.1994],[80.2763,16.2065],[80.2801,16.2178],[80.2859,16.2177],[80.2892,16.2154],[80.3003,16.2291],[80.3062,16.2327],[80.31,16.2402],[80.3158,16.2483],[80.3189,16.2465],[80.3236,16.2513],[80.3278,16.2629],[80.3301,16.2661],[80.3328,16.2658],[80.3395,16.2718],[80.3434,16.2785],[80.3468,16.2865],[80.3467,16.2954],[80.3512,16.2978],[80.3513,16.3025],[80.3486,16.3053],[80.3515,16.3092],[80.3502,16.3133],[80.3467,16.3146],[80.3428,16.3093],[80.3427,16.3032],[80.3412,16.3],[80.3382,16.3007],[80.3353,16.3061],[80.3397,16.3098],[80.3343,16.3155],[80.3297,16.3155],[80.326,16.309],[80.3222,16.3094],[80.3159,16.3028],[80.3119,16.2999],[80.3104,16.2938],[80.3138,16.293],[80.3104,16.2861],[80.3074,16.287],[80.3016,16.2852],[80.2945,16.2805],[80.2859,16.2697],[80.2801,16.2661],[80.2716,16.2699],[80.2647,16.269],[80.2527,16.2726],[80.2446,16.2738],[80.2381,16.2667],[80.2427,16.2652],[80.2388,16.2586],[80.2308,16.2463],[80.2188,16.2496],[80.2181,16.2529],[80.2202,16.258],[80.1999,16.2623],[80.2002,16.2639],[80.1921,16.268],[80.1907,16.2767],[80.1767,16.2785],[80.1785,16.2739],[80.1783,16.2635],[80.171,16.2641],[80.1634,16.2703],[80.1553,16.2644],[80.1524,16.2586],[80.1438,16.2625],[80.1445,16.2647],[80.1354,16.2671],[80.1273,16.2703],[80.124,16.2831],[80.1213,16.2995],[80.1247,16.3104],[80.1357,16.3053],[80.1405,16.3044],[80.1574,16.3035],[80.1584,16.3075],[80.1621,16.3122],[80.1577,16.3142],[80.158,16.3181],[80.1603,16.3262],[80.1749,16.3237],[80.1766,16.329],[80.1806,16.3512],[80.1803,16.3565],[80.1815,16.3589],[80.1856,16.3585],[80.1949,16.3561],[80.1993,16.3457],[80.2052,16.3422],[80.2171,16.3395],[80.2208,16.3435],[80.2206,16.3475],[80.2182,16.3507],[80.2259,16.355],[80.2277,16.3628],[80.231,16.3659],[80.2254,16.3697],[80.2302,16.3824],[80.2276,16.3867],[80.2183,16.3892],[80.2199,16.3948],[80.2234,16.3943],[80.2256,16.401],[80.2316,16.4086],[80.2378,16.4113],[80.2395,16.4159],[80.2534,16.4147],[80.2553,16.4151],[80.2697,16.41],[80.2748,16.4171],[80.2806,16.4292],[80.2898,16.4292],[80.3033,16.4257],[80.3078,16.4345],[80.3087,16.4543],[80.3129,16.4535],[80.3179,16.4632],[80.3238,16.4645],[80.3343,16.4629],[80.3381,16.4634],[80.34,16.4663],[80.3429,16.4625],[80.3477,16.4628],[80.3648,16.4595],[80.3674,16.4586],[80.3695,16.4652],[80.3781,16.4643],[80.3789,16.4712],[80.3812,16.4783],[80.3927,16.4762],[80.3981,16.4812],[80.4114,16.4794],[80.4264,16.4766],[80.4293,16.48],[80.421,16.4842],[80.4183,16.4916],[80.4199,16.5054],[80.4175,16.5065],[80.4073,16.5077],[80.4079,16.5195],[80.4095,16.5253],[80.4067,16.5256],[80.4079,16.5318],[80.4096,16.532],[80.4169,16.5505],[80.4238,16.5502],[80.428,16.5586],[80.424,16.5629],[80.4261,16.5754],[80.4273,16.5879]]]},"properties":{"district_name":"Palnadu","district_id":"palnadu","ST_NAME":"Andhra Pradesh"}},{"type":"Feature","geometry":{"type":"Polygon","coordinates":[[[83.598,18.5601],[83.5884,18.5627],[83.5814,18.566],[83.5732,18.5667],[83.5639,18.5628],[83.5587,18.5548],[83.5581,18.5496],[83.5584,18.5387],[83.5602,18.5363],[83.5673,18.5329],[83.5675,18.5303],[83.5741,18.528],[83.5813,18.5285],[83.5828,18.5313],[83.5874,18.5315],[83.5934,18.5292],[83.6014,18.5302],[83.6076,18.5287],[83.6145,18.5288],[83.6236,18.5278],[83.6307,18.5255],[83.6307,18.5342],[83.6326,18.5389],[83.6341,18.5464],[83.6323,18.5563],[83.6287,18.5604],[83.6248,18.5616],[83.6164,18.5618],[83.609,18.5588],[83.6039,18.5601],[83.598,18.5601]]]},"properties":{"district_name":"Parvathipuram Manyam","district_id":"parvathipuram_manyam","ST_NAME":"Andhra Pradesh"}},{"type":"Feature","geometry":{"type":"Polygon","coordinates":[[[83.8937,18.8145],[83.8912,18.8251],[83.8877,18.831],[83.881,18.8376],[83.8725,18.8476],[83.866,18.8527],[83.8556,18.8567],[83.8514,18.8596],[83.8483,18.8644],[83.8442,18.8733],[83.8437,18.8763],[83.8481,18.894],[83.8489,18.8999],[83.8482,18.9061],[83.8458,18.9136],[83.8434,18.9172],[83.839,18.9183],[83.8299,18.9147],[83.8261,18.9186],[83.8287,18.9271],[83.8279,18.9323],[83.8197,18.9393],[83.819,18.9476],[83.8218,18.9602],[83.8177,18.9715],[83.8105,18.9852],[83.8089,18.9923],[83.7981,19],[83.7944,19.0067],[83.7951,19.017],[83.7875,19.0176],[83.7803,19.0169],[83.7824,19.0077],[83.7804,19.0066],[83.7731,19.0071],[83.7668,19.005],[83.7622,19],[83.7602,19.0019],[83.755,18.9986],[83.7516,18.9987],[83.7475,18.9958],[83.7451,18.9861],[83.7478,18.9741],[83.7553,18.9713],[83.7551,18.9623],[83.7583,18.9553],[83.7591,18.9509],[83.7616,18.9505],[83.7681,18.955],[83.77,18.9541],[83.7726,18.9443],[83.7762,18.9452],[83.7788,18.9367],[83.7845,18.9336],[83.7849,18.9245],[83.7879,18.9159],[83.7782,18.9114],[83.7718,18.9146],[83.7694,18.9143],[83.7662,18.923],[83.7632,18.9273],[83.7539,18.9251],[83.7508,18.9322],[83.7477,18.9371],[83.7464,18.944],[83.7415,18.9481],[83.7384,18.9614],[83.7344,18.9692],[83.733,18.9791],[83.733,18.9877],[83.7182,18.9934],[83.7142,18.993],[83.7136,18.9974],[83.7096,19.0022],[83.7103,19.0072],[83.7191,19.0104],[83.7243,19.0108],[83.7286,19.0198],[83.7228,19.0221],[83.7092,19.0246],[83.705,19.0234],[83.7006,19.025],[83.6971,19.0343],[83.6938,19.0372],[83.6912,19.0473],[83.6853,19.0585],[83.6766,19.0652],[83.6752,19.0712],[83.672,19.0739],[83.6644,19.0757],[83.6613,19.0805],[83.6637,19.0933],[83.6614,19.0989],[83.6576,19.1025],[83.6556,19.1088],[83.6512,19.1093],[83.6505,19.1174],[83.6474,19.1193],[83.6496,19.1233],[83.654,19.1221],[83.6551,19.1291],[83.6531,19.1315],[83.6468,19.1298],[83.6421,19.1319],[83.637,19.1315],[83.6317,19.1408],[83.6349,19.1497],[83.6377,19.1532],[83.6339,19.1595],[83.6261,19.1619],[83.6278,19.1567],[83.6275,19.1507],[83.622,19.1473],[83.621,19.142],[83.6188,19.1413],[83.616,19.1371],[83.608,19.1397],[83.6047,19.136],[83.6017,19.1355],[83.5989,19.1295],[83.5976,19.1198],[83.6034,19.1121],[83.6086,19.1027],[83.6106,19.0961],[83.6031,19.0926],[83.6012,19.0949],[83.593,19.0927],[83.5868,19.0877],[83.5847,19.0837],[83.5864,19.0745],[83.5865,19.0678],[83.5842,19.0657],[83.5845,19.0576],[83.5798,19.0605],[83.575,19.0614],[83.5672,19.06],[83.5634,19.0579],[83.5603,19.0645],[83.5635,19.0706],[83.567,19.0717],[83.5649,19.0786],[83.5611,19.0863],[83.5569,19.0871],[83.5535,19.0859],[83.5485,19.0779],[83.5532,19.0694],[83.5556,19.0634],[83.5551,19.055],[83.5517,19.0546],[83.5469,19.0437],[83.5416,19.041],[83.5398,19.0335],[83.5415,19.0296],[83.5388,19.0224],[83.538,19.0132],[83.5269,19.0134],[83.5225,19.0121],[83.5162,19.0166],[83.5038,19.0187],[83.5006,19.0212],[83.4957,19.0316],[83.4976,19.0356],[83.5002,19.0362],[83.5092,19.0351],[83.5125,19.0302],[83.5169,19.0315],[83.5182,19.0403],[83.5136,19.0477],[83.5163,19.0577],[83.513,19.0607],[83.5111,19.068],[83.5018,19.0659],[83.5005,19.0599],[83.4892,19.0726],[83.4871,19.0729],[83.481,19.0778],[83.4827,19.0803],[83.4819,19.0842],[83.4862,19.0872],[83.4824,19.0924],[83.479,19.0921],[83.474,19.0941],[83.4697,19.0924],[83.4679,19.0882],[83.4725,19.085],[83.4766,19.085],[83.4784,19.0785],[83.473,19.0763],[83.4703,19.0795],[83.4663,19.0791],[83.4624,19.0628],[83.4679,19.0622],[83.4694,19.0602],[83.4687,19.0523],[83.4686,19.0408],[83.4735,19.0383],[83.4796,19.0335],[83.4806,19.0313],[83.4771,19.0212],[83.4795,19.0128],[83.4786,19.0102],[83.474,19.0093],[83.4671,19.013],[83.4558,19.0146],[83.4521,19.0145],[83.4489,19.011],[83.45,19.0045],[83.4553,18.9968],[83.4553,18.9913],[83.466,18.9936],[83.4678,18.9911],[83.4642,18.9801],[83.4686,18.9804],[83.4698,18.9693],[83.4683,18.9652],[83.4647,18.9627],[83.4618,18.9548],[83.4459,18.9578],[83.4436,18.9623],[83.4459,18.9659],[83.4403,18.9716],[83.4389,18.9764],[83.4351,18.9759],[83.4292,18.9804],[83.4267,18.9846],[83.4196,18.9889],[83.4153,18.9892],[83.4197,19],[83.4147,19.0028],[83.4054,19.0063],[83.4015,19.0094],[83.3965,19.0106],[83.393,19.0068],[83.3823,19.0029],[83.3762,19.003],[83.3697,19.0048],[83.3666,19.0067],[83.3662,19.0139],[83.3672,19.0157],[83.3581,19.0195],[83.3423,19.0169],[83.3406,19.0108],[83.3378,19.0072],[83.3356,18.999],[83.3309,18.9993],[83.3273,19.0021],[83.322,18.9996],[83.3178,19.0005],[83.3107,18.9988],[83.3104,18.9959],[83.3162,18.9863],[83.3192,18.9726],[83.3286,18.967],[83.3349,18.9687],[83.3323,18.9587],[83.3337,18.9551],[83.3388,18.9537],[83.3382,18.947],[83.3367,18.9458],[83.3272,18.9447],[83.3249,18.9376],[83.3253,18.9337],[83.3282,18.9312],[83.3339,18.9289],[83.3334,18.9263],[83.3377,18.9255],[83.3484,18.9264],[83.3459,18.933],[83.3438,18.9412],[83.3502,18.9433],[83.351,18.9471],[83.3483,18.9586],[83.3504,18.966],[83.3548,18.9673],[83.3634,18.9627],[83.3684,18.9611],[83.3659,18.9573],[83.3684,18.9537],[83.3711,18.9456],[83.3713,18.9427],[83.3752,18.9415],[83.3832,18.9369],[83.3874,18.9331],[83.3821,18.9274],[83.3774,18.9257],[83.3706,18.9261],[83.3691,18.93],[83.3703,18.9418],[83.361,18.9409],[83.3524,18.9435],[83.3525,18.936],[83.3543,18.9284],[83.3576,18.924],[83.3591,18.917],[83.3618,18.916],[83.3687,18.9084],[83.3707,18.9081],[83.3777,18.9103],[83.3818,18.9141],[83.3866,18.9126],[83.3934,18.9076],[83.3848,18.9041],[83.3783,18.897],[83.3841,18.8902],[83.3915,18.8873],[83.3922,18.8821],[83.397,18.8788],[83.4023,18.877],[83.4071,18.8773],[83.4103,18.8743],[83.4148,18.8736],[83.4072,18.864],[83.4043,18.8584],[83.4044,18.8475],[83.406,18.844],[83.4004,18.8403],[83.3784,18.8305],[83.3754,18.8361],[83.3719,18.8389],[83.3683,18.844],[83.3629,18.8412],[83.3588,18.8348],[83.3494,18.83],[83.3479,18.8269],[83.3382,18.8243],[83.3283,18.818],[83.3282,18.812],[83.3307,18.8063],[83.3225,18.8046],[83.3185,18.805],[83.3094,18.8094],[83.2967,18.801],[83.2846,18.7979],[83.2826,18.7962],[83.2754,18.783],[83.2815,18.775],[83.2805,18.7732],[83.2714,18.7645],[83.2644,18.7677],[83.2627,18.7698],[83.2535,18.7676],[83.2481,18.7687],[83.2432,18.7683],[83.2381,18.7727],[83.2309,18.775],[83.2246,18.7751],[83.2224,18.773],[83.2234,18.7688],[83.2281,18.761],[83.2277,18.7552],[83.2254,18.7509],[83.2208,18.7482],[83.2174,18.7445],[83.2158,18.7406],[83.2146,18.7334],[83.2114,18.7328],[83.2126,18.738],[83.2074,18.7458],[83.2068,18.7511],[83.2017,18.7514],[83.1921,18.7541],[83.1804,18.7694],[83.1771,18.7707],[83.1659,18.7685],[83.1617,18.7661],[83.1572,18.7678],[83.1525,18.7728],[83.1519,18.776],[83.1388,18.7845],[83.1253,18.7747],[83.122,18.7733],[83.1171,18.7684],[83.1235,18.7627],[83.1237,18.7581],[83.1124,18.7522],[83.1075,18.7466],[83.1069,18.7435],[83.1017,18.7327],[83.0948,18.7314],[83.094,18.7256],[83.0869,18.7178],[83.0816,18.7147],[83.0726,18.7052],[83.075,18.7013],[83.0691,18.692],[83.0631,18.6842],[83.061,18.6787],[83.0579,18.6652],[83.0448,18.6586],[83.0245,18.6541],[83.0226,18.6512],[83.0167,18.65],[83.0131,18.6461],[83.0155,18.6408],[83.0196,18.6355],[83.0158,18.6332],[83.0085,18.6263],[83.0058,18.6217],[82.9996,18.6199],[83.0005,18.608],[83.0152,18.6055],[83.0149,18.6018],[83.0126,18.5987],[83.0139,18.5939],[83.0188,18.5935],[83.0238,18.5896],[83.0276,18.5926],[83.0396,18.5968],[83.0444,18.5995],[83.0469,18.5988],[83.0527,18.601],[83.0531,18.5881],[83.0476,18.5865],[83.0426,18.5873],[83.0391,18.5852],[83.0382,18.5818],[83.0327,18.5791],[83.0298,18.5736],[83.0339,18.5682],[83.038,18.5569],[83.0455,18.5441],[83.0554,18.5439],[83.0619,18.542],[83.07,18.5479],[83.0712,18.5498],[83.0788,18.5504],[83.0808,18.5533],[83.0838,18.5517],[83.0891,18.5532],[83.0945,18.5479],[83.095,18.5456],[83.0927,18.5392],[83.0897,18.5392],[83.0835,18.531],[83.0813,18.5303],[83.0768,18.5255],[83.0751,18.5146],[83.0668,18.5063],[83.064,18.5023],[83.0593,18.501],[83.058,18.4968],[83.0552,18.4957],[83.0561,18.4902],[83.0551,18.4856],[83.0475,18.4791],[83.0377,18.4686],[83.0307,18.4663],[83.0209,18.4562],[83.0234,18.4498],[83.0272,18.4474],[83.0329,18.448],[83.0365,18.443],[83.0409,18.4408],[83.0378,18.4345],[83.0431,18.426],[83.0455,18.4262],[83.0508,18.4341],[83.06,18.437],[83.0634,18.4321],[83.0673,18.4301],[83.0652,18.4227],[83.0579,18.419],[83.0643,18.4094],[83.0692,18.4086],[83.0768,18.4054],[83.0769,18.4032],[83.0801,18.4024],[83.087,18.4064],[83.0884,18.4116],[83.0917,18.4109],[83.101,18.4124],[83.1055,18.412],[83.0975,18.393],[83.093,18.3893],[83.0809,18.3765],[83.0769,18.3698],[83.0762,18.3611],[83.0794,18.3562],[83.0794,18.3513],[83.0815,18.3456],[83.0898,18.3439],[83.0936,18.3416],[83.0955,18.3521],[83.106,18.3564],[83.1073,18.3533],[83.1123,18.3519],[83.1133,18.3477],[83.1238,18.3497],[83.1344,18.349],[83.144,18.3437],[83.1508,18.3406],[83.1548,18.3403],[83.16,18.3445],[83.1626,18.3524],[83.1639,18.3594],[83.1758,18.3717],[83.1796,18.3724],[83.1851,18.371],[83.1852,18.3741],[83.1936,18.3777],[83.1996,18.3825],[83.2031,18.3888],[83.2092,18.3909],[83.2142,18.3941],[83.2247,18.3982],[83.2224,18.4041],[83.2114,18.4021],[83.209,18.404],[83.2126,18.4105],[83.2053,18.4163],[83.2021,18.4174],[83.2022,18.4233],[83.2048,18.4281],[83.2054,18.4376],[83.2159,18.4404],[83.2189,18.4388],[83.2248,18.4424],[83.2279,18.4487],[83.2302,18.4508],[83.2344,18.4441],[83.24,18.4462],[83.2415,18.4535],[83.2468,18.4594],[83.2526,18.4579],[83.2511,18.4625],[83.2588,18.4679],[83.2597,18.4704],[83.2641,18.4713],[83.2623,18.4763],[83.2555,18.4793],[83.2485,18.4751],[83.2462,18.4689],[83.2423,18.4653],[83.2402,18.467],[83.2386,18.4732],[83.2394,18.4752],[83.2322,18.4846],[83.2275,18.4871],[83.2224,18.4798],[83.2184,18.4869],[83.219,18.4922],[83.2207,18.4944],[83.2225,18.5019],[83.2299,18.5085],[83.2307,18.5119],[83.2335,18.515],[83.2331,18.519],[83.2369,18.52],[83.2406,18.526],[83.2468,18.53],[83.2486,18.5374],[83.2502,18.5391],[83.2586,18.5393],[83.2667,18.5421],[83.273,18.543],[83.2758,18.5524],[83.2662,18.5565],[83.2513,18.559],[83.2523,18.5659],[83.2588,18.568],[83.2607,18.5718],[83.2571,18.5787],[83.2613,18.5836],[83.2577,18.5865],[83.2484,18.5857],[83.2543,18.5945],[83.2581,18.5963],[83.2612,18.603],[83.2637,18.6052],[83.269,18.6136],[83.2761,18.6192],[83.2799,18.6259],[83.288,18.6276],[83.29,18.6255],[83.2893,18.6205],[83.2914,18.6196],[83.2978,18.6248],[83.3081,18.6316],[83.3168,18.6412],[83.319,18.6522],[83.3208,18.6577],[83.3244,18.6597],[83.3335,18.6585],[83.3354,18.6532],[83.3414,18.6462],[83.3459,18.6442],[83.349,18.6382],[83.3485,18.6348],[83.3458,18.6296],[83.3445,18.6238],[83.3442,18.6153],[83.3466,18.6088],[83.3496,18.6084],[83.355,18.604],[83.3633,18.6021],[83.3676,18.5989],[83.3735,18.6024],[83.3779,18.6116],[83.3811,18.6093],[83.3917,18.6095],[83.4017,18.6047],[83.4064,18.607],[83.4091,18.6103],[83.4069,18.6168],[83.4121,18.6209],[83.4153,18.6211],[83.4172,18.6122],[83.4225,18.6136],[83.423,18.6096],[83.4275,18.6099],[83.4284,18.6069],[83.4318,18.6049],[83.433,18.6094],[83.4332,18.6165],[83.4393,18.6237],[83.4453,18.6265],[83.4501,18.6267],[83.4624,18.6234],[83.4668,18.6165],[83.4759,18.6171],[83.481,18.6115],[83.4867,18.6084],[83.4926,18.6018],[83.4944,18.5975],[83.4949,18.5918],[83.4938,18.5847],[83.492,18.58],[83.4872,18.5728],[83.4822,18.5766],[83.4743,18.5772],[83.473,18.5735],[83.4735,18.5654],[83.4764,18.5645],[83.4796,18.5609],[83.4864,18.5598],[83.4954,18.5605],[83.4971,18.5591],[83.4999,18.5438],[83.5096,18.5398],[83.5177,18.5347],[83.5171,18.5314],[83.519,18.5278],[83.5159,18.5212],[83.5291,18.5253],[83.5314,18.5316],[83.54,18.5264],[83.5432,18.532],[83.5464,18.5337],[83.5478,18.5383],[83.5392,18.5404],[83.5377,18.5423],[83.5362,18.5505],[83.5264,18.5508],[83.5263,18.554],[83.5286,18.5583],[83.5326,18.5607],[83.5342,18.5646],[83.5405,18.5679],[83.5425,18.5799],[83.5487,18.5787],[83.5529,18.5806],[83.5577,18.5845],[83.5638,18.5856],[83.5702,18.5912],[83.5665,18.5951],[83.5508,18.5952],[83.5504,18.5992],[83.5525,18.6105],[83.5526,18.6167],[83.5485,18.623],[83.5492,18.6276],[83.555,18.6304],[83.5562,18.6329],[83.5549,18.6389],[83.5505,18.6453],[83.5512,18.6502],[83.5565,18.6548],[83.5607,18.6651],[83.5611,18.6681],[83.5575,18.6742],[83.5556,18.6797],[83.5521,18.6839],[83.5416,18.6869],[83.5401,18.6911],[83.5398,18.701],[83.5371,18.7065],[83.5386,18.7113],[83.547,18.7117],[83.5528,18.7045],[83.5574,18.7025],[83.5646,18.7014],[83.5714,18.696],[83.5726,18.689],[83.575,18.6836],[83.5722,18.68],[83.5729,18.6763],[83.5763,18.6726],[83.5826,18.6719],[83.585,18.665],[83.5894,18.6616],[83.5976,18.6588],[83.6042,18.6582],[83.6052,18.6561],[83.6039,18.6494],[83.6056,18.6475],[83.6134,18.6473],[83.6204,18.64],[83.6221,18.6372],[83.6218,18.6295],[83.6229,18.6277],[83.6295,18.6246],[83.6351,18.6141],[83.6342,18.6094],[83.6354,18.6051],[83.6398,18.6028],[83.6442,18.5978],[83.6448,18.5926],[83.6485,18.5897],[83.6545,18.5875],[83.6611,18.5824],[83.6674,18.5805],[83.6809,18.5831],[83.689,18.5803],[83.6941,18.5753],[83.7008,18.5704],[83.7084,18.5698],[83.713,18.5709],[83.7203,18.5709],[83.7212,18.5694],[83.7196,18.5618],[83.7248,18.5597],[83.7285,18.5616],[83.7303,18.5661],[83.735,18.5695],[83.7416,18.5786],[83.7434,18.5831],[83.7532,18.5824],[83.7563,18.5795],[83.7542,18.5729],[83.7553,18.5692],[83.7589,18.5665],[83.7678,18.5667],[83.7694,18.5697],[83.7689,18.577],[83.7759,18.5805],[83.7773,18.5869],[83.7747,18.5903],[83.7784,18.5985],[83.781,18.6],[83.7875,18.5997],[83.7879,18.6042],[83.794,18.6065],[83.7933,18.614],[83.7911,18.6148],[83.7848,18.6126],[83.7827,18.6152],[83.7823,18.6196],[83.7883,18.6237],[83.7885,18.6276],[83.7971,18.6326],[83.7996,18.635],[83.8027,18.6297],[83.8053,18.6289],[83.8114,18.623],[83.8138,18.623],[83.8169,18.6187],[83.8235,18.6144],[83.8257,18.6144],[83.8319,18.6016],[83.833,18.583],[83.8309,18.5722],[83.8325,18.5682],[83.8243,18.563],[83.8245,18.5577],[83.8303,18.5535],[83.8363,18.5415],[83.8393,18.5408],[83.8425,18.5442],[83.8489,18.5375],[83.8519,18.5326],[83.8582,18.531],[83.8593,18.5332],[83.8664,18.5364],[83.8623,18.5397],[83.8637,18.5427],[83.8685,18.543],[83.8678,18.5486],[83.8748,18.5478],[83.8791,18.5524],[83.8812,18.5506],[83.8822,18.5453],[83.8854,18.54],[83.8886,18.5415],[83.8927,18.5398],[83.8993,18.534],[83.9048,18.5329],[83.9072,18.5346],[83.9068,18.5386],[83.9142,18.5408],[83.9141,18.5517],[83.9074,18.5555],[83.9063,18.5601],[83.9041,18.5619],[83.9063,18.5662],[83.9116,18.5645],[83.9137,18.5677],[83.9106,18.5811],[83.9076,18.5852],[83.9037,18.5878],[83.903,18.5908],[83.8984,18.594],[83.9009,18.5959],[83.8997,18.6004],[83.8931,18.5981],[83.8939,18.6082],[83.8925,18.6127],[83.8876,18.6159],[83.8863,18.6197],[83.8922,18.6213],[83.892,18.6265],[83.8869,18.6309],[83.889,18.6346],[83.8829,18.6356],[83.8782,18.6404],[83.8698,18.6467],[83.8577,18.6588],[83.8488,18.685],[83.8401,18.6926],[83.8406,18.6976],[83.8371,18.7043],[83.8377,18.7227],[83.8339,18.7266],[83.8371,18.7296],[83.8382,18.7336],[83.8509,18.733],[83.8613,18.7372],[83.8654,18.7427],[83.8709,18.7446],[83.8734,18.7408],[83.8767,18.7389],[83.883,18.7417],[83.8804,18.7472],[83.8741,18.7472],[83.8709,18.7519],[83.8717,18.7608],[83.8693,18.7645],[83.8653,18.7665],[83.8625,18.7632],[83.8575,18.7655],[83.8547,18.7686],[83.8517,18.7655],[83.8479,18.7672],[83.8419,18.7674],[83.8366,18.7729],[83.8376,18.779],[83.8448,18.7818],[83.8476,18.7877],[83.8509,18.789],[83.8582,18.787],[83.8737,18.7902],[83.8775,18.7933],[83.8801,18.7925],[83.8885,18.7966],[83.886,18.8016],[83.8831,18.8015],[83.8781,18.8072],[83.8797,18.8085],[83.8804,18.8138],[83.8889,18.8105],[83.8937,18.8145]]]},"properties":{"district_name":"Parvathipuram Manyam","district_id":"parvathipuram_manyam","ST_NAME":"Andhra Pradesh"}},{"type":"Feature","geometry":{"type":"Polygon","coordinates":[[[79.8975,15.2793],[79.892,15.2824],[79.8847,15.2846],[79.8834,15.2812],[79.8875,15.2777],[79.9003,15.2743],[79.9058,15.2748],[79.9067,15.2773],[79.8975,15.2793]]]},"properties":{"district_name":"Prakasam","district_id":"prakasam","ST_NAME":"Andhra Pradesh"}},{"type":"Feature","geometry":{"type":"Polygon","coordinates":[[[80.2348,15.7692],[80.2452,15.7621],[80.2521,15.7586],[80.257,15.755],[80.2589,15.7581],[80.2677,15.7677],[80.2715,15.7706],[80.2696,15.7729],[80.2733,15.7788],[80.265,15.7854],[80.2579,15.7887],[80.2476,15.7978],[80.2249,15.8068],[80.224,15.804],[80.2253,15.7922],[80.2215,15.7818],[80.2221,15.7793],[80.2292,15.7744],[80.2348,15.7692]]]},"properties":{"district_name":"Prakasam","district_id":"prakasam","ST_NAME":"Andhra Pradesh"}},{"type":"Feature","geometry":{"type":"Polygon","coordinates":[[[79.8776,15.9248],[79.8697,15.9169],[79.8639,15.9176],[79.8565,15.9206],[79.8468,15.9229],[79.8489,15.9288],[79.8344,15.9321],[79.816,15.9369],[79.7998,15.9392],[79.7915,15.9415],[79.7895,15.9369],[79.7863,15.919],[79.7836,15.9154],[79.7752,15.9073],[79.7691,15.9077],[79.7635,15.9032],[79.762,15.8998],[79.755,15.8996],[79.7557,15.8959],[79.754,15.8893],[79.7553,15.8835],[79.753,15.8701],[79.7471,15.8592],[79.7518,15.8563],[79.7537,15.8474],[79.7642,15.8454],[79.773,15.842],[79.7706,15.8311],[79.771,15.8252],[79.7666,15.8267],[79.7637,15.8234],[79.7507,15.8258],[79.7432,15.8257],[79.7389,15.8271],[79.7332,15.8351],[79.7276,15.8361],[79.7189,15.8355],[79.7117,15.8371],[79.717,15.8455],[79.7197,15.859],[79.7159,15.8636],[79.7145,15.8673],[79.7024,15.8734],[79.6941,15.8762],[79.689,15.876],[79.69,15.8826],[79.6951,15.8945],[79.6933,15.8982],[79.6888,15.9001],[79.6871,15.8982],[79.6826,15.9012],[79.6819,15.9039],[79.6763,15.9037],[79.6705,15.9074],[79.6709,15.91],[79.6628,15.9176],[79.658,15.9183],[79.6555,15.921],[79.6494,15.9136],[79.6432,15.9113],[79.6355,15.9071],[79.6327,15.9102],[79.6286,15.9117],[79.6228,15.9167],[79.6149,15.9215],[79.6118,15.9224],[79.615,15.9297],[79.6145,15.9333],[79.6111,15.934],[79.6038,15.9381],[79.6005,15.9379],[79.5903,15.9408],[79.572,15.9373],[79.5589,15.9485],[79.5614,15.9552],[79.5596,15.9639],[79.5609,15.969],[79.5654,15.9788],[79.5682,15.9832],[79.5675,15.9857],[79.571,15.9966],[79.5723,16.0051],[79.5686,16.0085],[79.5659,16.009],[79.5628,16.0123],[79.5671,16.0177],[79.5611,16.029],[79.5634,16.0339],[79.5575,16.0441],[79.554,16.0485],[79.5527,16.0558],[79.5501,16.0596],[79.5476,16.0666],[79.5461,16.0745],[79.553,16.086],[79.5538,16.0895],[79.5532,16.0987],[79.5559,16.1008],[79.5539,16.1037],[79.5522,16.1132],[79.5475,16.1198],[79.5445,16.1202],[79.5436,16.1239],[79.5379,16.1335],[79.5385,16.1372],[79.5367,16.1417],[79.5395,16.1474],[79.5405,16.1559],[79.537,16.1603],[79.5361,16.1641],[79.5381,16.1709],[79.5424,16.1734],[79.5467,16.1733],[79.5519,16.1794],[79.5522,16.1843],[79.5557,16.1884],[79.5588,16.1943],[79.5604,16.2047],[79.5563,16.2143],[79.5582,16.2196],[79.5618,16.2227],[79.5631,16.2271],[79.5612,16.2326],[79.5626,16.237],[79.559,16.2425],[79.5606,16.2489],[79.5603,16.262],[79.5619,16.2683],[79.566,16.2775],[79.5636,16.2795],[79.5573,16.2805],[79.55,16.2846],[79.5426,16.2947],[79.5354,16.307],[79.5271,16.2985],[79.4995,16.2917],[79.4789,16.2924],[79.4722,16.2916],[79.4464,16.3039],[79.3896,16.2514],[79.3699,16.2338],[79.3366,16.2298],[79.3245,16.2294],[79.2951,16.2157],[79.2841,16.2096],[79.2614,16.1963],[79.2576,16.1948],[79.2484,16.1807],[79.2459,16.1789],[79.2206,16.164],[79.2143,16.1846],[79.2162,16.2258],[79.2146,16.2277],[79.21,16.2242],[79.2005,16.2212],[79.1918,16.2176],[79.1828,16.2155],[79.1698,16.2115],[79.1615,16.21],[79.1578,16.2104],[79.147,16.2145],[79.1391,16.2209],[79.1331,16.2246],[79.1276,16.2294],[79.1222,16.2327],[79.1176,16.2326],[79.1107,16.2306],[79.104,16.2245],[79.0993,16.2239],[79.0904,16.2273],[79.0857,16.2305],[79.0823,16.231],[79.0748,16.2278],[79.0714,16.2274],[79.0672,16.2299],[79.0604,16.2355],[79.0523,16.2394],[79.0437,16.2403],[79.0283,16.2433],[79.0131,16.2424],[79.009,16.2406],[79.0059,16.2368],[78.9994,16.2259],[78.9909,16.2154],[78.9857,16.2113],[78.9769,16.2107],[78.9698,16.2116],[78.9576,16.2085],[78.9441,16.2029],[78.9396,16.2023],[78.9309,16.1996],[78.9121,16.1892],[78.9069,16.1852],[78.904,16.1794],[78.905,16.1752],[78.9099,16.1667],[78.9128,16.1591],[78.9153,16.1487],[78.9232,16.1398],[78.9248,16.134],[78.9216,16.1229],[78.9291,16.0931],[78.9216,16.0454],[78.9171,16.0198],[78.9129,15.9938],[78.9095,15.9684],[78.9088,15.967],[78.8792,15.9438],[78.8619,15.9306],[78.8482,15.9175],[78.8376,15.908],[78.8176,15.8788],[78.81,15.8672],[78.8032,15.8301],[78.7906,15.7597],[78.7881,15.7514],[78.7829,15.7257],[78.7715,15.6643],[78.7694,15.6271],[78.7734,15.5752],[78.7759,15.5378],[78.776,15.5286],[78.7728,15.5026],[78.7731,15.4969],[78.7695,15.4657],[78.7712,15.4241],[78.7716,15.4205],[78.7613,15.3951],[78.7474,15.368],[78.7418,15.35],[78.7405,15.3419],[78.7367,15.3264],[78.7386,15.3186],[78.7389,15.3],[78.7387,15.2817],[78.7394,15.2709],[78.7386,15.2518],[78.7365,15.2444],[78.7366,15.2012],[78.7419,15.1837],[78.7574,15.1856],[78.7591,15.1858],[78.7778,15.2004],[78.8091,15.1994],[78.8507,15.1984],[78.864,15.1979],[78.8718,15.1982],[78.8781,15.1949],[78.886,15.1948],[78.8922,15.1923],[78.9035,15.1919],[78.9061,15.1881],[78.9196,15.1875],[78.9199,15.199],[78.9224,15.2038],[78.9218,15.2073],[78.9237,15.2162],[78.9262,15.2193],[78.9273,15.2288],[78.9374,15.2295],[78.9479,15.2287],[78.9497,15.2095],[78.9478,15.2038],[78.953,15.1975],[78.9566,15.1868],[78.9577,15.1764],[78.9676,15.1739],[78.9725,15.1688],[78.9817,15.1651],[78.9918,15.1691],[78.9995,15.167],[79.0017,15.1695],[79.0094,15.1686],[79.0117,15.1695],[79.0114,15.1755],[79.0171,15.1795],[79.0244,15.1794],[79.0409,15.1779],[79.0542,15.1758],[79.0755,15.1737],[79.083,15.1736],[79.0736,15.1655],[79.0721,15.1482],[79.0729,15.1328],[79.0753,15.1161],[79.0763,15.103],[79.0802,15.0946],[79.0805,15.0883],[79.0831,15.0823],[79.088,15.0604],[79.0895,15.0514],[79.0942,15.056],[79.0935,15.068],[79.1006,15.0745],[79.1002,15.0863],[79.1296,15.0884],[79.1298,15.0969],[79.1283,15.1019],[79.1367,15.1029],[79.1436,15.0999],[79.1524,15.0994],[79.1597,15.0934],[79.1646,15.092],[79.1727,15.0921],[79.1814,15.0889],[79.2144,15.0871],[79.247,15.1062],[79.2536,15.1081],[79.2621,15.1078],[79.2654,15.1064],[79.2656,15.0982],[79.2712,15.1011],[79.2799,15.1011],[79.2921,15.0995],[79.3091,15.095],[79.309,15.0915],[79.3132,15.0927],[79.3148,15.0956],[79.3152,15.1011],[79.3219,15.1082],[79.3242,15.1118],[79.3273,15.1131],[79.3271,15.1164],[79.3332,15.1162],[79.3356,15.1178],[79.3382,15.1147],[79.3364,15.1123],[79.3377,15.1087],[79.3357,15.1057],[79.3344,15.0981],[79.3284,15.1014],[79.3267,15.0978],[79.3282,15.0922],[79.3338,15.0908],[79.3371,15.0913],[79.3425,15.0866],[79.3461,15.088],[79.349,15.1025],[79.3512,15.1104],[79.3484,15.1157],[79.3521,15.1177],[79.3565,15.1136],[79.3599,15.1123],[79.3569,15.1047],[79.3576,15.1019],[79.3612,15.0982],[79.3678,15.0863],[79.3863,15.0862],[79.3932,15.0911],[79.3933,15.0871],[79.3907,15.0855],[79.3909,15.0761],[79.3959,15.0756],[79.4044,15.0787],[79.409,15.0755],[79.4131,15.0756],[79.4202,15.0737],[79.4169,15.0632],[79.4171,15.06],[79.4225,15.0572],[79.4277,15.0573],[79.4336,15.0559],[79.4387,15.056],[79.4492,15.0627],[79.4561,15.0639],[79.4622,15.0625],[79.4656,15.0676],[79.4686,15.0678],[79.4734,15.064],[79.4739,15.061],[79.4771,15.0572],[79.4882,15.0572],[79.4969,15.0558],[79.5017,15.0571],[79.5052,15.0539],[79.5045,15.0487],[79.5071,15.0461],[79.5149,15.044],[79.5199,15.0378],[79.5292,15.0382],[79.5323,15.0363],[79.5361,15.0315],[79.5421,15.0289],[79.5433,15.0263],[79.5493,15.0235],[79.555,15.024],[79.5581,15.0223],[79.5589,15.0268],[79.563,15.0327],[79.5642,15.0438],[79.5794,15.0435],[79.58,15.0367],[79.5846,15.0398],[79.5913,15.0408],[79.6,15.039],[79.6087,15.041],[79.6123,15.04],[79.6174,15.0354],[79.622,15.034],[79.6281,15.0351],[79.6291,15.0437],[79.6253,15.0454],[79.622,15.0506],[79.6178,15.0537],[79.6095,15.0556],[79.6081,15.0584],[79.6124,15.0668],[79.6162,15.0711],[79.6196,15.0778],[79.6238,15.0801],[79.6283,15.0892],[79.6288,15.0957],[79.633,15.1003],[79.63,15.1115],[79.6285,15.1134],[79.6293,15.1182],[79.6274,15.1274],[79.6261,15.1415],[79.6237,15.1488],[79.6304,15.1516],[79.6377,15.149],[79.6478,15.15],[79.6497,15.1542],[79.6465,15.1618],[79.6457,15.1723],[79.6379,15.1771],[79.6338,15.1768],[79.6314,15.1687],[79.629,15.1669],[79.6225,15.1656],[79.6217,15.1727],[79.6282,15.1888],[79.6314,15.2001],[79.6366,15.2103],[79.6418,15.2171],[79.6435,15.222],[79.6502,15.2351],[79.6536,15.2458],[79.6679,15.246],[79.6806,15.2491],[79.6821,15.2406],[79.6894,15.2346],[79.7111,15.2253],[79.7191,15.2194],[79.7373,15.2084],[79.7484,15.2041],[79.7537,15.2005],[79.7613,15.1975],[79.7723,15.1952],[79.7793,15.1969],[79.7878,15.2013],[79.7958,15.2037],[79.8032,15.2042],[79.8137,15.2102],[79.8136,15.2168],[79.8166,15.2162],[79.8231,15.2125],[79.8324,15.2105],[79.8385,15.2108],[79.8399,15.2217],[79.845,15.2412],[79.8501,15.2501],[79.8536,15.2589],[79.8574,15.2763],[79.8638,15.2766],[79.8652,15.2806],[79.8637,15.2882],[79.8679,15.2871],[79.8676,15.2948],[79.8663,15.296],[79.867,15.3037],[79.8647,15.3093],[79.8681,15.3096],[79.8778,15.3139],[79.8818,15.3138],[79.8859,15.3096],[79.8884,15.3041],[79.8936,15.3033],[79.8974,15.309],[79.9037,15.3158],[79.907,15.323],[79.9078,15.3298],[79.9129,15.3251],[79.912,15.3204],[79.9181,15.3108],[79.9177,15.3002],[79.9254,15.2993],[79.9314,15.3],[79.9388,15.3084],[79.9425,15.3164],[79.9471,15.3175],[79.952,15.3159],[79.956,15.3162],[79.9569,15.3129],[79.9552,15.3028],[79.9528,15.2952],[79.9533,15.2924],[79.96,15.2886],[79.9658,15.283],[79.9839,15.2733],[79.9832,15.2661],[79.9791,15.2579],[79.9763,15.2505],[79.9759,15.2459],[79.978,15.2386],[79.9761,15.2373],[79.9746,15.2269],[79.9712,15.2198],[79.9709,15.2167],[79.9745,15.2145],[79.974,15.2096],[79.9772,15.208],[79.9776,15.2025],[79.9763,15.1985],[79.9866,15.1955],[79.9914,15.1977],[79.9956,15.2021],[79.9987,15.2029],[80.0033,15.199],[80.0073,15.1997],[80.0114,15.2081],[80.0135,15.2153],[80.0181,15.2125],[80.0341,15.2153],[80.0401,15.2146],[80.0518,15.2085],[80.0582,15.2016],[80.0633,15.1997],[80.0691,15.2006],[80.0678,15.2033],[80.0694,15.2136],[80.0738,15.213],[80.08,15.2162],[80.0838,15.2159],[80.0895,15.2189],[80.0894,15.2338],[80.0882,15.2396],[80.0848,15.249],[80.0824,15.2531],[80.0823,15.2614],[80.0833,15.2703],[80.0862,15.2824],[80.0919,15.2978],[80.0984,15.3118],[80.1025,15.316],[80.1059,15.3244],[80.1076,15.3347],[80.1103,15.3458],[80.1127,15.3515],[80.1219,15.3682],[80.1272,15.3763],[80.1418,15.3958],[80.1635,15.4212],[80.1831,15.4423],[80.2001,15.4654],[80.208,15.4809],[80.2078,15.4853],[80.2107,15.4921],[80.2102,15.4943],[80.2132,15.4998],[80.2136,15.5052],[80.217,15.5202],[80.2217,15.5298],[80.2267,15.5379],[80.2279,15.5466],[80.2271,15.5507],[80.2271,15.5586],[80.232,15.5804],[80.2343,15.5877],[80.2375,15.6024],[80.2412,15.6112],[80.237,15.6115],[80.2193,15.6148],[80.213,15.6155],[80.1979,15.6183],[80.1807,15.6201],[80.1762,15.6212],[80.1746,15.624],[80.1748,15.6312],[80.1795,15.6367],[80.1768,15.6405],[80.1754,15.6461],[80.1722,15.6469],[80.1713,15.6501],[80.1746,15.6627],[80.1762,15.6664],[80.1778,15.6772],[80.1807,15.6875],[80.1866,15.6863],[80.1924,15.6939],[80.195,15.701],[80.193,15.7075],[80.1884,15.7097],[80.191,15.7146],[80.1943,15.7183],[80.1982,15.7259],[80.1966,15.7268],[80.2005,15.7332],[80.2029,15.7332],[80.2066,15.7381],[80.2095,15.7448],[80.2114,15.752],[80.2074,15.7543],[80.2048,15.7601],[80.2063,15.7641],[80.1973,15.7688],[80.1914,15.7639],[80.1875,15.7588],[80.1906,15.7551],[80.1879,15.7476],[80.1858,15.7367],[80.1831,15.7374],[80.1775,15.733],[80.1723,15.7243],[80.1656,15.7264],[80.1643,15.7199],[80.1514,15.6989],[80.1493,15.6976],[80.1408,15.6993],[80.1378,15.6907],[80.132,15.6931],[80.1259,15.7005],[80.1122,15.7005],[80.1112,15.6963],[80.1122,15.6895],[80.1194,15.6854],[80.1284,15.6826],[80.1234,15.6694],[80.1156,15.6698],[80.1111,15.6723],[80.0976,15.6757],[80.1003,15.6812],[80.0923,15.6831],[80.0876,15.6871],[80.0801,15.6857],[80.0744,15.6855],[80.0723,15.6827],[80.0692,15.6822],[80.0667,15.6928],[80.0633,15.6961],[80.057,15.6956],[80.0517,15.6987],[80.0491,15.7028],[80.036,15.7091],[80.034,15.7048],[80.0243,15.6907],[80.0253,15.688],[80.0238,15.6846],[80.019,15.6865],[80.0193,15.6913],[80.0069,15.6939],[79.9967,15.6973],[79.9899,15.7008],[79.9823,15.7],[79.9794,15.7009],[79.9746,15.7049],[79.974,15.709],[79.9713,15.7151],[79.9683,15.7144],[79.9655,15.7085],[79.9608,15.7101],[79.956,15.7091],[79.953,15.7049],[79.9513,15.6994],[79.9476,15.6992],[79.9424,15.7012],[79.9394,15.687],[79.9342,15.6886],[79.9285,15.6916],[79.9219,15.6937],[79.9116,15.7016],[79.8997,15.7005],[79.895,15.7063],[79.8921,15.7083],[79.8915,15.7142],[79.895,15.7172],[79.9002,15.7172],[79.9054,15.7217],[79.9077,15.7335],[79.9165,15.736],[79.9205,15.7468],[79.9189,15.752],[79.908,15.7628],[79.9123,15.7778],[79.9163,15.7844],[79.918,15.7931],[79.9171,15.8056],[79.9177,15.8122],[79.9166,15.8145],[79.9185,15.823],[79.9208,15.8294],[79.9293,15.8275],[79.9444,15.8316],[79.9425,15.8393],[79.9439,15.8443],[79.9481,15.8516],[79.9371,15.8541],[79.9279,15.8586],[79.9208,15.8656],[79.9058,15.8714],[79.9096,15.8784],[79.8994,15.8878],[79.8947,15.8885],[79.8944,15.8933],[79.8916,15.9005],[79.8947,15.9033],[79.8921,15.9083],[79.8862,15.9122],[79.8832,15.9179],[79.8805,15.9185],[79.8776,15.9248]]]},"properties":{"district_name":"Prakasam","district_id":"prakasam","ST_NAME":"Andhra Pradesh"}},{"type":"Feature","geometry":{"type":"Polygon","coordinates":[[[80.0895,15.2189],[80.0838,15.2159],[80.08,15.2162],[80.0738,15.213],[80.0694,15.2136],[80.0678,15.2033],[80.0691,15.2006],[80.0633,15.1997],[80.0582,15.2016],[80.0518,15.2085],[80.0401,15.2146],[80.0341,15.2153],[80.0181,15.2125],[80.0135,15.2153],[80.0114,15.2081],[80.0073,15.1997],[80.0033,15.199],[79.9987,15.2029],[79.9956,15.2021],[79.9914,15.1977],[79.9866,15.1955],[79.9763,15.1985],[79.9776,15.2025],[79.9772,15.208],[79.974,15.2096],[79.9745,15.2145],[79.9709,15.2167],[79.9712,15.2198],[79.9746,15.2269],[79.9761,15.2373],[79.978,15.2386],[79.9759,15.2459],[79.9763,15.2505],[79.9791,15.2579],[79.9832,15.2661],[79.9839,15.2733],[79.9658,15.283],[79.96,15.2886],[79.9533,15.2924],[79.9528,15.2952],[79.9552,15.3028],[79.9569,15.3129],[79.956,15.3162],[79.952,15.3159],[79.9471,15.3175],[79.9425,15.3164],[79.9388,15.3084],[79.9314,15.3],[79.9254,15.2993],[79.9177,15.3002],[79.9181,15.3108],[79.912,15.3204],[79.9129,15.3251],[79.9078,15.3298],[79.907,15.323],[79.9037,15.3158],[79.8974,15.309],[79.8936,15.3033],[79.8884,15.3041],[79.8859,15.3096],[79.8818,15.3138],[79.8778,15.3139],[79.8681,15.3096],[79.8647,15.3093],[79.867,15.3037],[79.8663,15.296],[79.8676,15.2948],[79.8679,15.2871],[79.8637,15.2882],[79.8652,15.2806],[79.8638,15.2766],[79.8574,15.2763],[79.8536,15.2589],[79.8501,15.2501],[79.845,15.2412],[79.8399,15.2217],[79.8385,15.2108],[79.8324,15.2105],[79.8231,15.2125],[79.8166,15.2162],[79.8136,15.2168],[79.8137,15.2102],[79.8032,15.2042],[79.7958,15.2037],[79.7878,15.2013],[79.7793,15.1969],[79.7723,15.1952],[79.7613,15.1975],[79.7537,15.2005],[79.7484,15.2041],[79.7373,15.2084],[79.7191,15.2194],[79.7111,15.2253],[79.6894,15.2346],[79.6821,15.2406],[79.6806,15.2491],[79.6679,15.246],[79.6536,15.2458],[79.6502,15.2351],[79.6435,15.222],[79.6418,15.2171],[79.6366,15.2103],[79.6314,15.2001],[79.6282,15.1888],[79.6217,15.1727],[79.6225,15.1656],[79.629,15.1669],[79.6314,15.1687],[79.6338,15.1768],[79.6379,15.1771],[79.6457,15.1723],[79.6465,15.1618],[79.6497,15.1542],[79.6478,15.15],[79.6377,15.149],[79.6304,15.1516],[79.6237,15.1488],[79.6261,15.1415],[79.6274,15.1274],[79.6293,15.1182],[79.6285,15.1134],[79.63,15.1115],[79.633,15.1003],[79.6288,15.0957],[79.6283,15.0892],[79.6238,15.0801],[79.6196,15.0778],[79.6162,15.0711],[79.6124,15.0668],[79.6081,15.0584],[79.6095,15.0556],[79.6178,15.0537],[79.622,15.0506],[79.6253,15.0454],[79.6291,15.0437],[79.6281,15.0351],[79.622,15.034],[79.6174,15.0354],[79.6123,15.04],[79.6087,15.041],[79.6,15.039],[79.5913,15.0408],[79.5846,15.0398],[79.58,15.0367],[79.5794,15.0435],[79.5642,15.0438],[79.563,15.0327],[79.5589,15.0268],[79.5581,15.0223],[79.555,15.024],[79.5493,15.0235],[79.5433,15.0263],[79.5421,15.0289],[79.5361,15.0315],[79.5323,15.0363],[79.5292,15.0382],[79.5199,15.0378],[79.5149,15.044],[79.5071,15.0461],[79.5045,15.0487],[79.5052,15.0539],[79.5017,15.0571],[79.4969,15.0558],[79.4882,15.0572],[79.4771,15.0572],[79.4739,15.061],[79.4734,15.064],[79.4686,15.0678],[79.4656,15.0676],[79.4622,15.0625],[79.4561,15.0639],[79.4492,15.0627],[79.4387,15.056],[79.4336,15.0559],[79.4277,15.0573],[79.4225,15.0572],[79.4171,15.06],[79.4169,15.0632],[79.4202,15.0737],[79.4131,15.0756],[79.409,15.0755],[79.4044,15.0787],[79.3959,15.0756],[79.3909,15.0761],[79.3907,15.0855],[79.3933,15.0871],[79.3932,15.0911],[79.3863,15.0862],[79.3678,15.0863],[79.3612,15.0982],[79.3576,15.1019],[79.3569,15.1047],[79.3599,15.1123],[79.3565,15.1136],[79.3521,15.1177],[79.3484,15.1157],[79.3512,15.1104],[79.349,15.1025],[79.3461,15.088],[79.3425,15.0866],[79.3371,15.0913],[79.3338,15.0908],[79.3282,15.0922],[79.3267,15.0978],[79.3284,15.1014],[79.3344,15.0981],[79.3357,15.1057],[79.3377,15.1087],[79.3364,15.1123],[79.3382,15.1147],[79.3356,15.1178],[79.3332,15.1162],[79.3271,15.1164],[79.3273,15.1131],[79.3242,15.1118],[79.3219,15.1082],[79.3152,15.1011],[79.3148,15.0956],[79.3132,15.0927],[79.309,15.0915],[79.3091,15.095],[79.2921,15.0995],[79.2799,15.1011],[79.2712,15.1011],[79.2656,15.0982],[79.2654,15.1064],[79.2621,15.1078],[79.2536,15.1081],[79.247,15.1062],[79.2144,15.0871],[79.1814,15.0889],[79.1727,15.0921],[79.1646,15.092],[79.1597,15.0934],[79.1524,15.0994],[79.1436,15.0999],[79.1367,15.1029],[79.1283,15.1019],[79.1298,15.0969],[79.1296,15.0884],[79.1002,15.0863],[79.1006,15.0745],[79.0935,15.068],[79.0942,15.056],[79.0895,15.0514],[79.0861,15.0379],[79.0866,15.0345],[79.0839,15.0175],[79.0868,15.0037],[79.0834,14.9958],[79.0833,14.9921],[79.081,14.9852],[79.0834,14.9746],[79.0874,14.9634],[79.0883,14.9567],[79.0926,14.935],[79.0985,14.9196],[79.1007,14.9125],[79.1012,14.9075],[79.1039,14.9009],[79.1113,14.9012],[79.1079,14.8975],[79.125,14.8784],[79.1319,14.872],[79.1342,14.8673],[79.1407,14.8484],[79.1425,14.8336],[79.1439,14.8288],[79.1443,14.8204],[79.1471,14.8135],[79.1505,14.7954],[79.1558,14.7907],[79.1603,14.7827],[79.1613,14.7719],[79.1662,14.7648],[79.1691,14.7535],[79.1687,14.7467],[79.1713,14.742],[79.1778,14.7339],[79.1855,14.7133],[79.184,14.6909],[79.1737,14.6845],[79.1793,14.6807],[79.1787,14.6753],[79.1814,14.671],[79.179,14.6662],[79.1832,14.6657],[79.1841,14.6616],[79.1867,14.6592],[79.1819,14.6515],[79.1814,14.646],[79.1828,14.6407],[79.1869,14.6302],[79.1891,14.6185],[79.1977,14.6171],[79.2,14.6157],[79.2027,14.6063],[79.2089,14.6047],[79.213,14.5961],[79.2163,14.5921],[79.2199,14.5904],[79.2235,14.5965],[79.2296,14.6041],[79.236,14.6006],[79.2419,14.5947],[79.244,14.5877],[79.2474,14.5825],[79.2484,14.5729],[79.2548,14.5624],[79.2589,14.557],[79.2677,14.5523],[79.2712,14.5443],[79.2782,14.5341],[79.2804,14.5228],[79.2842,14.5146],[79.2856,14.5084],[79.2887,14.5005],[79.2927,14.4966],[79.2931,14.4865],[79.302,14.486],[79.3069,14.4851],[79.3109,14.4801],[79.3154,14.4791],[79.3176,14.4743],[79.3267,14.4589],[79.3247,14.4572],[79.3273,14.4367],[79.3299,14.4277],[79.3357,14.4186],[79.3418,14.4136],[79.3432,14.4094],[79.3487,14.4064],[79.3491,14.4013],[79.3514,14.3971],[79.3558,14.3923],[79.3592,14.3828],[79.3636,14.3807],[79.3649,14.3733],[79.3675,14.3706],[79.3667,14.3611],[79.3648,14.3588],[79.3664,14.3523],[79.3756,14.3481],[79.381,14.3465],[79.3895,14.3421],[79.397,14.3281],[79.3998,14.32],[79.4166,14.2895],[79.4215,14.2813],[79.4195,14.2779],[79.4198,14.2659],[79.4273,14.2522],[79.4305,14.2501],[79.4357,14.2443],[79.4318,14.2378],[79.4303,14.2327],[79.4251,14.2222],[79.4258,14.2146],[79.4227,14.2076],[79.4246,14.2007],[79.4291,14.1946],[79.4284,14.1858],[79.4662,14.1826],[79.4818,14.1807],[79.4882,14.1812],[79.4932,14.1785],[79.4991,14.1781],[79.5071,14.1754],[79.5208,14.1745],[79.529,14.173],[79.5318,14.1716],[79.542,14.1626],[79.5471,14.1608],[79.5525,14.1567],[79.5627,14.1538],[79.5749,14.1478],[79.5824,14.1464],[79.5882,14.1428],[79.5921,14.1379],[79.5996,14.1327],[79.6005,14.1278],[79.5995,14.1205],[79.6062,14.1184],[79.6073,14.1157],[79.6116,14.1157],[79.6159,14.1133],[79.6186,14.1138],[79.6227,14.1112],[79.6284,14.1103],[79.6304,14.1071],[79.6408,14.1136],[79.642,14.1162],[79.6425,14.1252],[79.6412,14.1412],[79.6398,14.1419],[79.6404,14.1531],[79.6487,14.1547],[79.6564,14.1545],[79.6593,14.1509],[79.6653,14.1507],[79.6626,14.1437],[79.666,14.1259],[79.6683,14.1213],[79.6734,14.1216],[79.6811,14.1195],[79.6876,14.116],[79.6986,14.114],[79.7079,14.1097],[79.7221,14.1146],[79.7244,14.1174],[79.7281,14.1254],[79.7332,14.1269],[79.7348,14.1309],[79.7339,14.1353],[79.7378,14.1363],[79.7419,14.1458],[79.745,14.1561],[79.7475,14.1569],[79.7531,14.1669],[79.7613,14.1683],[79.7637,14.1754],[79.7712,14.1775],[79.7769,14.181],[79.7784,14.1844],[79.7882,14.182],[79.793,14.1839],[79.8006,14.1836],[79.8011,14.1887],[79.7944,14.2004],[79.7988,14.2055],[79.7966,14.2097],[79.79,14.2103],[79.79,14.2175],[79.7878,14.2178],[79.7807,14.223],[79.7745,14.2247],[79.7754,14.233],[79.7804,14.2406],[79.7886,14.2498],[79.7916,14.26],[79.7961,14.2607],[79.8001,14.2667],[79.8076,14.2627],[79.8123,14.2614],[79.8178,14.2553],[79.8138,14.2521],[79.8145,14.2492],[79.8186,14.2439],[79.8176,14.2421],[79.8172,14.2335],[79.8181,14.2264],[79.8269,14.2226],[79.8349,14.2177],[79.84,14.2172],[79.8482,14.21],[79.8497,14.2051],[79.848,14.199],[79.8509,14.1927],[79.8534,14.1901],[79.8575,14.1799],[79.856,14.1765],[79.8655,14.1703],[79.8695,14.1698],[79.8755,14.1659],[79.8797,14.1647],[79.8893,14.1584],[79.8964,14.1586],[79.9003,14.1603],[79.9043,14.158],[79.9055,14.1543],[79.9135,14.1524],[79.9128,14.1497],[79.9193,14.1471],[79.9314,14.1453],[79.9333,14.1431],[79.9374,14.1441],[79.9413,14.1507],[79.9429,14.1594],[79.947,14.1619],[79.9498,14.1558],[79.9537,14.1531],[79.958,14.1569],[79.9608,14.1573],[79.9644,14.1612],[79.9675,14.1602],[79.9687,14.1651],[79.9734,14.1686],[79.9757,14.1721],[79.973,14.1768],[79.9774,14.1867],[79.9824,14.1854],[79.9858,14.1929],[79.9896,14.1929],[79.9887,14.1817],[79.9919,14.1831],[79.9955,14.1888],[79.9993,14.1905],[80.0027,14.1853],[80.0055,14.1877],[80.0043,14.1903],[80.0078,14.1946],[80.0166,14.1968],[80.0203,14.1944],[80.0215,14.1907],[80.021,14.1854],[80.0253,14.1854],[80.0303,14.1901],[80.035,14.1928],[80.0357,14.1949],[80.0297,14.1971],[80.0307,14.2032],[80.0346,14.2034],[80.039,14.1991],[80.0474,14.1981],[80.0492,14.1999],[80.0497,14.208],[80.0557,14.2121],[80.057,14.218],[80.0606,14.212],[80.0638,14.2093],[80.0671,14.2103],[80.0691,14.2157],[80.0692,14.2202],[80.0708,14.2244],[80.0757,14.2248],[80.0864,14.2283],[80.0977,14.2302],[80.1061,14.2373],[80.1011,14.2412],[80.0984,14.2524],[80.1015,14.2549],[80.1238,14.2517],[80.1389,14.2584],[80.1391,14.2696],[80.1429,14.2868],[80.1475,14.3012],[80.1521,14.3131],[80.1569,14.3234],[80.1591,14.3296],[80.1647,14.3399],[80.1686,14.3553],[80.1694,14.3628],[80.1717,14.3742],[80.1725,14.3932],[80.1731,14.3998],[80.1734,14.4241],[80.1756,14.4532],[80.1777,14.4773],[80.1795,14.5092],[80.1823,14.5219],[80.1829,14.5317],[80.1849,14.5397],[80.1853,14.5465],[80.1871,14.5509],[80.1947,14.578],[80.1948,14.5861],[80.1918,14.5923],[80.1871,14.5975],[80.1782,14.6036],[80.1712,14.6121],[80.1663,14.6233],[80.162,14.6358],[80.1513,14.6685],[80.1441,14.6983],[80.1417,14.7047],[80.1368,14.7084],[80.1333,14.7181],[80.1313,14.7215],[80.1222,14.7299],[80.1187,14.7354],[80.1116,14.743],[80.1058,14.7572],[80.1045,14.7627],[80.0998,14.7736],[80.0952,14.7905],[80.0914,14.8131],[80.0888,14.824],[80.0873,14.8381],[80.0869,14.8619],[80.0856,14.8762],[80.0844,14.8836],[80.0782,14.9021],[80.0729,14.9196],[80.0691,14.9272],[80.0664,14.9403],[80.0641,14.9478],[80.0622,14.9621],[80.0591,14.9759],[80.0584,14.9833],[80.0557,14.9957],[80.0556,15.0011],[80.0528,15.0121],[80.0524,15.0213],[80.0505,15.0369],[80.0503,15.044],[80.0489,15.0583],[80.0489,15.0677],[80.0473,15.0736],[80.0471,15.0831],[80.0487,15.0932],[80.0557,15.1238],[80.0655,15.1536],[80.0704,15.1657],[80.0795,15.1809],[80.0843,15.1926],[80.0877,15.206],[80.0896,15.2155],[80.0895,15.2189]],[[79.8975,15.2793],[79.9067,15.2773],[79.9058,15.2748],[79.9003,15.2743],[79.8875,15.2777],[79.8834,15.2812],[79.8847,15.2846],[79.892,15.2824],[79.8975,15.2793]]]},"properties":{"district_name":"SPSR Nellore","district_id":"sri_potti_sriramulu_nellore","ST_NAME":"Andhra Pradesh"}},{"type":"Feature","geometry":{"type":"Polygon","coordinates":[[[77.9823,14.5672],[77.9874,14.5663],[77.9874,14.5844],[77.9822,14.5955],[77.9881,14.6066],[77.9883,14.6111],[77.991,14.6117],[77.9805,14.6217],[77.9748,14.6237],[77.9678,14.624],[77.9626,14.6279],[77.9579,14.6353],[77.9511,14.6363],[77.9443,14.6355],[77.94,14.6382],[77.9367,14.6378],[77.9314,14.6398],[77.9208,14.6419],[77.9139,14.6414],[77.9087,14.6443],[77.8987,14.6434],[77.8948,14.6454],[77.8939,14.6485],[77.8847,14.6481],[77.8794,14.6438],[77.8754,14.6464],[77.8746,14.6507],[77.8702,14.6544],[77.8625,14.6446],[77.8595,14.6422],[77.8525,14.6407],[77.8503,14.638],[77.8538,14.6349],[77.8539,14.6194],[77.8562,14.6181],[77.8558,14.6141],[77.8496,14.6132],[77.8492,14.615],[77.8403,14.6129],[77.8419,14.6108],[77.8468,14.6117],[77.8517,14.6098],[77.8553,14.6057],[77.8521,14.6005],[77.8461,14.5987],[77.8251,14.6058],[77.823,14.6029],[77.8192,14.6038],[77.8177,14.6014],[77.8139,14.6073],[77.8063,14.6134],[77.8045,14.6161],[77.7997,14.6125],[77.7952,14.6134],[77.7786,14.6003],[77.7736,14.5957],[77.7614,14.5942],[77.7583,14.597],[77.7542,14.595],[77.7387,14.5925],[77.7344,14.5891],[77.7387,14.5863],[77.7364,14.5767],[77.7289,14.5748],[77.7231,14.5776],[77.721,14.5798],[77.7148,14.5761],[77.7121,14.5718],[77.7091,14.5582],[77.7061,14.556],[77.7053,14.5489],[77.7026,14.5439],[77.6962,14.5401],[77.6937,14.5375],[77.6879,14.5367],[77.6758,14.5378],[77.6694,14.5413],[77.6665,14.5411],[77.6545,14.5363],[77.6543,14.5316],[77.6525,14.528],[77.6498,14.5183],[77.6543,14.5192],[77.6641,14.5156],[77.6774,14.5057],[77.677,14.4983],[77.6687,14.4893],[77.6611,14.4838],[77.6556,14.4829],[77.6448,14.4895],[77.6379,14.4902],[77.6343,14.4896],[77.6306,14.4832],[77.6237,14.4791],[77.6163,14.4784],[77.6139,14.4695],[77.6102,14.4607],[77.6032,14.4595],[77.5942,14.4608],[77.5849,14.4605],[77.5808,14.4594],[77.581,14.4547],[77.5733,14.456],[77.5715,14.4529],[77.5687,14.4535],[77.5715,14.4598],[77.5711,14.4626],[77.5529,14.4627],[77.5473,14.4598],[77.5375,14.4685],[77.5316,14.4759],[77.5333,14.4803],[77.5329,14.4839],[77.5305,14.4861],[77.5181,14.4896],[77.5179,14.4877],[77.5126,14.4833],[77.5037,14.4792],[77.5038,14.4812],[77.4925,14.4745],[77.4916,14.4719],[77.479,14.4796],[77.4848,14.4899],[77.4822,14.4918],[77.4785,14.4972],[77.4791,14.5023],[77.4759,14.5065],[77.4723,14.5149],[77.4739,14.5218],[77.4777,14.5327],[77.4771,14.5445],[77.473,14.5566],[77.4697,14.5556],[77.4716,14.5651],[77.4715,14.5703],[77.4641,14.5723],[77.4597,14.5672],[77.4523,14.5651],[77.4477,14.5604],[77.4355,14.5568],[77.4265,14.5531],[77.4165,14.5514],[77.4131,14.5517],[77.407,14.5502],[77.3988,14.5539],[77.39,14.5541],[77.3867,14.5522],[77.3867,14.5493],[77.3828,14.5488],[77.3809,14.5456],[77.3773,14.5463],[77.3741,14.5438],[77.3563,14.5393],[77.3579,14.53],[77.3672,14.5165],[77.3684,14.5123],[77.3708,14.5097],[77.3774,14.4983],[77.3615,14.4864],[77.3595,14.4822],[77.3609,14.4728],[77.3633,14.4666],[77.3632,14.4622],[77.3553,14.4614],[77.3509,14.4598],[77.3493,14.4567],[77.3329,14.4527],[77.3348,14.446],[77.3319,14.444],[77.3265,14.4368],[77.3245,14.4361],[77.3225,14.4269],[77.3217,14.4186],[77.3193,14.411],[77.3195,14.397],[77.3183,14.3894],[77.3177,14.3778],[77.3208,14.3713],[77.3265,14.3689],[77.3262,14.3614],[77.3276,14.3578],[77.3328,14.353],[77.3308,14.349],[77.3275,14.3471],[77.3294,14.3429],[77.3286,14.3383],[77.3251,14.3358],[77.3179,14.3356],[77.3194,14.3282],[77.3182,14.3225],[77.3203,14.3118],[77.3262,14.3093],[77.3334,14.3093],[77.3349,14.3048],[77.3417,14.3048],[77.3462,14.3032],[77.3466,14.3083],[77.3496,14.3085],[77.3505,14.2985],[77.3572,14.2956],[77.356,14.293],[77.3584,14.2889],[77.357,14.2859],[77.3564,14.2799],[77.3576,14.2766],[77.3639,14.2758],[77.362,14.2701],[77.363,14.2664],[77.3624,14.2597],[77.3637,14.2533],[77.3601,14.2453],[77.3595,14.234],[77.3664,14.2329],[77.3776,14.2281],[77.3842,14.221],[77.3831,14.2081],[77.387,14.2027],[77.3871,14.2],[77.3926,14.1988],[77.4008,14.2032],[77.4103,14.2057],[77.4144,14.2049],[77.4183,14.2091],[77.4187,14.2154],[77.4172,14.2219],[77.4177,14.2258],[77.4121,14.2277],[77.4097,14.2319],[77.409,14.2443],[77.4095,14.2518],[77.4054,14.2667],[77.3994,14.2659],[77.3887,14.2695],[77.3871,14.2731],[77.3893,14.2774],[77.3867,14.2817],[77.3852,14.2927],[77.3828,14.2976],[77.3779,14.3014],[77.3771,14.3076],[77.3785,14.3127],[77.3791,14.3227],[77.3856,14.3279],[77.3891,14.3331],[77.3942,14.3366],[77.3988,14.3362],[77.4065,14.3377],[77.4122,14.3365],[77.4172,14.3319],[77.4231,14.3282],[77.4284,14.3286],[77.4284,14.3245],[77.4316,14.3129],[77.4381,14.3164],[77.4463,14.3175],[77.4467,14.3066],[77.4452,14.2952],[77.4466,14.293],[77.4482,14.2826],[77.4503,14.2807],[77.4563,14.2799],[77.4661,14.2831],[77.4745,14.2896],[77.479,14.2922],[77.4832,14.2907],[77.4872,14.2817],[77.4908,14.2813],[77.4928,14.2781],[77.4983,14.2788],[77.5014,14.269],[77.5039,14.2637],[77.5014,14.2512],[77.4983,14.2449],[77.4963,14.2368],[77.4924,14.235],[77.4958,14.232],[77.4944,14.2246],[77.497,14.2185],[77.5044,14.2104],[77.5025,14.2053],[77.5042,14.1977],[77.5067,14.1925],[77.5182,14.1855],[77.5092,14.1681],[77.5053,14.1577],[77.5033,14.1576],[77.4908,14.1627],[77.4881,14.162],[77.4809,14.1651],[77.4681,14.1653],[77.4671,14.172],[77.4569,14.17],[77.4451,14.1721],[77.4302,14.1708],[77.4226,14.1733],[77.4228,14.1769],[77.4157,14.1762],[77.4089,14.1735],[77.3938,14.1741],[77.3917,14.1728],[77.3947,14.1689],[77.3949,14.1607],[77.3893,14.1596],[77.3882,14.1536],[77.3851,14.1531],[77.3833,14.1439],[77.379,14.1359],[77.3645,14.1317],[77.3575,14.1302],[77.352,14.1311],[77.3511,14.1267],[77.3514,14.1198],[77.3474,14.1036],[77.3498,14.103],[77.3535,14.1097],[77.3619,14.1154],[77.3711,14.1185],[77.3764,14.119],[77.3803,14.1225],[77.391,14.1267],[77.3974,14.1253],[77.3973,14.1232],[77.4012,14.12],[77.3975,14.1095],[77.3887,14.0992],[77.3854,14.0976],[77.3812,14.0979],[77.378,14.087],[77.378,14.0839],[77.374,14.0773],[77.3638,14.073],[77.3602,14.0622],[77.3562,14.0626],[77.3457,14.0596],[77.3404,14.0602],[77.3353,14.0465],[77.3323,14.0306],[77.3364,14.029],[77.3478,14.0267],[77.3558,14.0236],[77.3854,14.0158],[77.3903,14.0166],[77.3882,14.0064],[77.3827,13.9949],[77.3796,13.9903],[77.3799,13.9835],[77.3815,13.9761],[77.3866,13.9794],[77.3957,13.9837],[77.4103,13.9839],[77.4259,13.9861],[77.427,13.9806],[77.4318,13.9805],[77.4365,13.9781],[77.4379,13.9749],[77.4349,13.9655],[77.4352,13.9585],[77.4375,13.9556],[77.4355,13.9479],[77.4308,13.9455],[77.4234,13.9462],[77.4194,13.9452],[77.412,13.946],[77.4149,13.9366],[77.416,13.9241],[77.4256,13.9212],[77.4349,13.9197],[77.4351,13.9154],[77.4324,13.9109],[77.4284,13.9095],[77.4285,13.9063],[77.4229,13.9032],[77.4206,13.8997],[77.4107,13.8967],[77.4056,13.8899],[77.3988,13.8885],[77.4,13.8969],[77.3978,13.9064],[77.3873,13.9064],[77.3767,13.9052],[77.3701,13.9036],[77.3602,13.9033],[77.3545,13.9045],[77.3529,13.9137],[77.3477,13.916],[77.3522,13.9257],[77.3552,13.9308],[77.3603,13.937],[77.3651,13.9443],[77.368,13.9503],[77.3715,13.9532],[77.3496,13.9585],[77.354,13.9633],[77.3518,13.9675],[77.3555,13.978],[77.3593,13.9838],[77.361,13.991],[77.3447,13.9954],[77.3363,13.9959],[77.3354,13.9984],[77.337,14.0049],[77.3343,14.0092],[77.3279,14.0158],[77.3236,14.0221],[77.3216,14.0268],[77.3222,14.03],[77.3108,14.0325],[77.3057,14.0317],[77.3015,14.0278],[77.3014,14.0253],[77.2922,14.0204],[77.282,14.0133],[77.2751,14.0117],[77.2793,14.026],[77.2788,14.0324],[77.2773,14.0347],[77.2699,14.0344],[77.2628,14.0286],[77.2603,14.0286],[77.2562,14.0219],[77.2478,14.0171],[77.2454,14.0119],[77.2198,14.0136],[77.2157,14.0109],[77.2114,14.0112],[77.2051,14.0083],[77.1935,14.0096],[77.1877,14.0116],[77.174,14.013],[77.1709,14.012],[77.1729,14.0009],[77.1518,14.0004],[77.1411,14.0039],[77.1417,14.0132],[77.1401,14.0187],[77.1364,14.0229],[77.1318,14.0439],[77.1274,14.047],[77.1232,14.047],[77.1054,14.0451],[77.1024,14.0452],[77.0951,14.0424],[77.0789,14.0426],[77.0753,14.0435],[77.0761,14.0533],[77.0688,14.0521],[77.054,14.0544],[77.0502,14.0559],[77.0416,14.0569],[77.0349,14.0561],[77.0316,14.0569],[77.0256,14.0661],[77.0291,14.0792],[77.0298,14.0882],[77.023,14.0927],[77.0147,14.1],[77.0152,14.1026],[77.0241,14.1126],[77.0218,14.1232],[77.0262,14.125],[77.0259,14.1299],[77.0202,14.1313],[77.0207,14.1492],[77.0218,14.1519],[77.0204,14.1572],[77.026,14.1748],[77.0221,14.1774],[77.0123,14.1807],[77.0055,14.184],[77,14.1816],[76.9992,14.1797],[76.9841,14.1778],[76.9699,14.1816],[76.9634,14.1806],[76.9609,14.1815],[76.9587,14.1873],[76.9531,14.1915],[76.949,14.1973],[76.9443,14.1942],[76.9441,14.1896],[76.9458,14.185],[76.9436,14.181],[76.9435,14.174],[76.9424,14.1722],[76.9251,14.1689],[76.9212,14.1637],[76.9137,14.1666],[76.9007,14.1676],[76.8963,14.1669],[76.8946,14.1625],[76.8936,14.1525],[76.8915,14.141],[76.8886,14.1362],[76.8902,14.1348],[76.8999,14.134],[76.9069,14.1328],[76.9143,14.1278],[76.9189,14.1278],[76.9265,14.1364],[76.9329,14.13],[76.9376,14.1278],[76.9386,14.1232],[76.9456,14.1201],[76.9487,14.1119],[76.9538,14.1042],[76.9552,14.0999],[76.952,14.0917],[76.9611,14.0911],[76.9731,14.0838],[76.9767,14.08],[76.9773,14.0728],[76.9791,14.07],[76.9784,14.0654],[76.9737,14.0579],[76.9628,14.0573],[76.9541,14.0538],[76.9494,14.0529],[76.9351,14.0536],[76.9341,14.0517],[76.9358,14.0431],[76.9331,14.0318],[76.9378,14.0319],[76.9412,14.0288],[76.9448,14.0292],[76.9464,14.0211],[76.9512,14.0148],[76.9584,14.0117],[76.9673,14.0107],[76.9806,14.0029],[76.991,13.9943],[76.9982,13.9897],[77.0003,13.9895],[77.0003,13.9841],[76.9974,13.9738],[76.9956,13.9632],[76.9967,13.9614],[77.0063,13.9565],[77.0142,13.9549],[77.0171,13.9494],[77.0244,13.94],[77.037,13.937],[77.0417,13.9334],[77.0417,13.9281],[77.044,13.9193],[77.0442,13.9148],[77.0473,13.9066],[77.0441,13.9057],[77.0337,13.9054],[77.023,13.9026],[77.0232,13.8959],[77.0206,13.8924],[77.0203,13.8884],[77.0163,13.8844],[77.0185,13.8725],[77.0132,13.8715],[77.0132,13.8635],[77.0142,13.8603],[77.0065,13.8521],[76.9965,13.8489],[76.9923,13.8489],[76.9908,13.8403],[76.987,13.8327],[76.9822,13.8285],[76.9783,13.827],[76.9763,13.8182],[76.9778,13.8168],[76.9863,13.8143],[76.9897,13.8115],[76.9917,13.8034],[76.9882,13.7933],[76.9852,13.7906],[76.9888,13.7802],[76.9929,13.7702],[76.9944,13.7597],[76.9981,13.7544],[76.9968,13.7483],[77.0006,13.7454],[77.0163,13.7384],[77.0168,13.7465],[77.0186,13.7483],[77.0174,13.7561],[77.0222,13.7639],[77.024,13.7684],[77.0245,13.7792],[77.0375,13.7789],[77.0434,13.7778],[77.0441,13.7708],[77.0472,13.771],[77.0502,13.7684],[77.0512,13.7648],[77.058,13.7603],[77.059,13.7572],[77.0575,13.753],[77.0625,13.7453],[77.0647,13.7438],[77.0713,13.7449],[77.0759,13.7428],[77.0856,13.7424],[77.0837,13.7488],[77.0838,13.7566],[77.0855,13.7623],[77.0902,13.7624],[77.0904,13.7671],[77.0957,13.7665],[77.1008,13.768],[77.106,13.7678],[77.1179,13.7645],[77.1206,13.7619],[77.127,13.7601],[77.1368,13.7583],[77.1398,13.7611],[77.1409,13.765],[77.1511,13.7662],[77.1579,13.764],[77.1731,13.762],[77.1789,13.7816],[77.1756,13.7836],[77.1681,13.7908],[77.1629,13.7985],[77.1621,13.8048],[77.1627,13.8168],[77.1677,13.8212],[77.1687,13.8296],[77.1655,13.8331],[77.1537,13.8341],[77.1545,13.8414],[77.156,13.8444],[77.1452,13.8462],[77.1322,13.8462],[77.1282,13.8565],[77.136,13.8565],[77.1476,13.8685],[77.159,13.8659],[77.1686,13.8645],[77.1715,13.8715],[77.1689,13.8809],[77.1689,13.89],[77.1642,13.8951],[77.1622,13.8995],[77.1619,13.9066],[77.1699,13.9206],[77.1847,13.9252],[77.1881,13.9139],[77.1908,13.9119],[77.1881,13.8996],[77.1862,13.8948],[77.1866,13.8866],[77.1853,13.8755],[77.1814,13.8698],[77.2004,13.863],[77.2037,13.8691],[77.2081,13.8749],[77.2104,13.8795],[77.2102,13.8849],[77.2152,13.8863],[77.217,13.8837],[77.2153,13.8683],[77.2199,13.8677],[77.2248,13.8829],[77.2267,13.8822],[77.23,13.892],[77.2295,13.8979],[77.2307,13.9033],[77.2356,13.9041],[77.2365,13.901],[77.2451,13.903],[77.2483,13.9012],[77.2472,13.8932],[77.2478,13.8883],[77.2447,13.8833],[77.2468,13.8803],[77.2487,13.8735],[77.2477,13.8692],[77.254,13.8648],[77.2591,13.8631],[77.2582,13.8562],[77.2562,13.8517],[77.2567,13.8465],[77.2655,13.8473],[77.2803,13.851],[77.2883,13.8475],[77.2901,13.8482],[77.2949,13.8574],[77.2964,13.857],[77.3036,13.862],[77.3106,13.8629],[77.3113,13.8665],[77.3165,13.8633],[77.3191,13.8572],[77.3215,13.8559],[77.3217,13.847],[77.3251,13.8454],[77.3247,13.8399],[77.3254,13.8332],[77.3368,13.8327],[77.3456,13.8411],[77.3533,13.8455],[77.3556,13.8495],[77.3628,13.8542],[77.3748,13.8522],[77.3812,13.8473],[77.3792,13.8402],[77.3891,13.8392],[77.3966,13.841],[77.4088,13.8397],[77.4152,13.8396],[77.4197,13.8416],[77.4268,13.8411],[77.4292,13.8448],[77.4325,13.8432],[77.4311,13.8364],[77.4278,13.8331],[77.4269,13.8276],[77.4236,13.8237],[77.417,13.8105],[77.4287,13.8068],[77.4226,13.7991],[77.4315,13.7966],[77.437,13.7967],[77.4406,13.8066],[77.4453,13.811],[77.4558,13.8077],[77.4645,13.8081],[77.4646,13.8032],[77.4609,13.803],[77.4564,13.7888],[77.4614,13.7884],[77.4604,13.7805],[77.4627,13.7753],[77.4644,13.768],[77.4652,13.7586],[77.4699,13.7572],[77.4676,13.7534],[77.4669,13.7403],[77.4651,13.7361],[77.4633,13.7218],[77.4649,13.7176],[77.4649,13.711],[77.4499,13.711],[77.4506,13.7048],[77.4525,13.7037],[77.4558,13.6911],[77.4553,13.6826],[77.4651,13.6839],[77.4749,13.6865],[77.4866,13.6868],[77.4919,13.6901],[77.4905,13.6964],[77.4877,13.6997],[77.4882,13.704],[77.4847,13.712],[77.4851,13.7148],[77.4924,13.7149],[77.5061,13.7142],[77.5144,13.7132],[77.5145,13.7038],[77.5124,13.6974],[77.5203,13.6959],[77.5234,13.6918],[77.5288,13.6946],[77.5343,13.7067],[77.5356,13.7165],[77.5356,13.732],[77.5261,13.7427],[77.5221,13.7447],[77.5254,13.7532],[77.5407,13.7559],[77.548,13.7523],[77.5502,13.7484],[77.5501,13.7409],[77.554,13.7371],[77.5599,13.7233],[77.5626,13.7232],[77.566,13.7267],[77.5716,13.737],[77.5733,13.7383],[77.5784,13.7379],[77.5822,13.7347],[77.5875,13.7334],[77.5967,13.7483],[77.6,13.7508],[77.6027,13.7503],[77.6135,13.752],[77.6192,13.7446],[77.6219,13.7389],[77.6265,13.7339],[77.631,13.7347],[77.6339,13.7379],[77.6381,13.7383],[77.6423,13.7408],[77.6431,13.7459],[77.6373,13.7485],[77.6297,13.7546],[77.6253,13.7534],[77.6189,13.7554],[77.6176,13.7623],[77.6211,13.7684],[77.6326,13.7736],[77.6469,13.7793],[77.6513,13.7841],[77.6604,13.7854],[77.6698,13.7839],[77.6728,13.7854],[77.6801,13.7868],[77.6814,13.7791],[77.6777,13.7671],[77.6716,13.7605],[77.6749,13.7605],[77.6952,13.7707],[77.7033,13.7698],[77.7071,13.75],[77.7084,13.7402],[77.7154,13.7426],[77.7176,13.7463],[77.7201,13.756],[77.7201,13.7656],[77.722,13.7696],[77.7197,13.7756],[77.72,13.7801],[77.7187,13.7841],[77.7195,13.7881],[77.7217,13.7895],[77.7224,13.7943],[77.7193,13.8003],[77.7258,13.8007],[77.7293,13.8022],[77.7316,13.8076],[77.7407,13.8124],[77.7451,13.8101],[77.7479,13.8104],[77.7622,13.8168],[77.7698,13.8171],[77.7816,13.819],[77.7886,13.823],[77.789,13.8307],[77.7843,13.8344],[77.7822,13.8389],[77.7822,13.8439],[77.7915,13.8487],[77.8009,13.8502],[77.8085,13.8506],[77.812,13.849],[77.8137,13.8551],[77.8169,13.8602],[77.8223,13.8647],[77.8277,13.8647],[77.8317,13.8662],[77.8371,13.8699],[77.8337,13.8721],[77.8275,13.8743],[77.8277,13.8761],[77.8355,13.881],[77.832,13.8957],[77.8305,13.8976],[77.8248,13.8997],[77.8194,13.9001],[77.8163,13.9034],[77.8171,13.9077],[77.8135,13.9146],[77.8133,13.9202],[77.8144,13.9308],[77.817,13.9346],[77.8241,13.9409],[77.8266,13.9447],[77.8308,13.9404],[77.8383,13.936],[77.8451,13.9363],[77.8548,13.9382],[77.862,13.9365],[77.8686,13.936],[77.8778,13.9371],[77.8957,13.941],[77.8989,13.9306],[77.8955,13.926],[77.8958,13.9204],[77.8997,13.9166],[77.9054,13.9164],[77.9097,13.9118],[77.918,13.9069],[77.9268,13.9053],[77.9362,13.9174],[77.9447,13.9309],[77.9459,13.9352],[77.9545,13.9385],[77.9573,13.9367],[77.9596,13.9399],[77.962,13.9516],[77.9674,13.9602],[77.972,13.9601],[77.9826,13.9577],[77.9875,13.9555],[77.986,13.9514],[77.9803,13.9275],[77.9825,13.9233],[77.984,13.9108],[77.9831,13.9049],[77.9866,13.903],[77.9844,13.8976],[77.9671,13.8944],[77.9522,13.8902],[77.9491,13.8864],[77.9481,13.8808],[77.9491,13.8707],[77.9529,13.8566],[77.9542,13.8552],[77.9535,13.8483],[77.9548,13.8422],[77.9537,13.8386],[77.9563,13.8359],[77.9562,13.8316],[77.9605,13.8295],[77.9696,13.8289],[77.9764,13.8298],[77.9785,13.8381],[77.983,13.8473],[77.9872,13.8541],[77.9889,13.8538],[77.9895,13.8626],[77.9921,13.8688],[77.9983,13.8691],[78,13.872],[78.012,13.8715],[78.0173,13.8648],[78.0216,13.8635],[78.0316,13.8644],[78.0419,13.8604],[78.0461,13.8617],[78.0466,13.8662],[78.0501,13.8714],[78.0511,13.8811],[78.0504,13.8877],[78.0485,13.8941],[78.0491,13.8964],[78.0595,13.8926],[78.063,13.8877],[78.0733,13.8841],[78.0786,13.8805],[78.0803,13.8742],[78.0802,13.8698],[78.0824,13.8616],[78.0928,13.8649],[78.099,13.8618],[78.1145,13.8632],[78.1165,13.8539],[78.1199,13.8479],[78.1235,13.8446],[78.1228,13.8379],[78.1252,13.8314],[78.1163,13.8151],[78.1141,13.8092],[78.1221,13.7995],[78.1252,13.7867],[78.1291,13.7849],[78.1406,13.7827],[78.1479,13.7822],[78.1516,13.7868],[78.1633,13.7846],[78.1744,13.7865],[78.1825,13.7863],[78.1833,13.7884],[78.1891,13.7896],[78.1933,13.7861],[78.2034,13.7855],[78.2086,13.7822],[78.2167,13.7832],[78.2255,13.7811],[78.2359,13.7808],[78.2496,13.7871],[78.2515,13.7919],[78.2579,13.7926],[78.2619,13.7914],[78.2634,13.7982],[78.2555,13.8066],[78.255,13.8198],[78.2563,13.824],[78.2561,13.8367],[78.2515,13.8381],[78.2485,13.8416],[78.2412,13.846],[78.2426,13.8511],[78.2537,13.8528],[78.2581,13.8544],[78.2594,13.8587],[78.2653,13.8578],[78.2633,13.8629],[78.2641,13.8657],[78.2691,13.8677],[78.2682,13.8729],[78.2752,13.8826],[78.2746,13.8866],[78.2785,13.8896],[78.2731,13.8956],[78.2781,13.8958],[78.2818,13.8977],[78.2851,13.894],[78.2897,13.8922],[78.2957,13.8926],[78.2989,13.9003],[78.2982,13.9049],[78.301,13.9083],[78.3052,13.908],[78.3081,13.91],[78.3102,13.914],[78.3185,13.9212],[78.3258,13.9221],[78.3319,13.9181],[78.3335,13.9223],[78.3369,13.9273],[78.336,13.9305],[78.3377,13.9371],[78.3472,13.9355],[78.3486,13.94],[78.3523,13.9386],[78.3597,13.945],[78.3706,13.957],[78.3759,13.9524],[78.3725,13.9452],[78.3786,13.9415],[78.3869,13.9393],[78.3898,13.9412],[78.3916,13.9449],[78.3974,13.9508],[78.4049,13.957],[78.4151,13.9621],[78.4207,13.9639],[78.4252,13.972],[78.4277,13.9794],[78.4349,13.9793],[78.4427,13.9838],[78.4461,13.9821],[78.4534,13.9843],[78.4607,13.9876],[78.4628,13.9917],[78.4675,13.9959],[78.4687,14.0053],[78.4701,14.0077],[78.459,14.0086],[78.4574,14.01],[78.4434,14.0156],[78.4409,14.019],[78.4418,14.0317],[78.4403,14.0437],[78.4493,14.0528],[78.4468,14.0565],[78.4462,14.0613],[78.446,14.0757],[78.4435,14.0775],[78.4429,14.0811],[78.4447,14.0849],[78.4546,14.0848],[78.4591,14.0918],[78.4617,14.1081],[78.4596,14.1115],[78.4548,14.1152],[78.4514,14.1232],[78.4488,14.1325],[78.4435,14.1385],[78.4384,14.1376],[78.43,14.1392],[78.4252,14.1416],[78.4248,14.1484],[78.4221,14.1491],[78.4223,14.1555],[78.4207,14.1602],[78.4203,14.1708],[78.4228,14.1741],[78.4242,14.1794],[78.4289,14.1811],[78.4304,14.184],[78.4313,14.1931],[78.4282,14.1988],[78.4228,14.1993],[78.4212,14.1969],[78.4128,14.1975],[78.4103,14.2007],[78.406,14.2018],[78.4064,14.2129],[78.408,14.2204],[78.4099,14.2249],[78.4084,14.2272],[78.4197,14.2577],[78.4222,14.2705],[78.424,14.2743],[78.4208,14.2839],[78.4166,14.2785],[78.4125,14.2777],[78.3952,14.2776],[78.3872,14.2804],[78.3686,14.2884],[78.3644,14.2876],[78.3574,14.2936],[78.3434,14.292],[78.3426,14.2895],[78.3301,14.2907],[78.3217,14.2942],[78.3172,14.294],[78.313,14.2914],[78.2994,14.2909],[78.2948,14.294],[78.2853,14.2924],[78.2828,14.2944],[78.2813,14.302],[78.2774,14.3054],[78.2713,14.305],[78.2538,14.3052],[78.2514,14.3087],[78.2479,14.3076],[78.2409,14.3109],[78.2291,14.3156],[78.2295,14.3176],[78.2201,14.3229],[78.2212,14.3246],[78.2182,14.3287],[78.2072,14.3332],[78.1985,14.3386],[78.1903,14.3451],[78.1888,14.3502],[78.1825,14.353],[78.1784,14.3526],[78.171,14.3548],[78.1588,14.3628],[78.156,14.3658],[78.1378,14.3787],[78.1192,14.3878],[78.1075,14.393],[78.0861,14.4155],[78.0852,14.4219],[78.0644,14.4347],[78.0555,14.4422],[78.0391,14.4571],[78.0331,14.4629],[78.0233,14.4711],[78.018,14.4747],[78.0008,14.4895],[77.9984,14.4995],[77.9949,14.5021],[77.9879,14.5148],[77.978,14.5237],[77.9729,14.5318],[77.9728,14.5354],[77.9772,14.5378],[77.9709,14.5452],[77.9686,14.5492],[77.9635,14.5549],[77.9614,14.5603],[77.9521,14.5626],[77.9441,14.5704],[77.9476,14.5747],[77.956,14.5808],[77.96,14.5807],[77.9671,14.5871],[77.9694,14.5767],[77.9747,14.5697],[77.9823,14.5672]]]},"properties":{"district_name":"Sri Sathya Sai","district_id":"sri_sathya_sai","ST_NAME":"Andhra Pradesh"}},{"type":"Feature","geometry":{"type":"Polygon","coordinates":[[[83.664,18.0783],[83.6752,18.085],[83.6949,18.0988],[83.7142,18.1099],[83.7206,18.113],[83.7302,18.1187],[83.7376,18.1222],[83.7598,18.1337],[83.7678,18.1372],[83.7872,18.1467],[83.7972,18.1505],[83.8059,18.1548],[83.8479,18.1704],[83.8607,18.1745],[83.8726,18.1826],[83.8765,18.1885],[83.8805,18.1916],[83.8895,18.1961],[83.9027,18.2015],[83.9172,18.2057],[83.9271,18.2079],[83.936,18.2092],[83.9439,18.2141],[83.9614,18.222],[83.9793,18.2321],[83.9976,18.2416],[84.0018,18.245],[84.0116,18.2499],[84.0502,18.267],[84.0558,18.27],[84.071,18.2766],[84.074,18.2787],[84.0784,18.2839],[84.0856,18.2902],[84.0893,18.2908],[84.1004,18.2963],[84.1109,18.3023],[84.1237,18.311],[84.1285,18.3151],[84.1285,18.3251],[84.1264,18.334],[84.1272,18.3434],[84.1316,18.3483],[84.1405,18.3618],[84.147,18.3729],[84.1506,18.3773],[84.1604,18.3867],[84.1758,18.4023],[84.1834,18.4095],[84.2105,18.434],[84.2246,18.4477],[84.2307,18.4544],[84.2451,18.4666],[84.2536,18.4748],[84.2763,18.4936],[84.2814,18.4983],[84.293,18.5065],[84.3202,18.527],[84.3326,18.5368],[84.3366,18.5394],[84.3535,18.5538],[84.3557,18.5563],[84.3578,18.5646],[84.3555,18.5667],[84.3566,18.5721],[84.3649,18.5883],[84.3684,18.5932],[84.385,18.6104],[84.4092,18.6323],[84.4315,18.6519],[84.4398,18.6595],[84.4429,18.6744],[84.4509,18.6892],[84.455,18.6956],[84.4697,18.7145],[84.482,18.7275],[84.4865,18.7316],[84.4931,18.7402],[84.5051,18.7521],[84.5124,18.7585],[84.53,18.7708],[84.5388,18.7784],[84.5462,18.7861],[84.5511,18.7901],[84.5541,18.7964],[84.5541,18.8039],[84.556,18.8085],[84.5575,18.8169],[84.5626,18.8249],[84.5749,18.8377],[84.5764,18.8451],[84.5826,18.86],[84.5865,18.8667],[84.5979,18.8811],[84.6036,18.8898],[84.6096,18.895],[84.613,18.8991],[84.6203,18.9058],[84.6367,18.9223],[84.6649,18.9468],[84.6754,18.9572],[84.6845,18.9675],[84.695,18.9821],[84.7064,18.9964],[84.711,19.004],[84.7232,19.0207],[84.748,19.0529],[84.7499,19.0549],[84.7651,19.0772],[84.7553,19.082],[84.7463,19.0891],[84.7311,19.099],[84.7082,19.1157],[84.7033,19.1174],[84.7015,19.1232],[84.6978,19.1264],[84.7018,19.1322],[84.7061,19.141],[84.7004,19.143],[84.7012,19.1471],[84.7105,19.1465],[84.7147,19.153],[84.711,19.1592],[84.6929,19.1612],[84.6843,19.16],[84.6807,19.1653],[84.6778,19.1664],[84.6709,19.166],[84.6679,19.1551],[84.671,19.1562],[84.6697,19.1379],[84.6667,19.1318],[84.6599,19.1315],[84.6547,19.1294],[84.6441,19.1337],[84.6436,19.1297],[84.6375,19.1307],[84.6309,19.1267],[84.6261,19.1278],[84.6142,19.1279],[84.6079,19.1289],[84.6033,19.1319],[84.5955,19.1324],[84.596,19.1288],[84.6029,19.1266],[84.6028,19.1215],[84.605,19.1186],[84.6084,19.1075],[84.6113,19.1068],[84.6095,19.1008],[84.6187,19.1001],[84.6197,19.1044],[84.6255,19.0991],[84.6241,19.0883],[84.6255,19.0849],[84.6291,19.0849],[84.6368,19.0897],[84.6413,19.0912],[84.6478,19.0962],[84.6512,19.0936],[84.6587,19.092],[84.6636,19.0879],[84.6635,19.0824],[84.6709,19.0763],[84.6698,19.0745],[84.6631,19.0746],[84.6601,19.0629],[84.6539,19.0675],[84.6416,19.0673],[84.6371,19.06],[84.631,19.0604],[84.6278,19.0662],[84.6183,19.0659],[84.617,19.0609],[84.6208,19.0607],[84.6207,19.0561],[84.6176,19.0545],[84.6134,19.0566],[84.6118,19.0503],[84.6064,19.0417],[84.6033,19.0336],[84.602,19.0324],[84.6009,19.0248],[84.5969,19.026],[84.5941,19.0223],[84.5878,19.0251],[84.5862,19.0279],[84.5817,19.0301],[84.5813,19.0375],[84.5778,19.0398],[84.578,19.0442],[84.5831,19.0492],[84.5815,19.053],[84.5817,19.0655],[84.5834,19.0681],[84.5818,19.0731],[84.5766,19.0676],[84.5691,19.0698],[84.5662,19.0681],[84.5623,19.0618],[84.5566,19.0566],[84.5433,19.0551],[84.5361,19.0503],[84.5261,19.046],[84.5241,19.0487],[84.5164,19.0484],[84.5117,19.0402],[84.5034,19.0328],[84.4973,19.0314],[84.4939,19.0284],[84.4892,19.0198],[84.4848,19.0187],[84.483,19.0163],[84.4833,19.0051],[84.4783,18.9912],[84.4742,18.9925],[84.4696,18.9917],[84.4653,18.9948],[84.4606,18.9937],[84.4606,18.9973],[84.4482,19.0023],[84.4422,19.0017],[84.4403,19.0056],[84.4379,19.0053],[84.4313,19.0121],[84.4249,19.0122],[84.4276,19.006],[84.4326,19.0037],[84.4319,18.9948],[84.4433,18.9917],[84.4437,18.9853],[84.452,18.9776],[84.4446,18.973],[84.4431,18.9691],[84.437,18.9705],[84.4308,18.969],[84.4293,18.9647],[84.4317,18.9625],[84.4321,18.9587],[84.4255,18.9513],[84.4245,18.9463],[84.4292,18.9398],[84.4306,18.9352],[84.4283,18.9314],[84.4377,18.9315],[84.4388,18.9263],[84.4371,18.9196],[84.4315,18.917],[84.4298,18.9104],[84.4276,18.9089],[84.423,18.9114],[84.4199,18.9174],[84.4168,18.9133],[84.4211,18.9091],[84.4216,18.9015],[84.4182,18.8972],[84.4095,18.895],[84.4002,18.895],[84.3951,18.8994],[84.393,18.904],[84.3848,18.9001],[84.3849,18.8952],[84.3932,18.894],[84.396,18.8918],[84.3995,18.8846],[84.3946,18.8788],[84.3866,18.8848],[84.3807,18.8817],[84.3741,18.8863],[84.3665,18.8884],[84.362,18.8877],[84.3714,18.8786],[84.3754,18.8782],[84.3815,18.8758],[84.383,18.8731],[84.3788,18.8699],[84.3774,18.8646],[84.3731,18.8608],[84.3657,18.8628],[84.362,18.8606],[84.359,18.8669],[84.3552,18.8701],[84.3477,18.8784],[84.3366,18.888],[84.3464,18.8478],[84.355,18.8434],[84.3616,18.8411],[84.3644,18.8376],[84.3585,18.8305],[84.3534,18.8311],[84.3503,18.8279],[84.3509,18.8257],[84.3489,18.8196],[84.3437,18.8213],[84.3381,18.8195],[84.3337,18.8196],[84.3311,18.8147],[84.3416,18.8074],[84.3436,18.8013],[84.3406,18.8014],[84.3344,18.7981],[84.3294,18.7989],[84.3245,18.795],[84.3247,18.7899],[84.3201,18.7872],[84.3125,18.7899],[84.3107,18.7927],[84.306,18.7941],[84.3044,18.798],[84.2891,18.8033],[84.288,18.7968],[84.2845,18.7913],[84.2762,18.7887],[84.2682,18.7839],[84.2587,18.7828],[84.2545,18.7867],[84.249,18.7858],[84.2431,18.7886],[84.241,18.7923],[84.2408,18.7971],[84.2367,18.7986],[84.2323,18.7972],[84.2263,18.7988],[84.2192,18.7949],[84.2144,18.7954],[84.2133,18.7905],[84.2079,18.7895],[84.1953,18.7917],[84.1934,18.7816],[84.1896,18.7779],[84.1832,18.7823],[84.1758,18.7801],[84.1691,18.7884],[84.1617,18.7888],[84.1571,18.7845],[84.1486,18.7809],[84.1462,18.7772],[84.1404,18.7773],[84.1393,18.7744],[84.1393,18.7671],[84.142,18.7643],[84.1381,18.7618],[84.1318,18.7609],[84.1302,18.7648],[84.1247,18.7639],[84.1224,18.7679],[84.1177,18.7655],[84.1142,18.7668],[84.1033,18.7603],[84.0982,18.7607],[84.0895,18.7568],[84.0889,18.7627],[84.0822,18.7658],[84.0765,18.7671],[84.0737,18.7758],[84.0692,18.7781],[84.068,18.7823],[84.0617,18.7815],[84.0576,18.7877],[84.0573,18.7928],[84.0587,18.7986],[84.0511,18.7991],[84.0467,18.8016],[84.0442,18.8066],[84.0456,18.8129],[84.0385,18.8164],[84.0378,18.813],[84.033,18.8116],[84.0248,18.8155],[84.0169,18.8161],[84.0174,18.8124],[84.0157,18.8088],[84.0099,18.8117],[84.0051,18.8091],[84.0011,18.8114],[83.9957,18.8113],[83.9938,18.8136],[83.9872,18.8115],[83.9787,18.8129],[83.9727,18.8148],[83.9651,18.8146],[83.96,18.8134],[83.9588,18.8096],[83.9554,18.8065],[83.9485,18.8055],[83.9417,18.8083],[83.9423,18.8155],[83.9316,18.8159],[83.9281,18.8189],[83.9266,18.8222],[83.9177,18.8243],[83.9166,18.8278],[83.912,18.826],[83.9048,18.8274],[83.8996,18.8244],[83.8965,18.8163],[83.8937,18.8145],[83.8889,18.8105],[83.8804,18.8138],[83.8797,18.8085],[83.8781,18.8072],[83.8831,18.8015],[83.886,18.8016],[83.8885,18.7966],[83.8801,18.7925],[83.8775,18.7933],[83.8737,18.7902],[83.8582,18.787],[83.8509,18.789],[83.8476,18.7877],[83.8448,18.7818],[83.8376,18.779],[83.8366,18.7729],[83.8419,18.7674],[83.8479,18.7672],[83.8517,18.7655],[83.8547,18.7686],[83.8575,18.7655],[83.8625,18.7632],[83.8653,18.7665],[83.8693,18.7645],[83.8717,18.7608],[83.8709,18.7519],[83.8741,18.7472],[83.8804,18.7472],[83.883,18.7417],[83.8767,18.7389],[83.8734,18.7408],[83.8709,18.7446],[83.8654,18.7427],[83.8613,18.7372],[83.8509,18.733],[83.8382,18.7336],[83.8371,18.7296],[83.8339,18.7266],[83.8377,18.7227],[83.8371,18.7043],[83.8406,18.6976],[83.8401,18.6926],[83.8488,18.685],[83.8577,18.6588],[83.8698,18.6467],[83.8782,18.6404],[83.8829,18.6356],[83.889,18.6346],[83.8869,18.6309],[83.892,18.6265],[83.8922,18.6213],[83.8863,18.6197],[83.8876,18.6159],[83.8925,18.6127],[83.8939,18.6082],[83.8931,18.5981],[83.8997,18.6004],[83.9009,18.5959],[83.8984,18.594],[83.903,18.5908],[83.9037,18.5878],[83.9076,18.5852],[83.9106,18.5811],[83.9137,18.5677],[83.9116,18.5645],[83.9063,18.5662],[83.9041,18.5619],[83.9063,18.5601],[83.9074,18.5555],[83.9141,18.5517],[83.9142,18.5408],[83.9068,18.5386],[83.9072,18.5346],[83.9048,18.5329],[83.8993,18.534],[83.8927,18.5398],[83.8886,18.5415],[83.8854,18.54],[83.8822,18.5453],[83.8812,18.5506],[83.8791,18.5524],[83.8748,18.5478],[83.8678,18.5486],[83.8685,18.543],[83.8637,18.5427],[83.8623,18.5397],[83.8664,18.5364],[83.8593,18.5332],[83.8582,18.531],[83.8519,18.5326],[83.8489,18.5375],[83.8425,18.5442],[83.8393,18.5408],[83.8363,18.5415],[83.8303,18.5535],[83.8245,18.5577],[83.8243,18.563],[83.8325,18.5682],[83.8309,18.5722],[83.833,18.583],[83.8319,18.6016],[83.8257,18.6144],[83.8235,18.6144],[83.8169,18.6187],[83.8138,18.623],[83.8114,18.623],[83.8053,18.6289],[83.8027,18.6297],[83.7996,18.635],[83.7971,18.6326],[83.7885,18.6276],[83.7883,18.6237],[83.7823,18.6196],[83.7827,18.6152],[83.7848,18.6126],[83.7911,18.6148],[83.7933,18.614],[83.794,18.6065],[83.7879,18.6042],[83.7875,18.5997],[83.781,18.6],[83.7784,18.5985],[83.7747,18.5903],[83.7773,18.5869],[83.7759,18.5805],[83.7689,18.577],[83.7694,18.5697],[83.7678,18.5667],[83.7735,18.5648],[83.7763,18.5616],[83.7807,18.5505],[83.7814,18.5437],[83.7846,18.5407],[83.7899,18.5421],[83.7937,18.5465],[83.7984,18.5487],[83.8025,18.544],[83.8022,18.5399],[83.7942,18.5282],[83.7883,18.514],[83.7881,18.5065],[83.7935,18.495],[83.8009,18.4921],[83.8081,18.4844],[83.8188,18.4746],[83.8165,18.4738],[83.8185,18.4682],[83.8138,18.4486],[83.8102,18.4426],[83.8094,18.4365],[83.8106,18.4317],[83.8199,18.4272],[83.8242,18.4265],[83.8308,18.4223],[83.8332,18.4193],[83.8343,18.4147],[83.8314,18.414],[83.8307,18.4099],[83.8231,18.4042],[83.8227,18.399],[83.824,18.3966],[83.8294,18.3926],[83.8306,18.386],[83.8273,18.3847],[83.8233,18.3857],[83.8175,18.3898],[83.8057,18.3935],[83.8012,18.3912],[83.7982,18.3915],[83.7965,18.3817],[83.8029,18.377],[83.8003,18.3704],[83.7961,18.3711],[83.7904,18.3697],[83.7882,18.3736],[83.7841,18.376],[83.7751,18.3778],[83.7728,18.3756],[83.7683,18.3745],[83.7676,18.3789],[83.7633,18.3839],[83.7618,18.3881],[83.7557,18.3909],[83.755,18.3954],[83.7517,18.3967],[83.7457,18.4024],[83.7385,18.4061],[83.7387,18.41],[83.7349,18.4128],[83.7289,18.4201],[83.7291,18.4273],[83.723,18.4249],[83.718,18.4241],[83.715,18.4266],[83.7225,18.4288],[83.7243,18.4334],[83.7237,18.4366],[83.7145,18.4349],[83.7096,18.4376],[83.7112,18.4439],[83.7037,18.4422],[83.6962,18.4374],[83.6974,18.432],[83.6955,18.4293],[83.6957,18.4242],[83.7,18.4231],[83.7008,18.4198],[83.6997,18.4093],[83.7057,18.4034],[83.7048,18.399],[83.7055,18.3911],[83.7042,18.3873],[83.6943,18.3889],[83.6828,18.389],[83.675,18.3863],[83.6699,18.387],[83.6629,18.3844],[83.6499,18.3855],[83.6459,18.3824],[83.6415,18.3805],[83.6384,18.3769],[83.6282,18.3769],[83.6169,18.3814],[83.612,18.381],[83.6034,18.3831],[83.5989,18.3805],[83.5969,18.3716],[83.5999,18.3689],[83.5901,18.3655],[83.5896,18.3603],[83.5853,18.3569],[83.5852,18.3544],[83.5885,18.351],[83.5937,18.3499],[83.5994,18.3422],[83.6055,18.3416],[83.6093,18.3378],[83.5998,18.3297],[83.606,18.3296],[83.612,18.3284],[83.6163,18.3322],[83.6217,18.3338],[83.6241,18.3326],[83.6239,18.3273],[83.6216,18.3227],[83.6244,18.3219],[83.6477,18.3208],[83.65,18.3192],[83.6627,18.317],[83.6685,18.317],[83.6718,18.3124],[83.6809,18.312],[83.682,18.3086],[83.6912,18.3035],[83.6962,18.3059],[83.7031,18.292],[83.6923,18.2869],[83.6846,18.2863],[83.677,18.2841],[83.6719,18.2809],[83.6712,18.2762],[83.6687,18.2729],[83.6651,18.2711],[83.6641,18.2641],[83.6649,18.2608],[83.6644,18.2503],[83.6628,18.2479],[83.6618,18.2399],[83.664,18.2367],[83.6637,18.2314],[83.6554,18.2247],[83.6515,18.2178],[83.6507,18.2129],[83.6486,18.2105],[83.642,18.2105],[83.6321,18.2174],[83.6236,18.217],[83.616,18.2081],[83.6105,18.2078],[83.6038,18.2088],[83.6048,18.1982],[83.6044,18.1931],[83.6108,18.1917],[83.6142,18.1841],[83.615,18.1782],[83.6134,18.176],[83.6138,18.168],[83.6121,18.1666],[83.6027,18.1649],[83.6028,18.1574],[83.604,18.1529],[83.6082,18.1482],[83.6092,18.1437],[83.6183,18.1365],[83.6241,18.1289],[83.6203,18.12],[83.6202,18.1154],[83.623,18.1124],[83.6306,18.1081],[83.6352,18.1045],[83.6421,18.1064],[83.6479,18.1013],[83.6514,18.0941],[83.6556,18.09],[83.6646,18.0844],[83.664,18.0783]]]},"properties":{"district_name":"Srikakulam","district_id":"srikakulam","ST_NAME":"Andhra Pradesh"}},{"type":"Feature","geometry":{"type":"Polygon","coordinates":[[[80.1389,14.2584],[80.1238,14.2517],[80.1015,14.2549],[80.0984,14.2524],[80.1011,14.2412],[80.1061,14.2373],[80.0977,14.2302],[80.0864,14.2283],[80.0757,14.2248],[80.0708,14.2244],[80.0692,14.2202],[80.0691,14.2157],[80.0671,14.2103],[80.0638,14.2093],[80.0606,14.212],[80.057,14.218],[80.0557,14.2121],[80.0497,14.208],[80.0492,14.1999],[80.0474,14.1981],[80.039,14.1991],[80.0346,14.2034],[80.0307,14.2032],[80.0297,14.1971],[80.0357,14.1949],[80.035,14.1928],[80.0303,14.1901],[80.0253,14.1854],[80.021,14.1854],[80.0215,14.1907],[80.0203,14.1944],[80.0166,14.1968],[80.0078,14.1946],[80.0043,14.1903],[80.0055,14.1877],[80.0027,14.1853],[79.9993,14.1905],[79.9955,14.1888],[79.9919,14.1831],[79.9887,14.1817],[79.9896,14.1929],[79.9858,14.1929],[79.9824,14.1854],[79.9774,14.1867],[79.973,14.1768],[79.9757,14.1721],[79.9734,14.1686],[79.9687,14.1651],[79.9675,14.1602],[79.9644,14.1612],[79.9608,14.1573],[79.958,14.1569],[79.9537,14.1531],[79.9498,14.1558],[79.947,14.1619],[79.9429,14.1594],[79.9413,14.1507],[79.9374,14.1441],[79.9333,14.1431],[79.9314,14.1453],[79.9193,14.1471],[79.9128,14.1497],[79.9135,14.1524],[79.9055,14.1543],[79.9043,14.158],[79.9003,14.1603],[79.8964,14.1586],[79.8893,14.1584],[79.8797,14.1647],[79.8755,14.1659],[79.8695,14.1698],[79.8655,14.1703],[79.856,14.1765],[79.8575,14.1799],[79.8534,14.1901],[79.8509,14.1927],[79.848,14.199],[79.8497,14.2051],[79.8482,14.21],[79.84,14.2172],[79.8349,14.2177],[79.8269,14.2226],[79.8181,14.2264],[79.8172,14.2335],[79.8176,14.2421],[79.8186,14.2439],[79.8145,14.2492],[79.8138,14.2521],[79.8178,14.2553],[79.8123,14.2614],[79.8076,14.2627],[79.8001,14.2667],[79.7961,14.2607],[79.7916,14.26],[79.7886,14.2498],[79.7804,14.2406],[79.7754,14.233],[79.7745,14.2247],[79.7807,14.223],[79.7878,14.2178],[79.79,14.2175],[79.79,14.2103],[79.7966,14.2097],[79.7988,14.2055],[79.7944,14.2004],[79.8011,14.1887],[79.8006,14.1836],[79.793,14.1839],[79.7882,14.182],[79.7784,14.1844],[79.7769,14.181],[79.7712,14.1775],[79.7637,14.1754],[79.7613,14.1683],[79.7531,14.1669],[79.7475,14.1569],[79.745,14.1561],[79.7419,14.1458],[79.7378,14.1363],[79.7339,14.1353],[79.7348,14.1309],[79.7332,14.1269],[79.7281,14.1254],[79.7244,14.1174],[79.7221,14.1146],[79.7079,14.1097],[79.6986,14.114],[79.6876,14.116],[79.6811,14.1195],[79.6734,14.1216],[79.6683,14.1213],[79.666,14.1259],[79.6626,14.1437],[79.6653,14.1507],[79.6593,14.1509],[79.6564,14.1545],[79.6487,14.1547],[79.6404,14.1531],[79.6398,14.1419],[79.6412,14.1412],[79.6425,14.1252],[79.642,14.1162],[79.6408,14.1136],[79.6304,14.1071],[79.6284,14.1103],[79.6227,14.1112],[79.6186,14.1138],[79.6159,14.1133],[79.6116,14.1157],[79.6073,14.1157],[79.6062,14.1184],[79.5995,14.1205],[79.6005,14.1278],[79.5996,14.1327],[79.5921,14.1379],[79.5882,14.1428],[79.5824,14.1464],[79.5749,14.1478],[79.5627,14.1538],[79.5525,14.1567],[79.5471,14.1608],[79.542,14.1626],[79.5318,14.1716],[79.529,14.173],[79.5208,14.1745],[79.5071,14.1754],[79.4991,14.1781],[79.4932,14.1785],[79.4882,14.1812],[79.4818,14.1807],[79.4662,14.1826],[79.4284,14.1858],[79.4287,14.1817],[79.4334,14.1684],[79.4376,14.1492],[79.4382,14.141],[79.4411,14.1343],[79.4426,14.1256],[79.445,14.1165],[79.4505,14.1083],[79.4524,14.1031],[79.4544,14.1018],[79.454,14.0961],[79.4503,14.09],[79.4521,14.08],[79.45,14.0709],[79.4428,14.0618],[79.4435,14.0415],[79.4409,14.0336],[79.437,14.0251],[79.44,14.0065],[79.4433,13.9979],[79.4527,13.994],[79.4557,13.9885],[79.4503,13.9727],[79.4524,13.9663],[79.4514,13.9618],[79.4531,13.9545],[79.4568,13.9536],[79.4587,13.9473],[79.4574,13.9437],[79.4576,13.9329],[79.455,13.9308],[79.455,13.923],[79.4481,13.9153],[79.4446,13.9069],[79.4405,13.9044],[79.44,13.9018],[79.4437,13.8914],[79.4407,13.886],[79.4341,13.8766],[79.4348,13.8681],[79.4384,13.8552],[79.4448,13.8426],[79.4552,13.8245],[79.4575,13.8104],[79.458,13.7993],[79.4633,13.7974],[79.471,13.797],[79.4654,13.7925],[79.457,13.7839],[79.4485,13.7799],[79.439,13.7791],[79.4341,13.7812],[79.4289,13.7818],[79.4265,13.7853],[79.4188,13.7844],[79.4154,13.778],[79.4194,13.7773],[79.4194,13.7697],[79.4157,13.7638],[79.4133,13.7626],[79.3921,13.7608],[79.3805,13.7575],[79.377,13.7556],[79.3722,13.7553],[79.3675,13.7514],[79.3611,13.7479],[79.3466,13.7412],[79.3055,13.723],[79.2974,13.7461],[79.2926,13.7583],[79.2852,13.759],[79.2565,13.7599],[79.2413,13.7599],[79.241,13.7505],[79.2372,13.7525],[79.2282,13.7546],[79.2249,13.7563],[79.2202,13.7618],[79.2204,13.7666],[79.2184,13.7718],[79.2156,13.7743],[79.2089,13.7769],[79.201,13.7818],[79.1975,13.7889],[79.1911,13.793],[79.1943,13.8032],[79.1971,13.8029],[79.2029,13.8092],[79.2111,13.806],[79.2126,13.8102],[79.2157,13.8121],[79.211,13.8149],[79.205,13.8208],[79.1873,13.8305],[79.1774,13.838],[79.1737,13.8422],[79.1716,13.8472],[79.169,13.8468],[79.1634,13.8491],[79.1571,13.8533],[79.1515,13.8581],[79.1484,13.8656],[79.1376,13.8575],[79.1263,13.8496],[79.0964,13.85],[79.0964,13.8559],[79.0828,13.8788],[79.0717,13.8815],[79.067,13.8817],[79.0533,13.8843],[79.0485,13.8842],[79.036,13.8881],[79.0301,13.8888],[79.0254,13.8915],[79.0237,13.8957],[79.0237,13.903],[79.0151,13.9044],[79.0082,13.9076],[79.0051,13.9051],[79.006,13.9025],[79.0109,13.9022],[79.0128,13.897],[79.0176,13.8968],[79.0236,13.8941],[79.0232,13.8894],[79.0249,13.8864],[79.0215,13.884],[79.022,13.88],[79.0367,13.8742],[79.0432,13.8643],[79.0499,13.8631],[79.0468,13.8561],[79.044,13.8588],[79.038,13.8571],[79.0316,13.8598],[79.0209,13.8579],[79.0243,13.8491],[79.0189,13.8448],[79.0121,13.8448],[79.0124,13.8377],[79.0151,13.8341],[79.0157,13.825],[79.0215,13.8248],[79.0237,13.8195],[79.027,13.8173],[79.0334,13.8171],[79.0372,13.8188],[79.0423,13.8145],[79.0405,13.8082],[79.0403,13.8035],[79.0278,13.8013],[79.0242,13.8016],[79.0231,13.798],[79.0214,13.7829],[79.0243,13.7755],[79.0277,13.7733],[79.0367,13.7711],[79.0388,13.7719],[79.0455,13.7762],[79.0524,13.7784],[79.0572,13.7785],[79.0668,13.7815],[79.0736,13.7794],[79.0856,13.7826],[79.0901,13.7801],[79.0913,13.7753],[79.0906,13.7684],[79.0892,13.7683],[79.0852,13.7621],[79.0845,13.7526],[79.0851,13.7496],[79.084,13.7417],[79.0822,13.7387],[79.086,13.7361],[79.0927,13.7266],[79.0929,13.7219],[79.0901,13.7165],[79.0876,13.7081],[79.086,13.7055],[79.0854,13.6995],[79.0815,13.6942],[79.0823,13.6922],[79.0804,13.6875],[79.0774,13.6852],[79.0774,13.6811],[79.0755,13.6735],[79.0768,13.6675],[79.0736,13.6589],[79.0686,13.6566],[79.0639,13.6514],[79.0535,13.6468],[79.0522,13.6439],[79.0531,13.6347],[79.0529,13.6261],[79.0501,13.6199],[79.0532,13.6129],[79.068,13.6111],[79.0776,13.6105],[79.0852,13.6124],[79.0934,13.6118],[79.1094,13.6086],[79.1161,13.6079],[79.1377,13.6065],[79.1499,13.6048],[79.1587,13.6006],[79.1641,13.6006],[79.1724,13.6033],[79.1724,13.6009],[79.1759,13.5939],[79.1762,13.5887],[79.1705,13.5729],[79.1702,13.5653],[79.1731,13.553],[79.1796,13.5458],[79.1799,13.5443],[79.1651,13.5344],[79.1439,13.5218],[79.1381,13.5229],[79.1219,13.5204],[79.1174,13.5216],[79.1121,13.5177],[79.1063,13.5149],[79.0999,13.515],[79.0903,13.5138],[79.0881,13.5167],[79.0841,13.518],[79.0817,13.523],[79.082,13.5324],[79.0694,13.5292],[79.0628,13.5299],[79.0619,13.5312],[79.0493,13.5399],[79.0435,13.5413],[79.0416,13.5432],[79.0427,13.5512],[79.0393,13.5542],[79.0395,13.5587],[79.0377,13.5623],[79.029,13.5638],[79.0215,13.5624],[79.0198,13.5571],[79.0194,13.5507],[79.0149,13.5436],[79.0128,13.5447],[79.0041,13.5401],[78.9955,13.5452],[78.9746,13.539],[78.9682,13.5428],[78.9601,13.5412],[78.956,13.5386],[78.9589,13.5347],[78.9649,13.5315],[78.9769,13.5302],[78.9842,13.516],[78.9813,13.4913],[78.989,13.4934],[78.9995,13.4922],[79.0028,13.4887],[79.0066,13.4827],[79.0113,13.4797],[79.027,13.4759],[79.0296,13.4732],[79.0364,13.4707],[79.0404,13.4649],[79.0478,13.4608],[79.0472,13.4577],[79.0509,13.4517],[79.0553,13.4488],[79.0614,13.4466],[79.0667,13.4499],[79.0715,13.4505],[79.0722,13.448],[79.0777,13.4441],[79.0901,13.4408],[79.0922,13.4375],[79.091,13.4258],[79.1042,13.4262],[79.1122,13.423],[79.1196,13.4223],[79.1257,13.4179],[79.1301,13.4181],[79.1317,13.4217],[79.1421,13.4218],[79.143,13.4209],[79.1419,13.411],[79.1452,13.4118],[79.1491,13.4104],[79.1496,13.4143],[79.1539,13.4138],[79.1536,13.4081],[79.1569,13.407],[79.1573,13.4015],[79.1597,13.3962],[79.1562,13.3958],[79.1536,13.3918],[79.1527,13.3872],[79.1468,13.3864],[79.1435,13.3847],[79.1428,13.3819],[79.1477,13.3778],[79.1543,13.3805],[79.1539,13.3846],[79.1569,13.3851],[79.1583,13.3812],[79.1619,13.3799],[79.1709,13.3794],[79.1741,13.3804],[79.181,13.379],[79.1808,13.3831],[79.1761,13.3879],[79.1796,13.3897],[79.1826,13.3938],[79.1855,13.3908],[79.189,13.3911],[79.1914,13.3946],[79.1954,13.3947],[79.1977,13.3993],[79.2004,13.3992],[79.2013,13.3943],[79.2054,13.3939],[79.2086,13.3914],[79.213,13.385],[79.2186,13.3805],[79.2248,13.381],[79.2268,13.3935],[79.2341,13.3909],[79.236,13.394],[79.2401,13.3916],[79.2414,13.3844],[79.2395,13.3816],[79.2405,13.3771],[79.2504,13.3757],[79.2519,13.3868],[79.2498,13.3895],[79.2484,13.3989],[79.2443,13.3973],[79.2378,13.3978],[79.2213,13.3965],[79.2205,13.3985],[79.227,13.4012],[79.2283,13.4049],[79.228,13.4108],[79.2201,13.4128],[79.2128,13.4136],[79.2079,13.4126],[79.2043,13.4176],[79.2077,13.4241],[79.2111,13.4247],[79.2168,13.4196],[79.2226,13.4174],[79.2231,13.4198],[79.229,13.4235],[79.2299,13.4184],[79.2333,13.4173],[79.2384,13.4182],[79.2461,13.4178],[79.253,13.4196],[79.2561,13.4225],[79.2549,13.4247],[79.242,13.4263],[79.2398,13.4374],[79.233,13.4356],[79.2288,13.4378],[79.2251,13.4375],[79.2198,13.4353],[79.2171,13.4371],[79.2284,13.445],[79.2321,13.4424],[79.2398,13.4411],[79.2416,13.4488],[79.2552,13.4556],[79.2601,13.4701],[79.2703,13.4724],[79.2706,13.4738],[79.2775,13.4785],[79.2864,13.4795],[79.2898,13.4824],[79.2979,13.4812],[79.3012,13.4826],[79.305,13.4816],[79.3118,13.4837],[79.3193,13.4826],[79.3254,13.484],[79.3329,13.4841],[79.3444,13.4867],[79.3469,13.4853],[79.3499,13.4899],[79.3554,13.4891],[79.3632,13.492],[79.3794,13.4931],[79.3862,13.4891],[79.3926,13.4917],[79.3934,13.4967],[79.4002,13.502],[79.4029,13.5029],[79.4151,13.5025],[79.4158,13.5004],[79.4123,13.492],[79.4167,13.491],[79.4249,13.492],[79.4412,13.4996],[79.4444,13.4971],[79.4496,13.4988],[79.4573,13.5056],[79.4719,13.5076],[79.4744,13.5045],[79.4779,13.5081],[79.4846,13.5099],[79.4909,13.5104],[79.4893,13.5039],[79.4931,13.496],[79.4996,13.4995],[79.5088,13.4974],[79.5116,13.4948],[79.5186,13.493],[79.5184,13.4909],[79.5094,13.4901],[79.5092,13.4846],[79.5025,13.4841],[79.5016,13.4785],[79.5034,13.4753],[79.5003,13.4714],[79.4908,13.4687],[79.4865,13.4736],[79.4754,13.4734],[79.4744,13.4705],[79.4794,13.4601],[79.4863,13.4548],[79.4905,13.4554],[79.4975,13.4601],[79.5003,13.4651],[79.5035,13.4656],[79.5066,13.4627],[79.5132,13.4636],[79.5167,13.4588],[79.5195,13.4525],[79.5187,13.4494],[79.5205,13.4443],[79.5138,13.4453],[79.5099,13.4422],[79.51,13.439],[79.5078,13.421],[79.5081,13.4142],[79.5102,13.4036],[79.5092,13.3941],[79.5096,13.3836],[79.5045,13.3808],[79.509,13.373],[79.5094,13.3695],[79.5036,13.3643],[79.5073,13.3612],[79.5046,13.3572],[79.5,13.3566],[79.4978,13.3516],[79.4981,13.3469],[79.4986,13.3445],[79.4973,13.3364],[79.4978,13.3326],[79.5101,13.3342],[79.511,13.3419],[79.5222,13.3419],[79.5264,13.3442],[79.5359,13.3382],[79.5386,13.3439],[79.5377,13.3462],[79.5405,13.3573],[79.5434,13.362],[79.5521,13.3685],[79.5633,13.3751],[79.5734,13.379],[79.5792,13.3799],[79.5804,13.384],[79.578,13.3873],[79.5784,13.3933],[79.587,13.3952],[79.599,13.3988],[79.6183,13.3967],[79.6185,13.3982],[79.6267,13.3977],[79.6276,13.3929],[79.6334,13.3931],[79.6421,13.3947],[79.6434,13.3983],[79.6488,13.4001],[79.6508,13.4069],[79.6502,13.4105],[79.6612,13.4112],[79.6647,13.4101],[79.6729,13.4144],[79.6727,13.4311],[79.6737,13.4384],[79.6815,13.4427],[79.6896,13.4405],[79.6924,13.4408],[79.6957,13.4441],[79.7008,13.4433],[79.7125,13.4399],[79.7136,13.432],[79.7125,13.4254],[79.715,13.4211],[79.7103,13.4171],[79.7079,13.413],[79.7059,13.4027],[79.7024,13.3996],[79.7002,13.3913],[79.7024,13.3866],[79.7147,13.3865],[79.7195,13.3855],[79.7215,13.3827],[79.7238,13.3744],[79.7219,13.368],[79.7271,13.3679],[79.731,13.364],[79.7319,13.359],[79.7386,13.3556],[79.7457,13.3454],[79.749,13.3385],[79.7525,13.3275],[79.7565,13.3222],[79.7668,13.3214],[79.774,13.3112],[79.7795,13.3063],[79.7836,13.3018],[79.7856,13.2967],[79.7917,13.2935],[79.8017,13.3005],[79.8046,13.3067],[79.8043,13.3117],[79.8079,13.3141],[79.809,13.3172],[79.8174,13.3186],[79.8292,13.3175],[79.8326,13.3154],[79.8464,13.3153],[79.8481,13.3166],[79.8533,13.316],[79.8535,13.3207],[79.8589,13.318],[79.8633,13.3177],[79.8679,13.3302],[79.8697,13.3302],[79.8776,13.3243],[79.8809,13.3248],[79.8835,13.3329],[79.8868,13.3351],[79.8922,13.3352],[79.9038,13.3404],[79.9052,13.3435],[79.9104,13.3473],[79.9149,13.3481],[79.9134,13.3522],[79.9168,13.3581],[79.9253,13.3584],[79.9292,13.3556],[79.9313,13.3515],[79.9359,13.3564],[79.938,13.3555],[79.9412,13.36],[79.9453,13.3634],[79.9492,13.3777],[79.9539,13.3771],[79.958,13.3792],[79.9626,13.3884],[79.9626,13.3942],[79.9562,13.3971],[79.9466,13.3963],[79.9444,13.3969],[79.9432,13.4026],[79.9444,13.4063],[79.9422,13.4128],[79.9384,13.4128],[79.9366,13.4157],[79.9418,13.4167],[79.942,13.4197],[79.9396,13.425],[79.9482,13.425],[79.9526,13.4258],[79.9575,13.4236],[79.962,13.4234],[79.9658,13.4266],[79.9707,13.4273],[79.9733,13.4297],[79.9735,13.4356],[79.972,13.4426],[79.9727,13.4587],[79.9724,13.4691],[79.9824,13.4705],[79.9841,13.4796],[79.9876,13.479],[80.0075,13.4786],[80.0076,13.4814],[80.0158,13.489],[80.0144,13.4961],[80.0159,13.498],[80.03,13.4982],[80.0466,13.4937],[80.0466,13.5],[80.0485,13.5126],[80.0354,13.5185],[80.027,13.5136],[80.0193,13.519],[80.0175,13.5298],[80.0081,13.5259],[80.0005,13.5257],[80,13.5298],[80.0003,13.5446],[80.0018,13.5465],[80.0086,13.5462],[80.014,13.5474],[80.0243,13.546],[80.0282,13.5389],[80.0417,13.5382],[80.0512,13.5368],[80.0574,13.5367],[80.0603,13.5403],[80.0611,13.5436],[80.0655,13.546],[80.0705,13.5451],[80.0814,13.549],[80.0878,13.5376],[80.083,13.5354],[80.0784,13.5297],[80.0771,13.5234],[80.0766,13.4955],[80.0774,13.4894],[80.0984,13.4885],[80.1048,13.4945],[80.1073,13.4895],[80.111,13.494],[80.1117,13.5037],[80.1234,13.5031],[80.1262,13.5044],[80.1333,13.5014],[80.1397,13.5042],[80.1495,13.4978],[80.1509,13.4905],[80.163,13.4881],[80.179,13.4906],[80.1866,13.4905],[80.2071,13.4874],[80.2098,13.4907],[80.2144,13.4898],[80.2136,13.4861],[80.2228,13.4853],[80.2286,13.4826],[80.2348,13.4748],[80.2426,13.4747],[80.2505,13.5],[80.2583,13.5359],[80.2641,13.5622],[80.2687,13.5645],[80.2636,13.5761],[80.2572,13.5873],[80.2515,13.5997],[80.2463,13.6084],[80.2426,13.6168],[80.2373,13.6364],[80.2342,13.6542],[80.2336,13.6601],[80.2333,13.6794],[80.2342,13.6946],[80.2373,13.7218],[80.2398,13.7343],[80.2428,13.7437],[80.2465,13.7582],[80.2494,13.7658],[80.2499,13.77],[80.2499,13.7984],[80.2465,13.804],[80.2429,13.8127],[80.2411,13.8199],[80.2337,13.839],[80.2273,13.8537],[80.2246,13.8617],[80.2209,13.8754],[80.2108,13.8961],[80.2038,13.9066],[80.1982,13.9176],[80.191,13.9381],[80.1852,13.9528],[80.1767,13.9723],[80.168,13.9898],[80.1602,14.0105],[80.1549,14.0229],[80.1498,14.0322],[80.1461,14.0447],[80.1431,14.0569],[80.142,14.0672],[80.1421,14.0751],[80.1357,14.087],[80.1338,14.0973],[80.1309,14.1227],[80.1296,14.1247],[80.1284,14.135],[80.1264,14.1647],[80.1271,14.1926],[80.1293,14.2199],[80.131,14.2301],[80.1346,14.2439],[80.1387,14.2539],[80.1389,14.2584]]]},"properties":{"district_name":"Tirupati","district_id":"tirupati","ST_NAME":"Andhra Pradesh"}},{"type":"Feature","geometry":{"type":"Polygon","coordinates":[[[83.525,17.9476],[83.5185,17.9476],[83.5128,17.9447],[83.5032,17.9444],[83.4937,17.9451],[83.4844,17.9585],[83.4838,17.9611],[83.4749,17.9625],[83.4706,17.9667],[83.4659,17.9675],[83.4603,17.9635],[83.4539,17.9625],[83.4513,17.96],[83.4507,17.9542],[83.4513,17.9467],[83.4489,17.9453],[83.442,17.9477],[83.4371,17.9455],[83.4425,17.9431],[83.4441,17.9406],[83.4451,17.931],[83.4486,17.928],[83.444,17.9254],[83.4385,17.9316],[83.4323,17.9368],[83.424,17.94],[83.4167,17.953],[83.4108,17.9589],[83.4079,17.9632],[83.4078,17.9679],[83.4122,17.9701],[83.4128,17.9728],[83.4127,17.9852],[83.4179,17.9869],[83.4203,17.9919],[83.4289,17.9984],[83.4295,18.0075],[83.4265,18.0124],[83.4044,18.014],[83.4005,18.0191],[83.3994,18.0293],[83.4013,18.0389],[83.3983,18.0479],[83.3899,18.0512],[83.3789,18.0525],[83.3708,18.0548],[83.3647,18.0577],[83.3608,18.063],[83.3531,18.0658],[83.3499,18.0636],[83.3425,18.0609],[83.3439,18.0555],[83.3414,18.0508],[83.3311,18.0429],[83.3269,18.0421],[83.3205,18.0343],[83.3195,18.0274],[83.3164,18.0257],[83.3091,18.0315],[83.306,18.029],[83.312,18.0232],[83.3085,18.0214],[83.3081,18.0183],[83.3124,18.0171],[83.314,18.012],[83.3132,18.0054],[83.3103,18.0038],[83.3047,18.0069],[83.293,18.0071],[83.2948,18.0027],[83.2959,17.9956],[83.292,17.9965],[83.2804,18.0054],[83.2753,18.0068],[83.2731,18.0057],[83.2716,17.9999],[83.2678,17.9954],[83.2681,17.9869],[83.2652,17.9819],[83.2581,17.9738],[83.2531,17.971],[83.2548,17.965],[83.2435,17.9498],[83.2372,17.9488],[83.23,17.9454],[83.2326,17.94],[83.2333,17.9344],[83.2361,17.9315],[83.2359,17.9268],[83.2401,17.9255],[83.2493,17.9254],[83.2561,17.9225],[83.262,17.9159],[83.2536,17.9105],[83.2463,17.9065],[83.2437,17.9037],[83.2397,17.8964],[83.2373,17.8893],[83.2339,17.8841],[83.2333,17.8755],[83.229,17.8732],[83.2144,17.8803],[83.2115,17.8763],[83.2105,17.8681],[83.2086,17.8615],[83.2134,17.8607],[83.2128,17.8577],[83.2073,17.852],[83.2062,17.8485],[83.1922,17.8511],[83.188,17.851],[83.1881,17.8454],[83.1815,17.8455],[83.1673,17.8479],[83.1621,17.8385],[83.162,17.8328],[83.1632,17.8214],[83.1619,17.8131],[83.1617,17.8021],[83.163,17.7961],[83.1614,17.7882],[83.1646,17.7808],[83.1612,17.7752],[83.1583,17.7741],[83.1604,17.7657],[83.1645,17.7571],[83.1621,17.7507],[83.1576,17.7352],[83.1547,17.7332],[83.155,17.7289],[83.1513,17.7179],[83.1459,17.7131],[83.1377,17.713],[83.1371,17.7096],[83.1326,17.7087],[83.1248,17.711],[83.1222,17.7097],[83.1223,17.7007],[83.1195,17.6977],[83.1141,17.6984],[83.1121,17.693],[83.1156,17.6861],[83.1188,17.6863],[83.122,17.6828],[83.1278,17.6822],[83.1245,17.6733],[83.1218,17.6715],[83.1227,17.6679],[83.1263,17.666],[83.1276,17.6623],[83.1254,17.6588],[83.1307,17.6585],[83.1394,17.6561],[83.146,17.6557],[83.1475,17.6499],[83.1528,17.6487],[83.145,17.6341],[83.1358,17.621],[83.1309,17.6131],[83.1297,17.6037],[83.1258,17.5981],[83.1231,17.5823],[83.116,17.551],[83.1147,17.5467],[83.126,17.5508],[83.1422,17.5553],[83.1439,17.5563],[83.1625,17.5607],[83.1699,17.567],[83.1703,17.5712],[83.174,17.5751],[83.1817,17.5795],[83.1972,17.5844],[83.2097,17.5907],[83.2157,17.5956],[83.2153,17.5977],[83.2272,17.6059],[83.2317,17.6082],[83.2375,17.6136],[83.2329,17.6154],[83.2335,17.622],[83.2364,17.6296],[83.2416,17.6342],[83.2476,17.6378],[83.2519,17.6392],[83.2599,17.6444],[83.2604,17.6495],[83.2703,17.6552],[83.2821,17.6606],[83.2843,17.6657],[83.2947,17.6748],[83.2952,17.6811],[83.2974,17.6855],[83.2962,17.6928],[83.3103,17.7049],[83.3167,17.7094],[83.3263,17.7149],[83.3357,17.7188],[83.3433,17.7232],[83.3466,17.7269],[83.3445,17.7299],[83.3436,17.7351],[83.3446,17.74],[83.35,17.746],[83.3514,17.7523],[83.3562,17.7583],[83.3636,17.7639],[83.3731,17.7685],[83.384,17.7763],[83.3868,17.779],[83.3855,17.7854],[83.3907,17.7928],[83.3961,17.7972],[83.3981,17.8004],[83.4107,17.8097],[83.4112,17.8136],[83.4161,17.823],[83.4161,17.834],[83.4121,17.8363],[83.4107,17.8422],[83.4124,17.8464],[83.4166,17.8529],[83.4214,17.8581],[83.4342,17.8673],[83.4437,17.8733],[83.4474,17.8805],[83.4554,17.8878],[83.4563,17.8905],[83.4553,17.8968],[83.4585,17.9014],[83.4692,17.9115],[83.4892,17.9254],[83.4994,17.9315],[83.513,17.938],[83.5144,17.9414],[83.5212,17.9461],[83.525,17.9476]]]},"properties":{"district_name":"Visakhapatnam","district_id":"visakhapatnam","ST_NAME":"Andhra Pradesh"}},{"type":"Feature","geometry":{"type":"Polygon","coordinates":[[[83.7678,18.5667],[83.7589,18.5665],[83.7553,18.5692],[83.7542,18.5729],[83.7563,18.5795],[83.7532,18.5824],[83.7434,18.5831],[83.7416,18.5786],[83.735,18.5695],[83.7303,18.5661],[83.7285,18.5616],[83.7248,18.5597],[83.7196,18.5618],[83.7212,18.5694],[83.7203,18.5709],[83.713,18.5709],[83.7084,18.5698],[83.7008,18.5704],[83.6941,18.5753],[83.689,18.5803],[83.6809,18.5831],[83.6674,18.5805],[83.6611,18.5824],[83.6545,18.5875],[83.6485,18.5897],[83.6448,18.5926],[83.6442,18.5978],[83.6398,18.6028],[83.6354,18.6051],[83.6342,18.6094],[83.6351,18.6141],[83.6295,18.6246],[83.6229,18.6277],[83.6218,18.6295],[83.6221,18.6372],[83.6204,18.64],[83.6134,18.6473],[83.6056,18.6475],[83.6039,18.6494],[83.6052,18.6561],[83.6042,18.6582],[83.5976,18.6588],[83.5894,18.6616],[83.585,18.665],[83.5826,18.6719],[83.5763,18.6726],[83.5729,18.6763],[83.5722,18.68],[83.575,18.6836],[83.5726,18.689],[83.5714,18.696],[83.5646,18.7014],[83.5574,18.7025],[83.5528,18.7045],[83.547,18.7117],[83.5386,18.7113],[83.5371,18.7065],[83.5398,18.701],[83.5401,18.6911],[83.5416,18.6869],[83.5521,18.6839],[83.5556,18.6797],[83.5575,18.6742],[83.5611,18.6681],[83.5607,18.6651],[83.5565,18.6548],[83.5512,18.6502],[83.5505,18.6453],[83.5549,18.6389],[83.5562,18.6329],[83.555,18.6304],[83.5492,18.6276],[83.5485,18.623],[83.5526,18.6167],[83.5525,18.6105],[83.5504,18.5992],[83.5508,18.5952],[83.5665,18.5951],[83.5702,18.5912],[83.5638,18.5856],[83.5577,18.5845],[83.5529,18.5806],[83.5487,18.5787],[83.5425,18.5799],[83.5405,18.5679],[83.5342,18.5646],[83.5326,18.5607],[83.5286,18.5583],[83.5263,18.554],[83.5264,18.5508],[83.5362,18.5505],[83.5377,18.5423],[83.5392,18.5404],[83.5478,18.5383],[83.5464,18.5337],[83.5432,18.532],[83.54,18.5264],[83.5314,18.5316],[83.5291,18.5253],[83.5159,18.5212],[83.519,18.5278],[83.5171,18.5314],[83.5177,18.5347],[83.5096,18.5398],[83.4999,18.5438],[83.4971,18.5591],[83.4954,18.5605],[83.4864,18.5598],[83.4796,18.5609],[83.4764,18.5645],[83.4735,18.5654],[83.473,18.5735],[83.4743,18.5772],[83.4822,18.5766],[83.4872,18.5728],[83.492,18.58],[83.4938,18.5847],[83.4949,18.5918],[83.4944,18.5975],[83.4926,18.6018],[83.4867,18.6084],[83.481,18.6115],[83.4759,18.6171],[83.4668,18.6165],[83.4624,18.6234],[83.4501,18.6267],[83.4453,18.6265],[83.4393,18.6237],[83.4332,18.6165],[83.433,18.6094],[83.4318,18.6049],[83.4284,18.6069],[83.4275,18.6099],[83.423,18.6096],[83.4225,18.6136],[83.4172,18.6122],[83.4153,18.6211],[83.4121,18.6209],[83.4069,18.6168],[83.4091,18.6103],[83.4064,18.607],[83.4017,18.6047],[83.3917,18.6095],[83.3811,18.6093],[83.3779,18.6116],[83.3735,18.6024],[83.3676,18.5989],[83.3633,18.6021],[83.355,18.604],[83.3496,18.6084],[83.3466,18.6088],[83.3442,18.6153],[83.3445,18.6238],[83.3458,18.6296],[83.3485,18.6348],[83.349,18.6382],[83.3459,18.6442],[83.3414,18.6462],[83.3354,18.6532],[83.3335,18.6585],[83.3244,18.6597],[83.3208,18.6577],[83.319,18.6522],[83.3168,18.6412],[83.3081,18.6316],[83.2978,18.6248],[83.2914,18.6196],[83.2893,18.6205],[83.29,18.6255],[83.288,18.6276],[83.2799,18.6259],[83.2761,18.6192],[83.269,18.6136],[83.2637,18.6052],[83.2612,18.603],[83.2581,18.5963],[83.2543,18.5945],[83.2484,18.5857],[83.2577,18.5865],[83.2613,18.5836],[83.2571,18.5787],[83.2607,18.5718],[83.2588,18.568],[83.2523,18.5659],[83.2513,18.559],[83.2662,18.5565],[83.2758,18.5524],[83.273,18.543],[83.2667,18.5421],[83.2586,18.5393],[83.2502,18.5391],[83.2486,18.5374],[83.2468,18.53],[83.2406,18.526],[83.2369,18.52],[83.2331,18.519],[83.2335,18.515],[83.2307,18.5119],[83.2299,18.5085],[83.2225,18.5019],[83.2207,18.4944],[83.219,18.4922],[83.2184,18.4869],[83.2224,18.4798],[83.2275,18.4871],[83.2322,18.4846],[83.2394,18.4752],[83.2386,18.4732],[83.2402,18.467],[83.2423,18.4653],[83.2462,18.4689],[83.2485,18.4751],[83.2555,18.4793],[83.2623,18.4763],[83.2641,18.4713],[83.2597,18.4704],[83.2588,18.4679],[83.2511,18.4625],[83.2526,18.4579],[83.2468,18.4594],[83.2415,18.4535],[83.24,18.4462],[83.2344,18.4441],[83.2302,18.4508],[83.2279,18.4487],[83.2248,18.4424],[83.2189,18.4388],[83.2159,18.4404],[83.2054,18.4376],[83.2048,18.4281],[83.2022,18.4233],[83.2021,18.4174],[83.2053,18.4163],[83.2126,18.4105],[83.209,18.404],[83.2114,18.4021],[83.2224,18.4041],[83.2247,18.3982],[83.2142,18.3941],[83.2092,18.3909],[83.2031,18.3888],[83.1996,18.3825],[83.1936,18.3777],[83.1852,18.3741],[83.1851,18.371],[83.1796,18.3724],[83.1758,18.3717],[83.1639,18.3594],[83.1626,18.3524],[83.16,18.3445],[83.1548,18.3403],[83.1635,18.3367],[83.1654,18.3344],[83.1694,18.3246],[83.1694,18.3114],[83.1707,18.3087],[83.1783,18.3086],[83.1868,18.3178],[83.1919,18.3194],[83.1951,18.323],[83.2022,18.3241],[83.2068,18.3269],[83.214,18.3274],[83.2217,18.3295],[83.2268,18.3278],[83.2291,18.3225],[83.2291,18.3172],[83.2254,18.3135],[83.2208,18.3066],[83.2206,18.3031],[83.218,18.3009],[83.2191,18.2961],[83.2251,18.2926],[83.2351,18.2855],[83.2525,18.278],[83.2634,18.2711],[83.2655,18.2681],[83.2653,18.2609],[83.2608,18.2495],[83.2616,18.2424],[83.2607,18.2353],[83.2647,18.23],[83.2657,18.225],[83.2652,18.2158],[83.2517,18.2284],[83.248,18.2301],[83.2409,18.223],[83.2409,18.2041],[83.2263,18.2067],[83.2262,18.218],[83.22,18.2244],[83.2165,18.2223],[83.2218,18.2164],[83.2212,18.209],[83.2175,18.2086],[83.2151,18.2033],[83.2157,18.1996],[83.2206,18.1984],[83.224,18.1956],[83.2234,18.1913],[83.2188,18.1888],[83.215,18.1888],[83.2107,18.1913],[83.205,18.1925],[83.203,18.1947],[83.1983,18.1964],[83.1923,18.196],[83.1842,18.2036],[83.1835,18.2076],[83.1809,18.2111],[83.1808,18.217],[83.1782,18.2223],[83.175,18.2219],[83.1694,18.2174],[83.1602,18.2168],[83.1582,18.2152],[83.1579,18.2102],[83.1631,18.2053],[83.1645,18.2],[83.1623,18.1926],[83.1625,18.19],[83.1675,18.1905],[83.171,18.1879],[83.1711,18.1842],[83.1676,18.179],[83.1623,18.1766],[83.156,18.1751],[83.1506,18.1753],[83.1396,18.1789],[83.1373,18.1842],[83.1392,18.1883],[83.1391,18.1951],[83.1371,18.1991],[83.1308,18.2022],[83.126,18.2012],[83.1236,18.2078],[83.1149,18.2094],[83.1099,18.2067],[83.103,18.2002],[83.1029,18.1966],[83.1055,18.1935],[83.104,18.1884],[83.1074,18.1814],[83.1126,18.1781],[83.1176,18.1708],[83.1191,18.1673],[83.1235,18.1619],[83.1292,18.1602],[83.1435,18.1638],[83.1504,18.1622],[83.1674,18.1488],[83.1683,18.1439],[83.1636,18.141],[83.1588,18.1422],[83.1525,18.1452],[83.1487,18.1458],[83.1398,18.1492],[83.1297,18.1498],[83.1253,18.1455],[83.1234,18.1405],[83.1188,18.1322],[83.1249,18.1274],[83.1258,18.1217],[83.1191,18.1152],[83.1223,18.1135],[83.1295,18.1133],[83.1316,18.1123],[83.1322,18.1073],[83.1303,18.1048],[83.124,18.1012],[83.1119,18.0989],[83.1001,18.0912],[83.0969,18.0913],[83.0929,18.0885],[83.0842,18.0895],[83.077,18.0854],[83.0706,18.0771],[83.0624,18.0756],[83.0579,18.0775],[83.0541,18.0815],[83.0511,18.0777],[83.0528,18.0743],[83.0529,18.066],[83.0504,18.0639],[83.0419,18.0621],[83.033,18.0622],[83.0261,18.0607],[83.0175,18.055],[83.0097,18.0416],[83.0101,18.0361],[83.0136,18.0336],[83.0121,18.0292],[83.0078,18.0254],[83.0083,18.0183],[83.0076,18.0076],[83.0133,17.9977],[83.0082,17.9921],[83.0077,17.9857],[83.0093,17.9761],[83.0204,17.9715],[83.0225,17.9699],[83.032,17.9707],[83.0403,17.9689],[83.0464,17.9629],[83.0503,17.9625],[83.0575,17.9593],[83.0602,17.953],[83.065,17.9509],[83.0721,17.9444],[83.0801,17.9443],[83.0868,17.9412],[83.0907,17.938],[83.0983,17.9395],[83.1099,17.9377],[83.111,17.9354],[83.1102,17.922],[83.112,17.9193],[83.1213,17.9159],[83.1251,17.9088],[83.1285,17.9043],[83.1286,17.9003],[83.1251,17.8884],[83.1278,17.8876],[83.1281,17.8814],[83.1307,17.8722],[83.1355,17.8756],[83.1391,17.8755],[83.1435,17.8728],[83.1483,17.8679],[83.1495,17.8612],[83.1497,17.8502],[83.1515,17.8452],[83.1602,17.8431],[83.1621,17.8385],[83.1673,17.8479],[83.1815,17.8455],[83.1881,17.8454],[83.188,17.851],[83.1922,17.8511],[83.2062,17.8485],[83.2073,17.852],[83.2128,17.8577],[83.2134,17.8607],[83.2086,17.8615],[83.2105,17.8681],[83.2115,17.8763],[83.2144,17.8803],[83.229,17.8732],[83.2333,17.8755],[83.2339,17.8841],[83.2373,17.8893],[83.2397,17.8964],[83.2437,17.9037],[83.2463,17.9065],[83.2536,17.9105],[83.262,17.9159],[83.2561,17.9225],[83.2493,17.9254],[83.2401,17.9255],[83.2359,17.9268],[83.2361,17.9315],[83.2333,17.9344],[83.2326,17.94],[83.23,17.9454],[83.2372,17.9488],[83.2435,17.9498],[83.2548,17.965],[83.2531,17.971],[83.2581,17.9738],[83.2652,17.9819],[83.2681,17.9869],[83.2678,17.9954],[83.2716,17.9999],[83.2731,18.0057],[83.2753,18.0068],[83.2804,18.0054],[83.292,17.9965],[83.2959,17.9956],[83.2948,18.0027],[83.293,18.0071],[83.3047,18.0069],[83.3103,18.0038],[83.3132,18.0054],[83.314,18.012],[83.3124,18.0171],[83.3081,18.0183],[83.3085,18.0214],[83.312,18.0232],[83.306,18.029],[83.3091,18.0315],[83.3164,18.0257],[83.3195,18.0274],[83.3205,18.0343],[83.3269,18.0421],[83.3311,18.0429],[83.3414,18.0508],[83.3439,18.0555],[83.3425,18.0609],[83.3499,18.0636],[83.3531,18.0658],[83.3608,18.063],[83.3647,18.0577],[83.3708,18.0548],[83.3789,18.0525],[83.3899,18.0512],[83.3983,18.0479],[83.4013,18.0389],[83.3994,18.0293],[83.4005,18.0191],[83.4044,18.014],[83.4265,18.0124],[83.4295,18.0075],[83.4289,17.9984],[83.4203,17.9919],[83.4179,17.9869],[83.4127,17.9852],[83.4128,17.9728],[83.4122,17.9701],[83.4078,17.9679],[83.4079,17.9632],[83.4108,17.9589],[83.4167,17.953],[83.424,17.94],[83.4323,17.9368],[83.4385,17.9316],[83.444,17.9254],[83.4486,17.928],[83.4451,17.931],[83.4441,17.9406],[83.4425,17.9431],[83.4371,17.9455],[83.442,17.9477],[83.4489,17.9453],[83.4513,17.9467],[83.4507,17.9542],[83.4513,17.96],[83.4539,17.9625],[83.4603,17.9635],[83.4659,17.9675],[83.4706,17.9667],[83.4749,17.9625],[83.4838,17.9611],[83.4844,17.9585],[83.4937,17.9451],[83.5032,17.9444],[83.5128,17.9447],[83.5185,17.9476],[83.525,17.9476],[83.5318,17.9513],[83.5327,17.9545],[83.5394,17.9588],[83.5438,17.9633],[83.5508,17.9759],[83.5576,17.9816],[83.5609,17.9889],[83.5591,17.9912],[83.5588,17.9966],[83.5602,17.9998],[83.5696,18.0114],[83.5912,18.0265],[83.6028,18.0359],[83.6124,18.0425],[83.6308,18.0531],[83.6445,18.0631],[83.6484,18.0667],[83.6565,18.0716],[83.664,18.0783],[83.6646,18.0844],[83.6556,18.09],[83.6514,18.0941],[83.6479,18.1013],[83.6421,18.1064],[83.6352,18.1045],[83.6306,18.1081],[83.623,18.1124],[83.6202,18.1154],[83.6203,18.12],[83.6241,18.1289],[83.6183,18.1365],[83.6092,18.1437],[83.6082,18.1482],[83.604,18.1529],[83.6028,18.1574],[83.6027,18.1649],[83.6121,18.1666],[83.6138,18.168],[83.6134,18.176],[83.615,18.1782],[83.6142,18.1841],[83.6108,18.1917],[83.6044,18.1931],[83.6048,18.1982],[83.6038,18.2088],[83.6105,18.2078],[83.616,18.2081],[83.6236,18.217],[83.6321,18.2174],[83.642,18.2105],[83.6486,18.2105],[83.6507,18.2129],[83.6515,18.2178],[83.6554,18.2247],[83.6637,18.2314],[83.664,18.2367],[83.6618,18.2399],[83.6628,18.2479],[83.6644,18.2503],[83.6649,18.2608],[83.6641,18.2641],[83.6651,18.2711],[83.6687,18.2729],[83.6712,18.2762],[83.6719,18.2809],[83.677,18.2841],[83.6846,18.2863],[83.6923,18.2869],[83.7031,18.292],[83.6962,18.3059],[83.6912,18.3035],[83.682,18.3086],[83.6809,18.312],[83.6718,18.3124],[83.6685,18.317],[83.6627,18.317],[83.65,18.3192],[83.6477,18.3208],[83.6244,18.3219],[83.6216,18.3227],[83.6239,18.3273],[83.6241,18.3326],[83.6217,18.3338],[83.6163,18.3322],[83.612,18.3284],[83.606,18.3296],[83.5998,18.3297],[83.6093,18.3378],[83.6055,18.3416],[83.5994,18.3422],[83.5937,18.3499],[83.5885,18.351],[83.5852,18.3544],[83.5853,18.3569],[83.5896,18.3603],[83.5901,18.3655],[83.5999,18.3689],[83.5969,18.3716],[83.5989,18.3805],[83.6034,18.3831],[83.612,18.381],[83.6169,18.3814],[83.6282,18.3769],[83.6384,18.3769],[83.6415,18.3805],[83.6459,18.3824],[83.6499,18.3855],[83.6629,18.3844],[83.6699,18.387],[83.675,18.3863],[83.6828,18.389],[83.6943,18.3889],[83.7042,18.3873],[83.7055,18.3911],[83.7048,18.399],[83.7057,18.4034],[83.6997,18.4093],[83.7008,18.4198],[83.7,18.4231],[83.6957,18.4242],[83.6955,18.4293],[83.6974,18.432],[83.6962,18.4374],[83.7037,18.4422],[83.7112,18.4439],[83.7096,18.4376],[83.7145,18.4349],[83.7237,18.4366],[83.7243,18.4334],[83.7225,18.4288],[83.715,18.4266],[83.718,18.4241],[83.723,18.4249],[83.7291,18.4273],[83.7289,18.4201],[83.7349,18.4128],[83.7387,18.41],[83.7385,18.4061],[83.7457,18.4024],[83.7517,18.3967],[83.755,18.3954],[83.7557,18.3909],[83.7618,18.3881],[83.7633,18.3839],[83.7676,18.3789],[83.7683,18.3745],[83.7728,18.3756],[83.7751,18.3778],[83.7841,18.376],[83.7882,18.3736],[83.7904,18.3697],[83.7961,18.3711],[83.8003,18.3704],[83.8029,18.377],[83.7965,18.3817],[83.7982,18.3915],[83.8012,18.3912],[83.8057,18.3935],[83.8175,18.3898],[83.8233,18.3857],[83.8273,18.3847],[83.8306,18.386],[83.8294,18.3926],[83.824,18.3966],[83.8227,18.399],[83.8231,18.4042],[83.8307,18.4099],[83.8314,18.414],[83.8343,18.4147],[83.8332,18.4193],[83.8308,18.4223],[83.8242,18.4265],[83.8199,18.4272],[83.8106,18.4317],[83.8094,18.4365],[83.8102,18.4426],[83.8138,18.4486],[83.8185,18.4682],[83.8165,18.4738],[83.8188,18.4746],[83.8081,18.4844],[83.8009,18.4921],[83.7935,18.495],[83.7881,18.5065],[83.7883,18.514],[83.7942,18.5282],[83.8022,18.5399],[83.8025,18.544],[83.7984,18.5487],[83.7937,18.5465],[83.7899,18.5421],[83.7846,18.5407],[83.7814,18.5437],[83.7807,18.5505],[83.7763,18.5616],[83.7735,18.5648],[83.7678,18.5667]],[[83.598,18.5601],[83.6039,18.5601],[83.609,18.5588],[83.6164,18.5618],[83.6248,18.5616],[83.6287,18.5604],[83.6323,18.5563],[83.6341,18.5464],[83.6326,18.5389],[83.6307,18.5342],[83.6307,18.5255],[83.6236,18.5278],[83.6145,18.5288],[83.6076,18.5287],[83.6014,18.5302],[83.5934,18.5292],[83.5874,18.5315],[83.5828,18.5313],[83.5813,18.5285],[83.5741,18.528],[83.5675,18.5303],[83.5673,18.5329],[83.5602,18.5363],[83.5584,18.5387],[83.5581,18.5496],[83.5587,18.5548],[83.5639,18.5628],[83.5732,18.5667],[83.5814,18.566],[83.5884,18.5627],[83.598,18.5601]]]},"properties":{"district_name":"Vizianagaram","district_id":"vizianagaram","ST_NAME":"Andhra Pradesh"}},{"type":"Feature","geometry":{"type":"Polygon","coordinates":[[[81.8011,16.695],[81.788,16.695],[81.7874,16.6923],[81.7885,16.6858],[81.7832,16.6853],[81.7802,16.6829],[81.7713,16.6824],[81.7682,16.6814],[81.7677,16.6743],[81.7592,16.6745],[81.7582,16.676],[81.7607,16.6819],[81.7592,16.6941],[81.7567,16.6992],[81.7547,16.6986],[81.7524,16.7049],[81.7489,16.7049],[81.7496,16.714],[81.7525,16.728],[81.7448,16.7304],[81.738,16.7251],[81.734,16.7273],[81.7202,16.7282],[81.7234,16.7443],[81.7217,16.7444],[81.7242,16.7556],[81.7262,16.7621],[81.7257,16.7707],[81.721,16.77],[81.7217,16.7641],[81.7113,16.7653],[81.7041,16.7647],[81.6962,16.7663],[81.6925,16.7646],[81.69,16.7667],[81.6821,16.7676],[81.6806,16.7613],[81.6769,16.765],[81.6767,16.7675],[81.6704,16.7668],[81.6685,16.775],[81.6552,16.7757],[81.6453,16.7786],[81.6464,16.7843],[81.6428,16.7853],[81.6351,16.7851],[81.6332,16.7885],[81.6249,16.7955],[81.6312,16.8006],[81.6357,16.8114],[81.639,16.8269],[81.6417,16.8303],[81.6481,16.8321],[81.6522,16.8374],[81.6535,16.8443],[81.656,16.8502],[81.6536,16.8543],[81.6514,16.852],[81.6432,16.8568],[81.6373,16.8574],[81.6376,16.8596],[81.6316,16.8644],[81.63,16.8718],[81.6303,16.8795],[81.6282,16.8818],[81.6273,16.8871],[81.6246,16.8919],[81.6179,16.8946],[81.6153,16.8979],[81.6096,16.8988],[81.6076,16.9043],[81.602,16.9018],[81.5963,16.9045],[81.5902,16.9045],[81.5837,16.9013],[81.5799,16.9032],[81.5736,16.9019],[81.569,16.9112],[81.5664,16.9117],[81.5598,16.9161],[81.5533,16.9186],[81.5518,16.9261],[81.5537,16.9324],[81.5522,16.9365],[81.5466,16.9396],[81.5401,16.9474],[81.5371,16.9483],[81.534,16.945],[81.5283,16.9443],[81.5268,16.9477],[81.5219,16.9473],[81.5126,16.9553],[81.5045,16.9565],[81.5006,16.9633],[81.4962,16.9632],[81.4944,16.9719],[81.4903,16.9692],[81.4906,16.9627],[81.4932,16.9575],[81.4921,16.9528],[81.4876,16.949],[81.4865,16.9418],[81.4883,16.9382],[81.4877,16.9276],[81.4889,16.923],[81.4885,16.9175],[81.4861,16.909],[81.4798,16.9033],[81.477,16.9026],[81.473,16.8969],[81.4665,16.8971],[81.4618,16.8987],[81.463,16.8878],[81.4608,16.8774],[81.4579,16.8709],[81.4649,16.867],[81.4748,16.8642],[81.4754,16.8578],[81.4793,16.847],[81.4783,16.8419],[81.4809,16.8408],[81.481,16.8346],[81.4844,16.8264],[81.4876,16.8255],[81.4861,16.8184],[81.4927,16.8148],[81.4982,16.8137],[81.4953,16.8089],[81.4898,16.7966],[81.4829,16.7977],[81.4796,16.7913],[81.4724,16.7803],[81.4758,16.7767],[81.4749,16.7685],[81.476,16.7637],[81.4805,16.758],[81.4698,16.7602],[81.4651,16.7548],[81.4401,16.758],[81.4421,16.7535],[81.4413,16.7506],[81.4434,16.7448],[81.4432,16.7356],[81.4482,16.7341],[81.4469,16.7286],[81.4515,16.7259],[81.4608,16.7251],[81.4617,16.7272],[81.4686,16.7259],[81.4711,16.7312],[81.4755,16.7302],[81.4766,16.7345],[81.4792,16.7369],[81.4841,16.7351],[81.4886,16.7355],[81.4937,16.7302],[81.499,16.7293],[81.5043,16.7265],[81.5088,16.7292],[81.5117,16.7292],[81.5154,16.7361],[81.5222,16.7342],[81.5251,16.7311],[81.5319,16.7383],[81.5372,16.7371],[81.5467,16.7364],[81.5476,16.7438],[81.5502,16.751],[81.5521,16.761],[81.5601,16.7595],[81.5639,16.7606],[81.5661,16.7488],[81.5678,16.7461],[81.568,16.7402],[81.5661,16.7349],[81.566,16.7307],[81.5689,16.7227],[81.5798,16.7235],[81.5847,16.7224],[81.5937,16.7222],[81.5963,16.7207],[81.5955,16.7089],[81.599,16.7085],[81.5981,16.7026],[81.592,16.7034],[81.5899,16.7013],[81.5842,16.7032],[81.5791,16.6933],[81.5708,16.6914],[81.5711,16.6818],[81.5661,16.6798],[81.556,16.6791],[81.5537,16.67],[81.5536,16.6667],[81.5606,16.658],[81.5634,16.6564],[81.5607,16.6492],[81.5558,16.6445],[81.5501,16.6438],[81.5443,16.6467],[81.543,16.6523],[81.539,16.6523],[81.5402,16.6575],[81.5396,16.6649],[81.5325,16.6656],[81.5321,16.6722],[81.5249,16.6719],[81.5143,16.673],[81.5142,16.6687],[81.5113,16.6656],[81.5064,16.6661],[81.5067,16.6625],[81.4991,16.6643],[81.5006,16.6699],[81.492,16.6736],[81.4931,16.6811],[81.4931,16.6873],[81.4893,16.6885],[81.4742,16.6881],[81.4722,16.6815],[81.4723,16.6782],[81.465,16.6762],[81.4534,16.6759],[81.4531,16.6723],[81.4461,16.6685],[81.4439,16.6634],[81.4384,16.6626],[81.4321,16.6604],[81.4284,16.6627],[81.4181,16.6655],[81.4105,16.6649],[81.394,16.667],[81.3898,16.6661],[81.3758,16.6658],[81.3583,16.6637],[81.3439,16.6581],[81.3414,16.6644],[81.3437,16.6656],[81.343,16.6749],[81.3522,16.6784],[81.3531,16.6922],[81.3483,16.6935],[81.3453,16.6911],[81.3374,16.6908],[81.3297,16.6879],[81.3329,16.6799],[81.3338,16.6695],[81.3313,16.6573],[81.3303,16.6363],[81.328,16.6277],[81.3264,16.626],[81.3274,16.6184],[81.3336,16.6126],[81.3446,16.6063],[81.3492,16.609],[81.3546,16.6106],[81.3577,16.5972],[81.354,16.5941],[81.3486,16.5926],[81.3468,16.5905],[81.3465,16.5845],[81.3479,16.5799],[81.3458,16.5732],[81.3485,16.5682],[81.3449,16.5582],[81.3463,16.5524],[81.3445,16.5499],[81.342,16.5398],[81.3416,16.5345],[81.3433,16.5312],[81.3391,16.5261],[81.3375,16.5181],[81.3391,16.5127],[81.3336,16.5132],[81.3321,16.5101],[81.3381,16.5049],[81.3431,16.5046],[81.3464,16.507],[81.3516,16.5047],[81.3565,16.5069],[81.3622,16.5071],[81.3643,16.5051],[81.3657,16.5003],[81.3701,16.4993],[81.3719,16.4971],[81.37,16.4909],[81.3702,16.4874],[81.368,16.4823],[81.3686,16.4756],[81.3735,16.4736],[81.3791,16.4664],[81.3753,16.4633],[81.3735,16.4584],[81.376,16.4568],[81.3792,16.4512],[81.3834,16.447],[81.3889,16.4448],[81.3907,16.4399],[81.3972,16.4419],[81.4021,16.438],[81.3996,16.4334],[81.4018,16.4284],[81.4106,16.4211],[81.4147,16.4186],[81.4222,16.4201],[81.4258,16.418],[81.4279,16.41],[81.4321,16.4064],[81.4344,16.4016],[81.4372,16.3988],[81.4425,16.3983],[81.4527,16.4051],[81.4569,16.4044],[81.4615,16.3995],[81.4647,16.3977],[81.4717,16.3977],[81.4736,16.394],[81.4821,16.3854],[81.4844,16.3793],[81.4896,16.3719],[81.4947,16.3694],[81.4996,16.3702],[81.5083,16.3699],[81.5148,16.3727],[81.5166,16.376],[81.5214,16.3803],[81.5304,16.3784],[81.5441,16.3779],[81.5472,16.3741],[81.5482,16.3683],[81.5523,16.3601],[81.5536,16.353],[81.5588,16.3471],[81.5801,16.3447],[81.6119,16.34],[81.6273,16.3383],[81.6397,16.3351],[81.6501,16.3339],[81.6764,16.3289],[81.6823,16.3291],[81.6906,16.3278],[81.6995,16.3245],[81.7068,16.3191],[81.7132,16.3169],[81.7157,16.3241],[81.7124,16.3275],[81.7122,16.3355],[81.7167,16.3485],[81.7151,16.3618],[81.7092,16.3761],[81.7058,16.3927],[81.6972,16.4075],[81.6965,16.4134],[81.6988,16.4218],[81.7032,16.4307],[81.7116,16.4447],[81.7194,16.4477],[81.7258,16.4452],[81.7296,16.4408],[81.7341,16.4252],[81.7369,16.4229],[81.7448,16.4234],[81.7544,16.4229],[81.7626,16.429],[81.7627,16.4308],[81.7699,16.4407],[81.7822,16.4507],[81.7839,16.4605],[81.7853,16.4635],[81.7887,16.4629],[81.799,16.477],[81.8045,16.4801],[81.807,16.4833],[81.8115,16.4834],[81.8196,16.4901],[81.8424,16.4932],[81.847,16.4968],[81.849,16.5029],[81.8476,16.5129],[81.8455,16.5192],[81.8455,16.5302],[81.848,16.5387],[81.8518,16.5466],[81.8544,16.5585],[81.8549,16.5708],[81.8565,16.5852],[81.8587,16.5956],[81.8587,16.5996],[81.8572,16.6117],[81.8491,16.6284],[81.8432,16.6451],[81.838,16.6523],[81.8296,16.6601],[81.812,16.6784],[81.8068,16.6889],[81.8011,16.695]]]},"properties":{"district_name":"West Godavari","district_id":"west_godavari","ST_NAME":"Andhra Pradesh"}},{"type":"Feature","geometry":{"type":"Polygon","coordinates":[[[79.0895,15.0514],[79.088,15.0604],[79.0831,15.0823],[79.0805,15.0883],[79.0802,15.0946],[79.0763,15.103],[79.0753,15.1161],[79.0729,15.1328],[79.0721,15.1482],[79.0736,15.1655],[79.083,15.1736],[79.0755,15.1737],[79.0542,15.1758],[79.0409,15.1779],[79.0244,15.1794],[79.0171,15.1795],[79.0114,15.1755],[79.0117,15.1695],[79.0094,15.1686],[79.0017,15.1695],[78.9995,15.167],[78.9918,15.1691],[78.9817,15.1651],[78.9725,15.1688],[78.9676,15.1739],[78.9577,15.1764],[78.9566,15.1868],[78.953,15.1975],[78.9478,15.2038],[78.9497,15.2095],[78.9479,15.2287],[78.9374,15.2295],[78.9273,15.2288],[78.9262,15.2193],[78.9237,15.2162],[78.9218,15.2073],[78.9224,15.2038],[78.9199,15.199],[78.9196,15.1875],[78.9061,15.1881],[78.9035,15.1919],[78.8922,15.1923],[78.886,15.1948],[78.8781,15.1949],[78.8718,15.1982],[78.864,15.1979],[78.8507,15.1984],[78.8091,15.1994],[78.7778,15.2004],[78.7591,15.1858],[78.7574,15.1856],[78.7526,15.1606],[78.7521,15.1418],[78.7491,15.1351],[78.7521,15.1309],[78.7499,15.1091],[78.7504,15.1023],[78.7549,15.09],[78.7594,15.0805],[78.7541,15.0768],[78.7579,15.0667],[78.7566,15.0634],[78.7614,15.0598],[78.7605,15.0543],[78.7526,15.0414],[78.7518,15.0381],[78.748,15.0351],[78.7387,15.0312],[78.7287,15.0255],[78.7091,15.0229],[78.7131,15.0103],[78.7154,14.9986],[78.718,14.9703],[78.6919,14.9694],[78.6912,14.9653],[78.6884,14.9624],[78.6877,14.9553],[78.6847,14.9398],[78.6762,14.9369],[78.666,14.9365],[78.6647,14.9334],[78.6602,14.9311],[78.6502,14.9308],[78.6427,14.9282],[78.6301,14.927],[78.6321,14.9399],[78.6289,14.947],[78.6172,14.9495],[78.614,14.9486],[78.6052,14.9529],[78.6021,14.9553],[78.5968,14.9526],[78.5939,14.9438],[78.5906,14.9408],[78.5858,14.9458],[78.5826,14.9474],[78.5777,14.9452],[78.5745,14.9395],[78.5717,14.9395],[78.5672,14.937],[78.5666,14.9345],[78.5629,14.9325],[78.5565,14.9314],[78.5468,14.9342],[78.5467,14.9419],[78.5488,14.9525],[78.5514,14.9625],[78.5504,14.9637],[78.5402,14.9664],[78.5372,14.9624],[78.5282,14.9617],[78.523,14.9536],[78.5188,14.9539],[78.5167,14.9477],[78.5197,14.9447],[78.5173,14.9415],[78.5104,14.9358],[78.5044,14.9274],[78.4986,14.9241],[78.4939,14.9179],[78.4856,14.9022],[78.4778,14.9043],[78.4828,14.9218],[78.4848,14.9269],[78.4895,14.9326],[78.4915,14.9369],[78.496,14.9512],[78.4986,14.957],[78.5047,14.9561],[78.51,14.9703],[78.5105,14.9746],[78.513,14.9793],[78.5132,14.9843],[78.5166,14.9982],[78.5161,15.0022],[78.5088,15.0048],[78.5154,15.0136],[78.5138,15.0191],[78.5123,15.0411],[78.5157,15.0613],[78.5079,15.0654],[78.5061,15.0704],[78.4975,15.0711],[78.4875,15.0726],[78.4815,15.0721],[78.4804,15.0686],[78.4816,15.0652],[78.4785,15.0628],[78.4797,15.0592],[78.4787,15.0554],[78.4814,15.0521],[78.4875,15.0517],[78.4847,15.0425],[78.4812,15.0449],[78.4796,15.0406],[78.475,15.0379],[78.4709,15.0398],[78.4618,15.0405],[78.4616,15.0346],[78.4582,15.035],[78.4569,15.0321],[78.445,15.0331],[78.4445,15.0356],[78.4348,15.0341],[78.4306,15.0341],[78.4233,15.0322],[78.4179,15.032],[78.4138,15.0103],[78.4132,14.9928],[78.41,14.9744],[78.4013,14.9743],[78.3984,14.9708],[78.3931,14.9719],[78.3923,14.9696],[78.3873,14.971],[78.3803,14.9762],[78.3637,14.9859],[78.3589,14.9876],[78.3515,14.9964],[78.3428,15.0029],[78.3446,15.0094],[78.3495,15.0163],[78.3503,15.0258],[78.3534,15.032],[78.3575,15.0323],[78.3659,15.0298],[78.3692,15.0266],[78.3737,15.036],[78.3776,15.0398],[78.3855,15.0408],[78.3996,15.0499],[78.3781,15.0577],[78.3822,15.0696],[78.3705,15.0729],[78.3642,15.0533],[78.3532,15.0555],[78.3547,15.0631],[78.3491,15.0649],[78.3348,15.0682],[78.3251,15.0735],[78.3125,15.0699],[78.3118,15.0708],[78.3,15.0748],[78.2912,15.0743],[78.2868,15.0727],[78.2807,15.068],[78.279,15.0629],[78.2753,15.0598],[78.275,15.0552],[78.2786,15.0495],[78.2796,15.0421],[78.2838,15.0385],[78.2841,15.0319],[78.2779,15.0288],[78.2605,15.0275],[78.2565,15.0239],[78.25,15.0109],[78.2472,15.0073],[78.2438,15.0006],[78.2361,15.005],[78.2293,14.9859],[78.2246,14.9782],[78.2222,14.9613],[78.2205,14.956],[78.2116,14.9531],[78.2038,14.9548],[78.1961,14.9584],[78.1804,14.9649],[78.1657,14.9645],[78.1572,14.9629],[78.1532,14.9599],[78.1513,14.9493],[78.139,14.9496],[78.1375,14.9487],[78.1375,14.9452],[78.1349,14.9398],[78.1312,14.9349],[78.1267,14.9339],[78.1227,14.9348],[78.1134,14.9324],[78.1087,14.9229],[78.0986,14.8946],[78.0947,14.8852],[78.0955,14.884],[78.093,14.8723],[78.09,14.863],[78.0895,14.8583],[78.1093,14.8545],[78.1139,14.8514],[78.1095,14.8426],[78.1014,14.8177],[78.098,14.8183],[78.0846,14.8239],[78.0833,14.8255],[78.0768,14.8279],[78.0756,14.8169],[78.0728,14.8139],[78.0688,14.8055],[78.0658,14.7978],[78.0614,14.7923],[78.0584,14.7906],[78.0552,14.7841],[78.047,14.7751],[78.0474,14.7712],[78.0541,14.7689],[78.0607,14.7654],[78.0621,14.7627],[78.0696,14.7579],[78.0733,14.7572],[78.0765,14.7531],[78.0779,14.7459],[78.0693,14.7292],[78.0658,14.7216],[78.0637,14.7192],[78.067,14.7162],[78.0779,14.7188],[78.0871,14.7173],[78.0944,14.7141],[78.0954,14.7095],[78.098,14.7091],[78.0968,14.7017],[78.107,14.7002],[78.1099,14.6931],[78.1169,14.6923],[78.1194,14.6935],[78.1196,14.6979],[78.1256,14.6981],[78.135,14.6962],[78.1352,14.6882],[78.1327,14.6763],[78.1299,14.6498],[78.1197,14.6349],[78.1243,14.6306],[78.1222,14.6244],[78.1127,14.6262],[78.1137,14.6289],[78.1045,14.6286],[78.0884,14.6313],[78.0868,14.6213],[78.0852,14.6164],[78.0819,14.613],[78.0812,14.6083],[78.077,14.5983],[78.0746,14.5891],[78.07,14.5814],[78.0676,14.5808],[78.0648,14.573],[78.0593,14.5735],[78.0526,14.5717],[78.0447,14.5677],[78.0395,14.5672],[78.0379,14.5625],[78.0388,14.5564],[78.0444,14.5472],[78.0423,14.5371],[78.0401,14.534],[78.0304,14.5338],[78.0255,14.5349],[78.0223,14.5336],[78.0144,14.5384],[78.0125,14.5368],[78.0008,14.5395],[77.9942,14.5394],[77.9879,14.5404],[77.9829,14.5461],[77.9848,14.5496],[77.9851,14.555],[77.9836,14.565],[77.9823,14.5672],[77.9747,14.5697],[77.9694,14.5767],[77.9671,14.5871],[77.96,14.5807],[77.956,14.5808],[77.9476,14.5747],[77.9441,14.5704],[77.9521,14.5626],[77.9614,14.5603],[77.9635,14.5549],[77.9686,14.5492],[77.9709,14.5452],[77.9772,14.5378],[77.9728,14.5354],[77.9729,14.5318],[77.978,14.5237],[77.9879,14.5148],[77.9949,14.5021],[77.9984,14.4995],[78.0008,14.4895],[78.018,14.4747],[78.0233,14.4711],[78.0331,14.4629],[78.0391,14.4571],[78.0555,14.4422],[78.0644,14.4347],[78.0852,14.4219],[78.0861,14.4155],[78.1075,14.393],[78.1192,14.3878],[78.1378,14.3787],[78.156,14.3658],[78.1588,14.3628],[78.171,14.3548],[78.1784,14.3526],[78.1825,14.353],[78.1888,14.3502],[78.1903,14.3451],[78.1985,14.3386],[78.2072,14.3332],[78.2182,14.3287],[78.2212,14.3246],[78.2201,14.3229],[78.2295,14.3176],[78.2291,14.3156],[78.2409,14.3109],[78.2479,14.3076],[78.2514,14.3087],[78.2538,14.3052],[78.2713,14.305],[78.2774,14.3054],[78.2813,14.302],[78.2828,14.2944],[78.2853,14.2924],[78.2948,14.294],[78.2994,14.2909],[78.313,14.2914],[78.3172,14.294],[78.3217,14.2942],[78.3301,14.2907],[78.3426,14.2895],[78.3434,14.292],[78.3574,14.2936],[78.3644,14.2876],[78.3686,14.2884],[78.3872,14.2804],[78.3952,14.2776],[78.4125,14.2777],[78.4166,14.2785],[78.4208,14.2839],[78.424,14.2743],[78.4222,14.2705],[78.4197,14.2577],[78.4084,14.2272],[78.4099,14.2249],[78.408,14.2204],[78.4064,14.2129],[78.406,14.2018],[78.4103,14.2007],[78.4128,14.1975],[78.4212,14.1969],[78.4228,14.1993],[78.4282,14.1988],[78.4313,14.1931],[78.4304,14.184],[78.4289,14.1811],[78.4242,14.1794],[78.4228,14.1741],[78.4203,14.1708],[78.4207,14.1602],[78.4223,14.1555],[78.4221,14.1491],[78.4248,14.1484],[78.4252,14.1416],[78.43,14.1392],[78.4384,14.1376],[78.4435,14.1385],[78.4494,14.1441],[78.4555,14.1456],[78.4614,14.1483],[78.4667,14.1542],[78.4736,14.1577],[78.4774,14.1608],[78.4791,14.1641],[78.4838,14.1637],[78.4933,14.1659],[78.4983,14.1704],[78.5059,14.1685],[78.5129,14.168],[78.5207,14.17],[78.5251,14.1693],[78.5272,14.1581],[78.5289,14.1533],[78.533,14.1542],[78.5402,14.1538],[78.5482,14.1553],[78.5551,14.1488],[78.554,14.1476],[78.5612,14.1393],[78.5649,14.1363],[78.5472,14.1329],[78.5437,14.1258],[78.5457,14.1224],[78.5514,14.1229],[78.5513,14.1165],[78.5554,14.1165],[78.5585,14.1197],[78.5597,14.115],[78.5667,14.1147],[78.5717,14.1186],[78.5768,14.1259],[78.5762,14.1309],[78.5811,14.1319],[78.5727,14.1391],[78.5702,14.138],[78.563,14.1435],[78.5652,14.1492],[78.5697,14.1549],[78.573,14.1555],[78.5751,14.1598],[78.5744,14.1645],[78.5715,14.1652],[78.5648,14.1601],[78.5667,14.169],[78.5652,14.1745],[78.572,14.1764],[78.5733,14.1793],[78.5824,14.1765],[78.5876,14.1775],[78.5899,14.1835],[78.5907,14.1903],[78.5975,14.1913],[78.5993,14.1954],[78.6053,14.1983],[78.6064,14.2018],[78.6153,14.2047],[78.6265,14.2107],[78.626,14.2154],[78.6234,14.2182],[78.6229,14.2233],[78.6185,14.2265],[78.6128,14.2381],[78.6038,14.244],[78.5989,14.2492],[78.5959,14.2655],[78.5934,14.2732],[78.6008,14.2768],[78.6022,14.2825],[78.6078,14.2833],[78.6099,14.279],[78.6196,14.2827],[78.6276,14.278],[78.6423,14.2714],[78.6498,14.2739],[78.6516,14.27],[78.6597,14.2655],[78.6553,14.2593],[78.652,14.2501],[78.6666,14.2461],[78.6745,14.2473],[78.6815,14.264],[78.6669,14.2784],[78.6681,14.2868],[78.6659,14.2964],[78.674,14.2985],[78.6909,14.2974],[78.7024,14.2948],[78.7154,14.2946],[78.7167,14.2937],[78.7376,14.2949],[78.7486,14.2998],[78.7444,14.3097],[78.7479,14.3095],[78.7498,14.306],[78.7552,14.307],[78.7615,14.3101],[78.7628,14.3146],[78.7695,14.3165],[78.7807,14.3089],[78.7929,14.3034],[78.8018,14.3011],[78.809,14.2961],[78.8137,14.2912],[78.8273,14.292],[78.839,14.2983],[78.8494,14.2974],[78.8602,14.298],[78.8716,14.2977],[78.8718,14.3073],[78.8734,14.3117],[78.88,14.3199],[78.8813,14.3233],[78.8924,14.321],[78.9022,14.3219],[78.9087,14.3034],[78.9115,14.2967],[78.9178,14.2914],[78.9233,14.2845],[78.9286,14.2764],[78.9361,14.2713],[78.9411,14.2712],[78.9698,14.2832],[78.9858,14.2766],[78.9902,14.271],[78.9939,14.2704],[78.9965,14.2766],[78.9996,14.2785],[79.0056,14.2794],[79.0247,14.2902],[79.0272,14.2902],[79.0346,14.2838],[79.0402,14.2818],[79.0458,14.2853],[79.0499,14.2832],[79.0575,14.2842],[79.0632,14.2823],[79.0681,14.2785],[79.0712,14.2784],[79.0766,14.2839],[79.0795,14.2934],[79.0841,14.2981],[79.0901,14.2988],[79.0948,14.301],[79.0947,14.3041],[79.0984,14.3065],[79.1074,14.3045],[79.1187,14.3058],[79.1252,14.3022],[79.1355,14.2999],[79.1349,14.2966],[79.1464,14.2951],[79.1495,14.305],[79.156,14.315],[79.1548,14.3277],[79.1442,14.3295],[79.1349,14.3339],[79.1318,14.3374],[79.1275,14.3475],[79.1209,14.359],[79.1247,14.3644],[79.1208,14.3706],[79.1348,14.3697],[79.1409,14.3714],[79.156,14.3564],[79.1641,14.3563],[79.1781,14.3749],[79.1808,14.3774],[79.1851,14.3777],[79.1867,14.3757],[79.1943,14.3726],[79.2013,14.3619],[79.2004,14.3569],[79.2033,14.3498],[79.2093,14.3539],[79.2134,14.3538],[79.216,14.3559],[79.2163,14.3617],[79.2151,14.3639],[79.2147,14.3759],[79.2177,14.3755],[79.2253,14.3684],[79.2287,14.3699],[79.229,14.378],[79.225,14.3787],[79.2177,14.3823],[79.2144,14.3851],[79.2139,14.3889],[79.2078,14.3969],[79.2169,14.4017],[79.2251,14.4068],[79.2324,14.414],[79.2412,14.4092],[79.2452,14.4051],[79.2489,14.4044],[79.2562,14.3972],[79.2644,14.3926],[79.2735,14.3944],[79.2782,14.3964],[79.2847,14.3886],[79.2867,14.3828],[79.291,14.3772],[79.3062,14.3605],[79.31,14.3692],[79.3141,14.3814],[79.3094,14.3866],[79.3084,14.3908],[79.3027,14.3923],[79.3013,14.402],[79.2999,14.4061],[79.3015,14.4087],[79.3067,14.4124],[79.3066,14.421],[79.3105,14.4267],[79.3084,14.4297],[79.309,14.4378],[79.3105,14.4403],[79.3067,14.4442],[79.3018,14.4541],[79.3024,14.4581],[79.298,14.4616],[79.2999,14.4668],[79.2968,14.4684],[79.2949,14.4748],[79.2895,14.4782],[79.2894,14.4802],[79.2995,14.4843],[79.302,14.486],[79.2931,14.4865],[79.2927,14.4966],[79.2887,14.5005],[79.2856,14.5084],[79.2842,14.5146],[79.2804,14.5228],[79.2782,14.5341],[79.2712,14.5443],[79.2677,14.5523],[79.2589,14.557],[79.2548,14.5624],[79.2484,14.5729],[79.2474,14.5825],[79.244,14.5877],[79.2419,14.5947],[79.236,14.6006],[79.2296,14.6041],[79.2235,14.5965],[79.2199,14.5904],[79.2163,14.5921],[79.213,14.5961],[79.2089,14.6047],[79.2027,14.6063],[79.2,14.6157],[79.1977,14.6171],[79.1891,14.6185],[79.1869,14.6302],[79.1828,14.6407],[79.1814,14.646],[79.1819,14.6515],[79.1867,14.6592],[79.1841,14.6616],[79.1832,14.6657],[79.179,14.6662],[79.1814,14.671],[79.1787,14.6753],[79.1793,14.6807],[79.1737,14.6845],[79.184,14.6909],[79.1855,14.7133],[79.1778,14.7339],[79.1713,14.742],[79.1687,14.7467],[79.1691,14.7535],[79.1662,14.7648],[79.1613,14.7719],[79.1603,14.7827],[79.1558,14.7907],[79.1505,14.7954],[79.1471,14.8135],[79.1443,14.8204],[79.1439,14.8288],[79.1425,14.8336],[79.1407,14.8484],[79.1342,14.8673],[79.1319,14.872],[79.125,14.8784],[79.1079,14.8975],[79.1113,14.9012],[79.1039,14.9009],[79.1012,14.9075],[79.1007,14.9125],[79.0985,14.9196],[79.0926,14.935],[79.0883,14.9567],[79.0874,14.9634],[79.0834,14.9746],[79.081,14.9852],[79.0833,14.9921],[79.0834,14.9958],[79.0868,15.0037],[79.0839,15.0175],[79.0866,15.0345],[79.0861,15.0379],[79.0895,15.0514]]]},"properties":{"district_name":"YSR Kadapa","district_id":"ysr_kadapa","ST_NAME":"Andhra Pradesh"}}]}